State,Year,Month,MonthNum,Date,Revenue
AN,2010,Jan,1,2010-01-01,128373
AN,2010,Feb,2,2010-02-01,155153
AN,2010,Mar,3,2010-03-01,236673
AN,2010,Apr,4,2010-04-01,202346
AN,2010,May,5,2010-05-01,188691
AN,2010,Jun,6,2010-06-01,157565
AN,2010,Jul,7,2010-07-01,165438
AN,2010,Aug,8,2010-08-01,171688
AN,2010,Sep,9,2010-09-01,143486
AN,2010,Oct,10,2010-10-01,140927
AN,2010,Nov,11,2010-11-01,137569
AN,2010,Dec,12,2010-12-01,161406
AN,2011,Jan,1,2011-01-01,142384
AN,2011,Feb,2,2011-02-01,171401
AN,2011,Mar,3,2011-03-01,264966
AN,2011,Apr,4,2011-04-01,207695
AN,2011,May,5,2011-05-01,153342
AN,2011,Jun,6,2011-06-01,133341
AN,2011,Jul,7,2011-07-01,177962
AN,2011,Aug,8,2011-08-01,164090
AN,2011,Sep,9,2011-09-01,156606
AN,2011,Oct,10,2011-10-01,145360
AN,2011,Nov,11,2011-11-01,169214
AN,2011,Dec,12,2011-12-01,152115
AN,2012,Jan,1,2012-01-01,166466
AN,2012,Feb,2,2012-02-01,184545
AN,2012,Mar,3,2012-03-01,265589
AN,2012,Apr,4,2012-04-01,187419
AN,2012,May,5,2012-05-01,195697
AN,2012,Jun,6,2012-06-01,256047
AN,2012,Jul,7,2012-07-01,213285
AN,2012,Aug,8,2012-08-01,162743
AN,2012,Sep,9,2012-09-01,168596
AN,2012,Oct,10,2012-10-01,176243
AN,2012,Nov,11,2012-11-01,115631
AN,2012,Dec,12,2012-12-01,124286
AN,2013,Jan,1,2013-01-01,163000
AN,2013,Feb,2,2013-02-01,168470
AN,2013,Mar,3,2013-03-01,242537
AN,2013,Apr,4,2013-04-01,243494
AN,2013,May,5,2013-05-01,169012
AN,2013,Jun,6,2013-06-01,147787
AN,2013,Jul,7,2013-07-01,196916
AN,2013,Aug,8,2013-08-01,192739
AN,2013,Sep,9,2013-09-01,186119
AN,2013,Oct,10,2013-10-01,221532
AN,2013,Nov,11,2013-11-01,130466
AN,2013,Dec,12,2013-12-01,178360
AN,2014,Jan,1,2014-01-01,157246
AN,2014,Feb,2,2014-02-01,183167
AN,2014,Mar,3,2014-03-01,243716
AN,2014,Apr,4,2014-04-01,216359
AN,2014,May,5,2014-05-01,277500
AN,2014,Jun,6,2014-06-01,164835
AN,2014,Jul,7,2014-07-01,228856
AN,2014,Aug,8,2014-08-01,190776
AN,2014,Sep,9,2014-09-01,252601
AN,2014,Oct,10,2014-10-01,235778
AN,2014,Nov,11,2014-11-01,226448
AN,2014,Dec,12,2014-12-01,255338
AN,2015,Jan,1,2015-01-01,224710
AN,2015,Feb,2,2015-02-01,338343
AN,2015,Mar,3,2015-03-01,372669
AN,2015,Apr,4,2015-04-01,296847
AN,2015,May,5,2015-05-01,232018
AN,2015,Jun,6,2015-06-01,315541
AN,2015,Jul,7,2015-07-01,272140
AN,2015,Aug,8,2015-08-01,274026
AN,2015,Sep,9,2015-09-01,269668
AN,2015,Oct,10,2015-10-01,268497
AN,2015,Nov,11,2015-11-01,247471
AN,2015,Dec,12,2015-12-01,285641
AN,2016,Jan,1,2016-01-01,210750
AN,2016,Feb,2,2016-02-01,284784
AN,2016,Mar,3,2016-03-01,364699
AN,2016,Apr,4,2016-04-01,308437
AN,2016,May,5,2016-05-01,223293
AN,2016,Jun,6,2016-06-01,373293
AN,2016,Jul,7,2016-07-01,233611
AN,2016,Aug,8,2016-08-01,326058
AN,2016,Sep,9,2016-09-01,276251
AN,2016,Oct,10,2016-10-01,324479
AN,2016,Nov,11,2016-11-01,279555
AN,2016,Dec,12,2016-12-01,283507
AN,2017,Jan,1,2017-01-01,305072
AN,2017,Feb,2,2017-02-01,337671
AN,2017,Mar,3,2017-03-01,639253
AN,2017,Apr,4,2017-04-01,332658
AN,2017,May,5,2017-05-01,387935
AN,2017,Jun,6,2017-06-01,728298
AN,2017,Jul,7,2017-07-01,696151
AN,2017,Aug,8,2017-08-01,1039801
AN,2017,Sep,9,2017-09-01,749453
AN,2017,Oct,10,2017-10-01,1007147
AN,2017,Nov,11,2017-11-01,716913
AN,2017,Dec,12,2017-12-01,659430
AN,2018,Jan,1,2018-01-01,724505
AN,2018,Feb,2,2018-02-01,792519
AN,2018,Mar,3,2018-03-01,920592
AN,2018,Apr,4,2018-04-01,719416
AN,2018,May,5,2018-05-01,680554
AN,2018,Jun,6,2018-06-01,634822
AN,2018,Jul,7,2018-07-01,995542
AN,2018,Aug,8,2018-08-01,998700
AN,2018,Sep,9,2018-09-01,1013141
AN,2018,Oct,10,2018-10-01,1446310
AN,2018,Nov,11,2018-11-01,1201772
AN,2018,Dec,12,2018-12-01,1232838
AN,2019,Jan,1,2019-01-01,1539911
AN,2019,Feb,2,2019-02-01,1489077
AN,2019,Mar,3,2019-03-01,1373268
AN,2019,Apr,4,2019-04-01,1486068
AN,2019,May,5,2019-05-01,1117186
AN,2019,Jun,6,2019-06-01,959750
AN,2019,Jul,7,2019-07-01,1810755
AN,2019,Aug,8,2019-08-01,1475196
AN,2019,Sep,9,2019-09-01,1056409
AN,2019,Oct,10,2019-10-01,1535620
AN,2019,Nov,11,2019-11-01,1582715
AN,2019,Dec,12,2019-12-01,1509778
AN,2020,Jan,1,2020-01-01,1450923
AN,2020,Feb,2,2020-02-01,1003292
AN,2020,Mar,3,2020-03-01,663536
AN,2020,Apr,4,2020-04-01,118225
AN,2020,May,5,2020-05-01,88838
AN,2020,Jun,6,2020-06-01,533764
AN,2020,Jul,7,2020-07-01,1106189
AN,2020,Aug,8,2020-08-01,700
AN,2020,Sep,9,2020-09-01,92885
AN,2020,Oct,10,2020-10-01,477269
AN,2020,Nov,11,2020-11-01,869428
AN,2020,Dec,12,2020-12-01,1452062
AN,2021,Jan,1,2021-01-01,765188
AN,2021,Feb,2,2021-02-01,800579
AN,2021,Mar,3,2021-03-01,1203654
AN,2021,Apr,4,2021-04-01,799391
AN,2021,May,5,2021-05-01,12364
AN,2021,Jun,6,2021-06-01,21391
AN,2021,Jul,7,2021-07-01,251801
AN,2021,Aug,8,2021-08-01,284707
AN,2021,Sep,9,2021-09-01,565519
AN,2021,Oct,10,2021-10-01,625163
AN,2021,Nov,11,2021-11-01,1412021
AN,2021,Dec,12,2021-12-01,3228098
AN,2022,Jan,1,2022-01-01,2838711
AN,2022,Feb,2,2022-02-01,1198099
AN,2022,Mar,3,2022-03-01,1452210
AN,2022,Apr,4,2022-04-01,1681346
AN,2022,May,5,2022-05-01,1518563
AN,2022,Jun,6,2022-06-01,3641692
AN,2022,Jul,7,2022-07-01,1496593
AN,2022,Aug,8,2022-08-01,1748422
AN,2022,Sep,9,2022-09-01,1738183
AN,2022,Oct,10,2022-10-01,2122898
AN,2022,Nov,11,2022-11-01,2451544
AN,2022,Dec,12,2022-12-01,3429764
AN,2023,Jan,1,2023-01-01,3555394
AN,2023,Feb,2,2023-02-01,2995429
AN,2023,Mar,3,2023-03-01,3846314
AN,2023,Apr,4,2023-04-01,3808638
AN,2023,May,5,2023-05-01,2494831
AN,2023,Jun,6,2023-06-01,2224975
AN,2023,Jul,7,2023-07-01,2710805
AN,2023,Aug,8,2023-08-01,2421730
AN,2023,Sep,9,2023-09-01,2346316
AN,2023,Oct,10,2023-10-01,2536908
AN,2023,Nov,11,2023-11-01,3676033
AN,2023,Dec,12,2023-12-01,4150746
AN,2024,Jan,1,2024-01-01,3839126
AN,2024,Feb,2,2024-02-01,4273945
AN,2024,Mar,3,2024-03-01,3217700
AN,2024,Apr,4,2024-04-01,3351512
AN,2024,May,5,2024-05-01,2883008
AN,2024,Jun,6,2024-06-01,1679447
AN,2024,Jul,7,2024-07-01,2445351
AN,2024,Aug,8,2024-08-01,3053062
AN,2024,Sep,9,2024-09-01,2307806
AN,2024,Oct,10,2024-10-01,2771775
AN,2024,Nov,11,2024-11-01,3653402
AN,2024,Dec,12,2024-12-01,4441055
AN,2025,Jan,1,2025-01-01,4210775
AN,2025,Feb,2,2025-02-01,3533880
AN,2025,Mar,3,2025-03-01,3993962
AN,2025,Apr,4,2025-04-01,3168244
AN,2025,May,5,2025-05-01,3051373
AN,2025,Jun,6,2025-06-01,2536312
AN,2025,Jul,7,2025-07-01,3806601
AN,2025,Aug,8,2025-08-01,3077705
AN,2025,Sep,9,2025-09-01,3304657
AN,2025,Oct,10,2025-10-01,3588064
AN,2025,Nov,11,2025-11-01,2842614
AN,2025,Dec,12,2025-12-01,4727634
AN,2026,Jan,1,2026-01-01,4374761
AN,2026,Feb,2,2026-02-01,4529637
AN,2026,Mar,3,2026-03-01,5191836
AN,2026,Apr,4,2026-04-01,3945585
AN,2026,May,5,2026-05-01,3069503
AN,2026,Jun,6,2026-06-01,3316100
AN,2026,Jul,7,2026-07-01,3896935
AN,2026,Aug,8,2026-08-01,956897
AP,2010,Jan,1,2010-01-01,837317447
AP,2010,Feb,2,2010-02-01,111333844
AP,2010,Mar,3,2010-03-01,103909259
AP,2010,Apr,4,2010-04-01,966357349
AP,2010,May,5,2010-05-01,69945346
AP,2010,Jun,6,2010-06-01,77366888
AP,2010,Jul,7,2010-07-01,932041344
AP,2010,Aug,8,2010-08-01,72839468
AP,2010,Sep,9,2010-09-01,50585474
AP,2010,Oct,10,2010-10-01,900209999
AP,2010,Nov,11,2010-11-01,55285123
AP,2010,Dec,12,2010-12-01,60475993
AP,2011,Jan,1,2011-01-01,925900285
AP,2011,Feb,2,2011-02-01,75266159
AP,2011,Mar,3,2011-03-01,64524257
AP,2011,Apr,4,2011-04-01,1075344985
AP,2011,May,5,2011-05-01,65107772
AP,2011,Jun,6,2011-06-01,46582065
AP,2011,Jul,7,2011-07-01,934591337
AP,2011,Aug,8,2011-08-01,57933439
AP,2011,Sep,9,2011-09-01,43224637
AP,2011,Oct,10,2011-10-01,929000365
AP,2011,Nov,11,2011-11-01,108515868
AP,2011,Dec,12,2011-12-01,41616118
AP,2012,Jan,1,2012-01-01,978007994
AP,2012,Feb,2,2012-02-01,52626030
AP,2012,Mar,3,2012-03-01,46763923
AP,2012,Apr,4,2012-04-01,1160809491
AP,2012,May,5,2012-05-01,58137053
AP,2012,Jun,6,2012-06-01,46206276
AP,2012,Jul,7,2012-07-01,1033933443
AP,2012,Aug,8,2012-08-01,62052669
AP,2012,Sep,9,2012-09-01,45777501
AP,2012,Oct,10,2012-10-01,1064100217
AP,2012,Nov,11,2012-11-01,59225439
AP,2012,Dec,12,2012-12-01,48601698
AP,2013,Jan,1,2013-01-01,999860843
AP,2013,Feb,2,2013-02-01,118063113
AP,2013,Mar,3,2013-03-01,239994368
AP,2013,Apr,4,2013-04-01,1279608929
AP,2013,May,5,2013-05-01,262874202
AP,2013,Jun,6,2013-06-01,229194354
AP,2013,Jul,7,2013-07-01,994170771
AP,2013,Aug,8,2013-08-01,129321981
AP,2013,Sep,9,2013-09-01,17493757
AP,2013,Oct,10,2013-10-01,987224476
AP,2013,Nov,11,2013-11-01,280381489
AP,2013,Dec,12,2013-12-01,215664491
AP,2014,Jan,1,2014-01-01,1002773836
AP,2014,Feb,2,2014-02-01,163120859
AP,2014,Mar,3,2014-03-01,197500748
AP,2014,Apr,4,2014-04-01,1146982424
AP,2014,May,5,2014-05-01,169967674
AP,2014,Jun,6,2014-06-01,154718740
AP,2014,Jul,7,2014-07-01,1007834748
AP,2014,Aug,8,2014-08-01,160125759
AP,2014,Sep,9,2014-09-01,130886343
AP,2014,Oct,10,2014-10-01,962566467
AP,2014,Nov,11,2014-11-01,167237967
AP,2014,Dec,12,2014-12-01,147782390
AP,2015,Jan,1,2015-01-01,962248216
AP,2015,Feb,2,2015-02-01,134457190
AP,2015,Mar,3,2015-03-01,125871938
AP,2015,Apr,4,2015-04-01,1202007003
AP,2015,May,5,2015-05-01,158242579
AP,2015,Jun,6,2015-06-01,128272998
AP,2015,Jul,7,2015-07-01,999785081
AP,2015,Aug,8,2015-08-01,128167677
AP,2015,Sep,9,2015-09-01,99987004
AP,2015,Oct,10,2015-10-01,1048413727
AP,2015,Nov,11,2015-11-01,142927163
AP,2015,Dec,12,2015-12-01,109583744
AP,2016,Jan,1,2016-01-01,1014029113
AP,2016,Feb,2,2016-02-01,155440815
AP,2016,Mar,3,2016-03-01,121438515
AP,2016,Apr,4,2016-04-01,1837735334
AP,2016,May,5,2016-05-01,220581104
AP,2016,Jun,6,2016-06-01,142862926
AP,2016,Jul,7,2016-07-01,1148234444
AP,2016,Aug,8,2016-08-01,150860681
AP,2016,Sep,9,2016-09-01,100682317
AP,2016,Oct,10,2016-10-01,1176600671
AP,2016,Nov,11,2016-11-01,164453611
AP,2016,Dec,12,2016-12-01,129798453
AP,2017,Jan,1,2017-01-01,1123073904
AP,2017,Feb,2,2017-02-01,193063401
AP,2017,Mar,3,2017-03-01,151286450
AP,2017,Apr,4,2017-04-01,2102290543
AP,2017,May,5,2017-05-01,244770223
AP,2017,Jun,6,2017-06-01,147564447
AP,2017,Jul,7,2017-07-01,1325431986
AP,2017,Aug,8,2017-08-01,173131507
AP,2017,Sep,9,2017-09-01,116916342
AP,2017,Oct,10,2017-10-01,1242432652
AP,2017,Nov,11,2017-11-01,195318141
AP,2017,Dec,12,2017-12-01,138866484
AP,2018,Jan,1,2018-01-01,1239139347
AP,2018,Feb,2,2018-02-01,182986201
AP,2018,Mar,3,2018-03-01,139540187
AP,2018,Apr,4,2018-04-01,1806086412
AP,2018,May,5,2018-05-01,279340231
AP,2018,Jun,6,2018-06-01,160266171
AP,2018,Jul,7,2018-07-01,1895125135
AP,2018,Aug,8,2018-08-01,270238784
AP,2018,Sep,9,2018-09-01,165171767
AP,2018,Oct,10,2018-10-01,1538414044
AP,2018,Nov,11,2018-11-01,374141928
AP,2018,Dec,12,2018-12-01,381856088
AP,2019,Jan,1,2019-01-01,1687615015
AP,2019,Feb,2,2019-02-01,257452394
AP,2019,Mar,3,2019-03-01,194523681
AP,2019,Apr,4,2019-04-01,1960962313
AP,2019,May,5,2019-05-01,298936731
AP,2019,Jun,6,2019-06-01,201837978
AP,2019,Jul,7,2019-07-01,1595635123
AP,2019,Aug,8,2019-08-01,233839141
AP,2019,Sep,9,2019-09-01,161246871
AP,2019,Oct,10,2019-10-01,1537253901
AP,2019,Nov,11,2019-11-01,236149118
AP,2019,Dec,12,2019-12-01,178609082
AP,2020,Jan,1,2020-01-01,1457202696
AP,2020,Feb,2,2020-02-01,225533458
AP,2020,Mar,3,2020-03-01,138669096
AP,2020,Apr,4,2020-04-01,265033499
AP,2020,May,5,2020-05-01,273623095
AP,2020,Jun,6,2020-06-01,1278234167
AP,2020,Jul,7,2020-07-01,914793437
AP,2020,Aug,8,2020-08-01,145586930
AP,2020,Sep,9,2020-09-01,279005883
AP,2020,Oct,10,2020-10-01,1328363981
AP,2020,Nov,11,2020-11-01,304557651
AP,2020,Dec,12,2020-12-01,224393698
AP,2021,Jan,1,2021-01-01,1518835838
AP,2021,Feb,2,2021-02-01,204249069
AP,2021,Mar,3,2021-03-01,280629084
AP,2021,Apr,4,2021-04-01,965118118
AP,2021,May,5,2021-05-01,171786861
AP,2021,Jun,6,2021-06-01,567531190
AP,2021,Jul,7,2021-07-01,687274014
AP,2021,Aug,8,2021-08-01,713376891
AP,2021,Sep,9,2021-09-01,260224418
AP,2021,Oct,10,2021-10-01,1268919426
AP,2021,Nov,11,2021-11-01,353129069
AP,2021,Dec,12,2021-12-01,224112451
AP,2022,Jan,1,2022-01-01,1406893983
AP,2022,Feb,2,2022-02-01,287008268
AP,2022,Mar,3,2022-03-01,235705517
AP,2022,Apr,4,2022-04-01,2086303352
AP,2022,May,5,2022-05-01,325506786
AP,2022,Jun,6,2022-06-01,221220224
AP,2022,Jul,7,2022-07-01,1467536051
AP,2022,Aug,8,2022-08-01,265769931
AP,2022,Sep,9,2022-09-01,237708176
AP,2022,Oct,10,2022-10-01,1568590651
AP,2022,Nov,11,2022-11-01,272291676
AP,2022,Dec,12,2022-12-01,242507565
AP,2023,Jan,1,2023-01-01,1477948114
AP,2023,Feb,2,2023-02-01,280971585
AP,2023,Mar,3,2023-03-01,274250615
AP,2023,Apr,4,2023-04-01,2232992824
AP,2023,May,5,2023-05-01,376823851
AP,2023,Jun,6,2023-06-01,263650244
AP,2023,Jul,7,2023-07-01,1907313637
AP,2023,Aug,8,2023-08-01,326369765
AP,2023,Sep,9,2023-09-01,223223125
AP,2023,Oct,10,2023-10-01,2010288944
AP,2023,Nov,11,2023-11-01,309891130
AP,2023,Dec,12,2023-12-01,245115286
AP,2024,Jan,1,2024-01-01,1816836979
AP,2024,Feb,2,2024-02-01,433024590
AP,2024,Mar,3,2024-03-01,351532721
AP,2024,Apr,4,2024-04-01,5407058785
AP,2024,May,5,2024-05-01,594261186
AP,2024,Jun,6,2024-06-01,381527094
AP,2024,Jul,7,2024-07-01,2321332841
AP,2024,Aug,8,2024-08-01,368210190
AP,2024,Sep,9,2024-09-01,218128568
AP,2024,Oct,10,2024-10-01,2127844068
AP,2024,Nov,11,2024-11-01,410898505
AP,2024,Dec,12,2024-12-01,330533260
AP,2025,Jan,1,2025-01-01,2071401885
AP,2025,Feb,2,2025-02-01,390061999
AP,2025,Mar,3,2025-03-01,423640276
AP,2025,Apr,4,2025-04-01,2808269225
AP,2025,May,5,2025-05-01,451800932
AP,2025,Jun,6,2025-06-01,367341176
AP,2025,Jul,7,2025-07-01,2386546828
AP,2025,Aug,8,2025-08-01,397819308
AP,2025,Sep,9,2025-09-01,406807748
AP,2025,Oct,10,2025-10-01,2308551463
AP,2025,Nov,11,2025-11-01,465649219
AP,2025,Dec,12,2025-12-01,431867108
AP,2026,Jan,1,2026-01-01,2214597759
AP,2026,Feb,2,2026-02-01,489219552
AP,2026,Mar,3,2026-03-01,521214750
AP,2026,Apr,4,2026-04-01,2862703204
AP,2026,May,5,2026-05-01,496327098
AP,2026,Jun,6,2026-06-01,474749842
AP,2026,Jul,7,2026-07-01,2320051541
AP,2026,Aug,8,2026-08-01,102511478
AR,2010,Jan,1,2010-01-01,25400
AR,2010,Feb,2,2010-02-01,43400
AR,2010,Mar,3,2010-03-01,272476
AR,2010,Apr,4,2010-04-01,160095
AR,2010,May,5,2010-05-01,135309
AR,2010,Jun,6,2010-06-01,219052
AR,2010,Jul,7,2010-07-01,173178
AR,2010,Aug,8,2010-08-01,290264
AR,2010,Sep,9,2010-09-01,189235
AR,2010,Oct,10,2010-10-01,149353
AR,2010,Nov,11,2010-11-01,186484
AR,2010,Dec,12,2010-12-01,203977
AR,2011,Jan,1,2011-01-01,505824
AR,2011,Feb,2,2011-02-01,187703
AR,2011,Mar,3,2011-03-01,581286
AR,2011,Apr,4,2011-04-01,332139
AR,2011,May,5,2011-05-01,252131
AR,2011,Jun,6,2011-06-01,297712
AR,2011,Jul,7,2011-07-01,275738
AR,2011,Aug,8,2011-08-01,391889
AR,2011,Sep,9,2011-09-01,236737
AR,2011,Oct,10,2011-10-01,311451
AR,2011,Nov,11,2011-11-01,851963
AR,2011,Dec,12,2011-12-01,611546
AR,2012,Jan,1,2012-01-01,451029
AR,2012,Feb,2,2012-02-01,566659
AR,2012,Mar,3,2012-03-01,575470
AR,2012,Apr,4,2012-04-01,516897
AR,2012,May,5,2012-05-01,340551
AR,2012,Jun,6,2012-06-01,354794
AR,2012,Jul,7,2012-07-01,517412
AR,2012,Aug,8,2012-08-01,494566
AR,2012,Sep,9,2012-09-01,498513
AR,2012,Oct,10,2012-10-01,668546
AR,2012,Nov,11,2012-11-01,348472
AR,2012,Dec,12,2012-12-01,413120
AR,2013,Jan,1,2013-01-01,651299
AR,2013,Feb,2,2013-02-01,6018684
AR,2013,Mar,3,2013-03-01,477999
AR,2013,Apr,4,2013-04-01,792027
AR,2013,May,5,2013-05-01,542877
AR,2013,Jun,6,2013-06-01,383228
AR,2013,Jul,7,2013-07-01,679587
AR,2013,Aug,8,2013-08-01,620877
AR,2013,Sep,9,2013-09-01,670479
AR,2013,Oct,10,2013-10-01,437086
AR,2013,Nov,11,2013-11-01,677057
AR,2013,Dec,12,2013-12-01,733399
AR,2014,Jan,1,2014-01-01,464636
AR,2014,Feb,2,2014-02-01,653146
AR,2014,Mar,3,2014-03-01,866096
AR,2014,Apr,4,2014-04-01,746834
AR,2014,May,5,2014-05-01,734692
AR,2014,Jun,6,2014-06-01,1170298
AR,2014,Jul,7,2014-07-01,939930
AR,2014,Aug,8,2014-08-01,649799
AR,2014,Sep,9,2014-09-01,958243
AR,2014,Oct,10,2014-10-01,526992
AR,2014,Nov,11,2014-11-01,405380
AR,2014,Dec,12,2014-12-01,707123
AR,2015,Jan,1,2015-01-01,650553
AR,2015,Feb,2,2015-02-01,572831
AR,2015,Mar,3,2015-03-01,885332
AR,2015,Apr,4,2015-04-01,622552
AR,2015,May,5,2015-05-01,789625
AR,2015,Jun,6,2015-06-01,763533
AR,2015,Jul,7,2015-07-01,772132
AR,2015,Aug,8,2015-08-01,689343
AR,2015,Sep,9,2015-09-01,956801
AR,2015,Oct,10,2015-10-01,741252
AR,2015,Nov,11,2015-11-01,987056
AR,2015,Dec,12,2015-12-01,1220410
AR,2016,Jan,1,2016-01-01,952194
AR,2016,Feb,2,2016-02-01,1765941
AR,2016,Mar,3,2016-03-01,1068579
AR,2016,Apr,4,2016-04-01,2243537
AR,2016,May,5,2016-05-01,2150170
AR,2016,Jun,6,2016-06-01,1174666
AR,2016,Jul,7,2016-07-01,1129807
AR,2016,Aug,8,2016-08-01,1530905
AR,2016,Sep,9,2016-09-01,1664297
AR,2016,Oct,10,2016-10-01,1761677
AR,2016,Nov,11,2016-11-01,1531349
AR,2016,Dec,12,2016-12-01,4498130
AR,2017,Jan,1,2017-01-01,3077147
AR,2017,Feb,2,2017-02-01,3358549
AR,2017,Mar,3,2017-03-01,3295602
AR,2017,Apr,4,2017-04-01,3026424
AR,2017,May,5,2017-05-01,2444964
AR,2017,Jun,6,2017-06-01,2768138
AR,2017,Jul,7,2017-07-01,2437587
AR,2017,Aug,8,2017-08-01,2131800
AR,2017,Sep,9,2017-09-01,2518628
AR,2017,Oct,10,2017-10-01,24264890
AR,2017,Nov,11,2017-11-01,2202047
AR,2017,Dec,12,2017-12-01,4284106
AR,2018,Jan,1,2018-01-01,3905512
AR,2018,Feb,2,2018-02-01,3768247
AR,2018,Mar,3,2018-03-01,4254905
AR,2018,Apr,4,2018-04-01,3956035
AR,2018,May,5,2018-05-01,4215543
AR,2018,Jun,6,2018-06-01,6932510
AR,2018,Jul,7,2018-07-01,6211802
AR,2018,Aug,8,2018-08-01,4056356
AR,2018,Sep,9,2018-09-01,3387778
AR,2018,Oct,10,2018-10-01,3437971
AR,2018,Nov,11,2018-11-01,4044421
AR,2018,Dec,12,2018-12-01,7978111
AR,2019,Jan,1,2019-01-01,9491312
AR,2019,Feb,2,2019-02-01,10399713
AR,2019,Mar,3,2019-03-01,14740384
AR,2019,Apr,4,2019-04-01,4125818
AR,2019,May,5,2019-05-01,10124486
AR,2019,Jun,6,2019-06-01,6562830
AR,2019,Jul,7,2019-07-01,8779745
AR,2019,Aug,8,2019-08-01,4838033
AR,2019,Sep,9,2019-09-01,5299721
AR,2019,Oct,10,2019-10-01,5912174
AR,2019,Nov,11,2019-11-01,7327123
AR,2019,Dec,12,2019-12-01,5625517
AR,2020,Jan,1,2020-01-01,7494950
AR,2020,Feb,2,2020-02-01,8026213
AR,2020,Mar,3,2020-03-01,12682931
AR,2020,Apr,4,2020-04-01,1541951
AR,2020,May,5,2020-05-01,3198803
AR,2020,Jun,6,2020-06-01,5364144
AR,2020,Jul,7,2020-07-01,3605159
AR,2020,Aug,8,2020-08-01,3943768
AR,2020,Sep,9,2020-09-01,5204909
AR,2020,Oct,10,2020-10-01,6316231
AR,2020,Nov,11,2020-11-01,8844916
AR,2020,Dec,12,2020-12-01,9421058
AR,2021,Jan,1,2021-01-01,8604742
AR,2021,Feb,2,2021-02-01,7935284
AR,2021,Mar,3,2021-03-01,10851345
AR,2021,Apr,4,2021-04-01,6514469
AR,2021,May,5,2021-05-01,3678959
AR,2021,Jun,6,2021-06-01,9104191
AR,2021,Jul,7,2021-07-01,9345757
AR,2021,Aug,8,2021-08-01,8597182
AR,2021,Sep,9,2021-09-01,11015944
AR,2021,Oct,10,2021-10-01,12313986
AR,2021,Nov,11,2021-11-01,12448047
AR,2021,Dec,12,2021-12-01,14722771
AR,2022,Jan,1,2022-01-01,12820602
AR,2022,Feb,2,2022-02-01,17344985
AR,2022,Mar,3,2022-03-01,19771568
AR,2022,Apr,4,2022-04-01,19751855
AR,2022,May,5,2022-05-01,18048198
AR,2022,Jun,6,2022-06-01,16255220
AR,2022,Jul,7,2022-07-01,15296397
AR,2022,Aug,8,2022-08-01,16357080
AR,2022,Sep,9,2022-09-01,13075772
AR,2022,Oct,10,2022-10-01,13113672
AR,2022,Nov,11,2022-11-01,19021718
AR,2022,Dec,12,2022-12-01,15184142
AR,2023,Jan,1,2023-01-01,14986594
AR,2023,Feb,2,2023-02-01,13754352
AR,2023,Mar,3,2023-03-01,20278633
AR,2023,Apr,4,2023-04-01,14574515
AR,2023,May,5,2023-05-01,22641371
AR,2023,Jun,6,2023-06-01,18423003
AR,2023,Jul,7,2023-07-01,14289283
AR,2023,Aug,8,2023-08-01,17200000
AR,2023,Sep,9,2023-09-01,20111369
AR,2023,Oct,10,2023-10-01,19267911
AR,2023,Nov,11,2023-11-01,18602438
AR,2023,Dec,12,2023-12-01,21232656
AR,2024,Jan,1,2024-01-01,19843297
AR,2024,Feb,2,2024-02-01,25293429
AR,2024,Mar,3,2024-03-01,25987752
AR,2024,Apr,4,2024-04-01,22507264
AR,2024,May,5,2024-05-01,34448967
AR,2024,Jun,6,2024-06-01,23129019
AR,2024,Jul,7,2024-07-01,18926684
AR,2024,Aug,8,2024-08-01,23652810
AR,2024,Sep,9,2024-09-01,20257603
AR,2024,Oct,10,2024-10-01,29237528
AR,2024,Nov,11,2024-11-01,28203134
AR,2024,Dec,12,2024-12-01,35387812
AR,2025,Jan,1,2025-01-01,28455181
AR,2025,Feb,2,2025-02-01,28981830
AR,2025,Mar,3,2025-03-01,35329575
AR,2025,Apr,4,2025-04-01,33791632
AR,2025,May,5,2025-05-01,36306630
AR,2025,Jun,6,2025-06-01,26802440
AR,2025,Jul,7,2025-07-01,30132211
AR,2025,Aug,8,2025-08-01,33483484
AR,2025,Sep,9,2025-09-01,34215164
AR,2025,Oct,10,2025-10-01,37142669
AR,2025,Nov,11,2025-11-01,35917704
AR,2025,Dec,12,2025-12-01,36821950
AR,2026,Jan,1,2026-01-01,35122236
AR,2026,Feb,2,2026-02-01,43477021
AR,2026,Mar,3,2026-03-01,43084648
AR,2026,Apr,4,2026-04-01,34018150
AR,2026,May,5,2026-05-01,29549298
AR,2026,Jun,6,2026-06-01,28605348
AR,2026,Jul,7,2026-07-01,31050420
AR,2026,Aug,8,2026-08-01,6015999
AS,2010,Jan,1,2010-01-01,8252884
AS,2010,Feb,2,2010-02-01,6577436
AS,2010,Mar,3,2010-03-01,11941169
AS,2010,Apr,4,2010-04-01,9683583
AS,2010,May,5,2010-05-01,6395993
AS,2010,Jun,6,2010-06-01,6782345
AS,2010,Jul,7,2010-07-01,9270897
AS,2010,Aug,8,2010-08-01,5607513
AS,2010,Sep,9,2010-09-01,8553567
AS,2010,Oct,10,2010-10-01,14006413
AS,2010,Nov,11,2010-11-01,7377741
AS,2010,Dec,12,2010-12-01,13696332
AS,2011,Jan,1,2011-01-01,14461688
AS,2011,Feb,2,2011-02-01,10675313
AS,2011,Mar,3,2011-03-01,17732464
AS,2011,Apr,4,2011-04-01,18886983
AS,2011,May,5,2011-05-01,9810503
AS,2011,Jun,6,2011-06-01,19281830
AS,2011,Jul,7,2011-07-01,19062623
AS,2011,Aug,8,2011-08-01,15243713
AS,2011,Sep,9,2011-09-01,18111965
AS,2011,Oct,10,2011-10-01,15944214
AS,2011,Nov,11,2011-11-01,17932997
AS,2011,Dec,12,2011-12-01,22995131
AS,2012,Jan,1,2012-01-01,28617000
AS,2012,Feb,2,2012-02-01,21855848
AS,2012,Mar,3,2012-03-01,34004121
AS,2012,Apr,4,2012-04-01,31847735
AS,2012,May,5,2012-05-01,20239560
AS,2012,Jun,6,2012-06-01,27883193
AS,2012,Jul,7,2012-07-01,33317333
AS,2012,Aug,8,2012-08-01,18852801
AS,2012,Sep,9,2012-09-01,29044709
AS,2012,Oct,10,2012-10-01,40793113
AS,2012,Nov,11,2012-11-01,23083152
AS,2012,Dec,12,2012-12-01,33839874
AS,2013,Jan,1,2013-01-01,37667492
AS,2013,Feb,2,2013-02-01,22768721
AS,2013,Mar,3,2013-03-01,39264733
AS,2013,Apr,4,2013-04-01,54601879
AS,2013,May,5,2013-05-01,26968255
AS,2013,Jun,6,2013-06-01,32741390
AS,2013,Jul,7,2013-07-01,39132550
AS,2013,Aug,8,2013-08-01,15054358
AS,2013,Sep,9,2013-09-01,26872359
AS,2013,Oct,10,2013-10-01,66217527
AS,2013,Nov,11,2013-11-01,20353329
AS,2013,Dec,12,2013-12-01,35146643
AS,2014,Jan,1,2014-01-01,48079179
AS,2014,Feb,2,2014-02-01,20003763
AS,2014,Mar,3,2014-03-01,46110382
AS,2014,Apr,4,2014-04-01,50696829
AS,2014,May,5,2014-05-01,23359402
AS,2014,Jun,6,2014-06-01,31599376
AS,2014,Jul,7,2014-07-01,45363229
AS,2014,Aug,8,2014-08-01,18414094
AS,2014,Sep,9,2014-09-01,33977317
AS,2014,Oct,10,2014-10-01,44630056
AS,2014,Nov,11,2014-11-01,33835861
AS,2014,Dec,12,2014-12-01,46826410
AS,2015,Jan,1,2015-01-01,57821108
AS,2015,Feb,2,2015-02-01,34123614
AS,2015,Mar,3,2015-03-01,76345367
AS,2015,Apr,4,2015-04-01,65112303
AS,2015,May,5,2015-05-01,27548085
AS,2015,Jun,6,2015-06-01,41398835
AS,2015,Jul,7,2015-07-01,83787058
AS,2015,Aug,8,2015-08-01,26361681
AS,2015,Sep,9,2015-09-01,32020896
AS,2015,Oct,10,2015-10-01,128214329
AS,2015,Nov,11,2015-11-01,26176715
AS,2015,Dec,12,2015-12-01,57263375
AS,2016,Jan,1,2016-01-01,94680859
AS,2016,Feb,2,2016-02-01,37168821
AS,2016,Mar,3,2016-03-01,85656267
AS,2016,Apr,4,2016-04-01,279497916
AS,2016,May,5,2016-05-01,40519334
AS,2016,Jun,6,2016-06-01,67627743
AS,2016,Jul,7,2016-07-01,75626837
AS,2016,Aug,8,2016-08-01,37267685
AS,2016,Sep,9,2016-09-01,66055472
AS,2016,Oct,10,2016-10-01,85068941
AS,2016,Nov,11,2016-11-01,78299367
AS,2016,Dec,12,2016-12-01,82714977
AS,2017,Jan,1,2017-01-01,107083128
AS,2017,Feb,2,2017-02-01,83279330
AS,2017,Mar,3,2017-03-01,174452931
AS,2017,Apr,4,2017-04-01,156599360
AS,2017,May,5,2017-05-01,245930007
AS,2017,Jun,6,2017-06-01,86867117
AS,2017,Jul,7,2017-07-01,119380349
AS,2017,Aug,8,2017-08-01,71602562
AS,2017,Sep,9,2017-09-01,69216957
AS,2017,Oct,10,2017-10-01,158566896
AS,2017,Nov,11,2017-11-01,93102845
AS,2017,Dec,12,2017-12-01,135519177
AS,2018,Jan,1,2018-01-01,149101794
AS,2018,Feb,2,2018-02-01,104096925
AS,2018,Mar,3,2018-03-01,211286366
AS,2018,Apr,4,2018-04-01,157854151
AS,2018,May,5,2018-05-01,97230614
AS,2018,Jun,6,2018-06-01,129611250
AS,2018,Jul,7,2018-07-01,128574032
AS,2018,Aug,8,2018-08-01,77816384
AS,2018,Sep,9,2018-09-01,121284192
AS,2018,Oct,10,2018-10-01,145997879
AS,2018,Nov,11,2018-11-01,104269378
AS,2018,Dec,12,2018-12-01,167122057
AS,2019,Jan,1,2019-01-01,158882700
AS,2019,Feb,2,2019-02-01,141106249
AS,2019,Mar,3,2019-03-01,265398221
AS,2019,Apr,4,2019-04-01,215649172
AS,2019,May,5,2019-05-01,133719895
AS,2019,Jun,6,2019-06-01,156983007
AS,2019,Jul,7,2019-07-01,191285563
AS,2019,Aug,8,2019-08-01,124336719
AS,2019,Sep,9,2019-09-01,208493993
AS,2019,Oct,10,2019-10-01,264638428
AS,2019,Nov,11,2019-11-01,180940767
AS,2019,Dec,12,2019-12-01,196231056
AS,2020,Jan,1,2020-01-01,227542894
AS,2020,Feb,2,2020-02-01,219548546
AS,2020,Mar,3,2020-03-01,289007732
AS,2020,Apr,4,2020-04-01,4911566
AS,2020,May,5,2020-05-01,51565686
AS,2020,Jun,6,2020-06-01,172867952
AS,2020,Jul,7,2020-07-01,108470414
AS,2020,Aug,8,2020-08-01,126843634
AS,2020,Sep,9,2020-09-01,122964363
AS,2020,Oct,10,2020-10-01,185501383
AS,2020,Nov,11,2020-11-01,143323772
AS,2020,Dec,12,2020-12-01,330497063
AS,2021,Jan,1,2021-01-01,234400964
AS,2021,Feb,2,2021-02-01,164964587
AS,2021,Mar,3,2021-03-01,356987197
AS,2021,Apr,4,2021-04-01,202910853
AS,2021,May,5,2021-05-01,44297190
AS,2021,Jun,6,2021-06-01,79364249
AS,2021,Jul,7,2021-07-01,144756726
AS,2021,Aug,8,2021-08-01,155658929
AS,2021,Sep,9,2021-09-01,253276994
AS,2021,Oct,10,2021-10-01,247374069
AS,2021,Nov,11,2021-11-01,189186758
AS,2021,Dec,12,2021-12-01,293235569
AS,2022,Jan,1,2022-01-01,315595328
AS,2022,Feb,2,2022-02-01,404285882
AS,2022,Mar,3,2022-03-01,882171827
AS,2022,Apr,4,2022-04-01,352082098
AS,2022,May,5,2022-05-01,185364330
AS,2022,Jun,6,2022-06-01,239689828
AS,2022,Jul,7,2022-07-01,281426596
AS,2022,Aug,8,2022-08-01,231577681
AS,2022,Sep,9,2022-09-01,348048738
AS,2022,Oct,10,2022-10-01,362415164
AS,2022,Nov,11,2022-11-01,256222149
AS,2022,Dec,12,2022-12-01,405934614
AS,2023,Jan,1,2023-01-01,364983983
AS,2023,Feb,2,2023-02-01,311720432
AS,2023,Mar,3,2023-03-01,730503133
AS,2023,Apr,4,2023-04-01,310282637
AS,2023,May,5,2023-05-01,224041787
AS,2023,Jun,6,2023-06-01,280342387
AS,2023,Jul,7,2023-07-01,374776331
AS,2023,Aug,8,2023-08-01,355112516
AS,2023,Sep,9,2023-09-01,602519248
AS,2023,Oct,10,2023-10-01,534588313
AS,2023,Nov,11,2023-11-01,322259351
AS,2023,Dec,12,2023-12-01,446641327
AS,2024,Jan,1,2024-01-01,435232593
AS,2024,Feb,2,2024-02-01,389779598
AS,2024,Mar,3,2024-03-01,697110185
AS,2024,Apr,4,2024-04-01,374882002
AS,2024,May,5,2024-05-01,259324544
AS,2024,Jun,6,2024-06-01,337518873
AS,2024,Jul,7,2024-07-01,374890349
AS,2024,Aug,8,2024-08-01,259324488
AS,2024,Sep,9,2024-09-01,396931060
AS,2024,Oct,10,2024-10-01,477499011
AS,2024,Nov,11,2024-11-01,393571071
AS,2024,Dec,12,2024-12-01,573818644
AS,2025,Jan,1,2025-01-01,564638764
AS,2025,Feb,2,2025-02-01,366084213
AS,2025,Mar,3,2025-03-01,796269400
AS,2025,Apr,4,2025-04-01,497155219
AS,2025,May,5,2025-05-01,341004393
AS,2025,Jun,6,2025-06-01,425485897
AS,2025,Jul,7,2025-07-01,504622180
AS,2025,Aug,8,2025-08-01,347682285
AS,2025,Sep,9,2025-09-01,406898578
AS,2025,Oct,10,2025-10-01,542738080
AS,2025,Nov,11,2025-11-01,409983836
AS,2025,Dec,12,2025-12-01,553550714
AS,2026,Jan,1,2026-01-01,491222945
AS,2026,Feb,2,2026-02-01,397679762
AS,2026,Mar,3,2026-03-01,571101355
AS,2026,Apr,4,2026-04-01,435328647
AS,2026,May,5,2026-05-01,361431758
AS,2026,Jun,6,2026-06-01,467944716
AS,2026,Jul,7,2026-07-01,466007842
AS,2026,Aug,8,2026-08-01,69112841
BR,2010,Jan,1,2010-01-01,3128515
BR,2010,Feb,2,2010-02-01,3816772
BR,2010,Mar,3,2010-03-01,4470369
BR,2010,Apr,4,2010-04-01,5124546
BR,2010,May,5,2010-05-01,4708245
BR,2010,Jun,6,2010-06-01,6219187
BR,2010,Jul,7,2010-07-01,8123214
BR,2010,Aug,8,2010-08-01,7905652
BR,2010,Sep,9,2010-09-01,10714398
BR,2010,Oct,10,2010-10-01,12013773
BR,2010,Nov,11,2010-11-01,12445856
BR,2010,Dec,12,2010-12-01,27916636
BR,2011,Jan,1,2011-01-01,108839610
BR,2011,Feb,2,2011-02-01,31917884
BR,2011,Mar,3,2011-03-01,38733994
BR,2011,Apr,4,2011-04-01,46972003
BR,2011,May,5,2011-05-01,64973107
BR,2011,Jun,6,2011-06-01,74449680
BR,2011,Jul,7,2011-07-01,74002236
BR,2011,Aug,8,2011-08-01,71190260
BR,2011,Sep,9,2011-09-01,77853487
BR,2011,Oct,10,2011-10-01,66517669
BR,2011,Nov,11,2011-11-01,75498682
BR,2011,Dec,12,2011-12-01,81509922
BR,2012,Jan,1,2012-01-01,88934324
BR,2012,Feb,2,2012-02-01,92127542
BR,2012,Mar,3,2012-03-01,106170218
BR,2012,Apr,4,2012-04-01,85215685
BR,2012,May,5,2012-05-01,105299410
BR,2012,Jun,6,2012-06-01,100058261
BR,2012,Jul,7,2012-07-01,112416258
BR,2012,Aug,8,2012-08-01,110497963
BR,2012,Sep,9,2012-09-01,116193434
BR,2012,Oct,10,2012-10-01,124336040
BR,2012,Nov,11,2012-11-01,115892689
BR,2012,Dec,12,2012-12-01,138243278
BR,2013,Jan,1,2013-01-01,134320932
BR,2013,Feb,2,2013-02-01,129799404
BR,2013,Mar,3,2013-03-01,164434066
BR,2013,Apr,4,2013-04-01,137170578
BR,2013,May,5,2013-05-01,159610883
BR,2013,Jun,6,2013-06-01,170166081
BR,2013,Jul,7,2013-07-01,200067581
BR,2013,Aug,8,2013-08-01,160984051
BR,2013,Sep,9,2013-09-01,170813397
BR,2013,Oct,10,2013-10-01,181897032
BR,2013,Nov,11,2013-11-01,168541138
BR,2013,Dec,12,2013-12-01,186773129
BR,2014,Jan,1,2014-01-01,158464459
BR,2014,Feb,2,2014-02-01,147513198
BR,2014,Mar,3,2014-03-01,179682783
BR,2014,Apr,4,2014-04-01,149751924
BR,2014,May,5,2014-05-01,145040323
BR,2014,Jun,6,2014-06-01,153300290
BR,2014,Jul,7,2014-07-01,204709987
BR,2014,Aug,8,2014-08-01,151986961
BR,2014,Sep,9,2014-09-01,205439980
BR,2014,Oct,10,2014-10-01,202253077
BR,2014,Nov,11,2014-11-01,241772304
BR,2014,Dec,12,2014-12-01,277558643
BR,2015,Jan,1,2015-01-01,290112371
BR,2015,Feb,2,2015-02-01,284445118
BR,2015,Mar,3,2015-03-01,285323742
BR,2015,Apr,4,2015-04-01,227182924
BR,2015,May,5,2015-05-01,220631934
BR,2015,Jun,6,2015-06-01,239727658
BR,2015,Jul,7,2015-07-01,251135810
BR,2015,Aug,8,2015-08-01,246954402
BR,2015,Sep,9,2015-09-01,242091559
BR,2015,Oct,10,2015-10-01,237339894
BR,2015,Nov,11,2015-11-01,220922392
BR,2015,Dec,12,2015-12-01,282849186
BR,2016,Jan,1,2016-01-01,244367653
BR,2016,Feb,2,2016-02-01,258370833
BR,2016,Mar,3,2016-03-01,286160706
BR,2016,Apr,4,2016-04-01,215595106
BR,2016,May,5,2016-05-01,225239950
BR,2016,Jun,6,2016-06-01,256691936
BR,2016,Jul,7,2016-07-01,257882985
BR,2016,Aug,8,2016-08-01,254147112
BR,2016,Sep,9,2016-09-01,248216691
BR,2016,Oct,10,2016-10-01,269721502
BR,2016,Nov,11,2016-11-01,262322578
BR,2016,Dec,12,2016-12-01,288294205
BR,2017,Jan,1,2017-01-01,256056976
BR,2017,Feb,2,2017-02-01,261537827
BR,2017,Mar,3,2017-03-01,330304671
BR,2017,Apr,4,2017-04-01,298600699
BR,2017,May,5,2017-05-01,212403128
BR,2017,Jun,6,2017-06-01,239079723
BR,2017,Jul,7,2017-07-01,274476122
BR,2017,Aug,8,2017-08-01,225719833
BR,2017,Sep,9,2017-09-01,224248828
BR,2017,Oct,10,2017-10-01,263599758
BR,2017,Nov,11,2017-11-01,338121919
BR,2017,Dec,12,2017-12-01,418282172
BR,2018,Jan,1,2018-01-01,325978295
BR,2018,Feb,2,2018-02-01,264639684
BR,2018,Mar,3,2018-03-01,326060723
BR,2018,Apr,4,2018-04-01,302167154
BR,2018,May,5,2018-05-01,333563441
BR,2018,Jun,6,2018-06-01,401260101
BR,2018,Jul,7,2018-07-01,363685818
BR,2018,Aug,8,2018-08-01,363083900
BR,2018,Sep,9,2018-09-01,360495650
BR,2018,Oct,10,2018-10-01,417399050
BR,2018,Nov,11,2018-11-01,422181414
BR,2018,Dec,12,2018-12-01,508313374
BR,2019,Jan,1,2019-01-01,423452974
BR,2019,Feb,2,2019-02-01,425892560
BR,2019,Mar,3,2019-03-01,473524428
BR,2019,Apr,4,2019-04-01,400452398
BR,2019,May,5,2019-05-01,369534557
BR,2019,Jun,6,2019-06-01,398958522
BR,2019,Jul,7,2019-07-01,522199990
BR,2019,Aug,8,2019-08-01,441945021
BR,2019,Sep,9,2019-09-01,556514265
BR,2019,Oct,10,2019-10-01,568033413
BR,2019,Nov,11,2019-11-01,581328424
BR,2019,Dec,12,2019-12-01,619730621
BR,2020,Jan,1,2020-01-01,698823855
BR,2020,Feb,2,2020-02-01,845721932
BR,2020,Mar,3,2020-03-01,486449704
BR,2020,Apr,4,2020-04-01,43037699
BR,2020,May,5,2020-05-01,138848515
BR,2020,Jun,6,2020-06-01,471904908
BR,2020,Jul,7,2020-07-01,341980268
BR,2020,Aug,8,2020-08-01,439108741
BR,2020,Sep,9,2020-09-01,625980242
BR,2020,Oct,10,2020-10-01,467813404
BR,2020,Nov,11,2020-11-01,394136435
BR,2020,Dec,12,2020-12-01,562643880
BR,2021,Jan,1,2021-01-01,445785685
BR,2021,Feb,2,2021-02-01,451245652
BR,2021,Mar,3,2021-03-01,575722182
BR,2021,Apr,4,2021-04-01,349779539
BR,2021,May,5,2021-05-01,172818137
BR,2021,Jun,6,2021-06-01,421653086
BR,2021,Jul,7,2021-07-01,438945896
BR,2021,Aug,8,2021-08-01,375676799
BR,2021,Sep,9,2021-09-01,482959077
BR,2021,Oct,10,2021-10-01,393672524
BR,2021,Nov,11,2021-11-01,388584283
BR,2021,Dec,12,2021-12-01,475457770
BR,2022,Jan,1,2022-01-01,440310703
BR,2022,Feb,2,2022-02-01,443159321
BR,2022,Mar,3,2022-03-01,523983378
BR,2022,Apr,4,2022-04-01,431398687
BR,2022,May,5,2022-05-01,451109099
BR,2022,Jun,6,2022-06-01,563364753
BR,2022,Jul,7,2022-07-01,549173098
BR,2022,Aug,8,2022-08-01,553396784
BR,2022,Sep,9,2022-09-01,508427254
BR,2022,Oct,10,2022-10-01,445370035
BR,2022,Nov,11,2022-11-01,529288014
BR,2022,Dec,12,2022-12-01,490939970
BR,2023,Jan,1,2023-01-01,546875799
BR,2023,Feb,2,2023-02-01,488994377
BR,2023,Mar,3,2023-03-01,562131923
BR,2023,Apr,4,2023-04-01,493011113
BR,2023,May,5,2023-05-01,544618030
BR,2023,Jun,6,2023-06-01,540823337
BR,2023,Jul,7,2023-07-01,561986224
BR,2023,Aug,8,2023-08-01,543982190
BR,2023,Sep,9,2023-09-01,607150802
BR,2023,Oct,10,2023-10-01,589989096
BR,2023,Nov,11,2023-11-01,561093099
BR,2023,Dec,12,2023-12-01,628840001
BR,2024,Jan,1,2024-01-01,590375931
BR,2024,Feb,2,2024-02-01,570833956
BR,2024,Mar,3,2024-03-01,569332306
BR,2024,Apr,4,2024-04-01,544059541
BR,2024,May,5,2024-05-01,566640787
BR,2024,Jun,6,2024-06-01,571850177
BR,2024,Jul,7,2024-07-01,611841229
BR,2024,Aug,8,2024-08-01,607603717
BR,2024,Sep,9,2024-09-01,654716273
BR,2024,Oct,10,2024-10-01,675439035
BR,2024,Nov,11,2024-11-01,621790285
BR,2024,Dec,12,2024-12-01,624418735
BR,2025,Jan,1,2025-01-01,675076789
BR,2025,Feb,2,2025-02-01,576987265
BR,2025,Mar,3,2025-03-01,813135954
BR,2025,Apr,4,2025-04-01,612145948
BR,2025,May,5,2025-05-01,632033971
BR,2025,Jun,6,2025-06-01,579089747
BR,2025,Jul,7,2025-07-01,640777834
BR,2025,Aug,8,2025-08-01,578840972
BR,2025,Sep,9,2025-09-01,381172179
BR,2025,Oct,10,2025-10-01,737479230
BR,2025,Nov,11,2025-11-01,657256947
BR,2025,Dec,12,2025-12-01,656141786
BR,2026,Jan,1,2026-01-01,711587567
BR,2026,Feb,2,2026-02-01,654352253
BR,2026,Mar,3,2026-03-01,686146246
BR,2026,Apr,4,2026-04-01,666125805
BR,2026,May,5,2026-05-01,658602973
BR,2026,Jun,6,2026-06-01,660988430
BR,2026,Jul,7,2026-07-01,628048147
BR,2026,Aug,8,2026-08-01,117388604
CG,2010,Jan,1,2010-01-01,29268724
CG,2010,Feb,2,2010-02-01,24260151
CG,2010,Mar,3,2010-03-01,32371816
CG,2010,Apr,4,2010-04-01,29524948
CG,2010,May,5,2010-05-01,24582791
CG,2010,Jun,6,2010-06-01,29416505
CG,2010,Jul,7,2010-07-01,37021529
CG,2010,Aug,8,2010-08-01,111165230
CG,2010,Sep,9,2010-09-01,33433780
CG,2010,Oct,10,2010-10-01,43573877
CG,2010,Nov,11,2010-11-01,38680846
CG,2010,Dec,12,2010-12-01,45964317
CG,2011,Jan,1,2011-01-01,66052581
CG,2011,Feb,2,2011-02-01,54707006
CG,2011,Mar,3,2011-03-01,59107079
CG,2011,Apr,4,2011-04-01,66805276
CG,2011,May,5,2011-05-01,60778155
CG,2011,Jun,6,2011-06-01,54698999
CG,2011,Jul,7,2011-07-01,67761309
CG,2011,Aug,8,2011-08-01,57202213
CG,2011,Sep,9,2011-09-01,70097491
CG,2011,Oct,10,2011-10-01,119520755
CG,2011,Nov,11,2011-11-01,93809289
CG,2011,Dec,12,2011-12-01,51942118
CG,2012,Jan,1,2012-01-01,120582300
CG,2012,Feb,2,2012-02-01,88248928
CG,2012,Mar,3,2012-03-01,161683917
CG,2012,Apr,4,2012-04-01,139955406
CG,2012,May,5,2012-05-01,104383223
CG,2012,Jun,6,2012-06-01,319128388
CG,2012,Jul,7,2012-07-01,232737276
CG,2012,Aug,8,2012-08-01,85177057
CG,2012,Sep,9,2012-09-01,94066959
CG,2012,Oct,10,2012-10-01,122133683
CG,2012,Nov,11,2012-11-01,120647669
CG,2012,Dec,12,2012-12-01,113915554
CG,2013,Jan,1,2013-01-01,135573751
CG,2013,Feb,2,2013-02-01,148371208
CG,2013,Mar,3,2013-03-01,172315505
CG,2013,Apr,4,2013-04-01,210929607
CG,2013,May,5,2013-05-01,194742838
CG,2013,Jun,6,2013-06-01,163557734
CG,2013,Jul,7,2013-07-01,181144111
CG,2013,Aug,8,2013-08-01,152605857
CG,2013,Sep,9,2013-09-01,154728570
CG,2013,Oct,10,2013-10-01,175943984
CG,2013,Nov,11,2013-11-01,156767023
CG,2013,Dec,12,2013-12-01,163240260
CG,2014,Jan,1,2014-01-01,217292905
CG,2014,Feb,2,2014-02-01,154842949
CG,2014,Mar,3,2014-03-01,167712364
CG,2014,Apr,4,2014-04-01,189593239
CG,2014,May,5,2014-05-01,160074762
CG,2014,Jun,6,2014-06-01,146179327
CG,2014,Jul,7,2014-07-01,192838644
CG,2014,Aug,8,2014-08-01,134085575
CG,2014,Sep,9,2014-09-01,147080560
CG,2014,Oct,10,2014-10-01,174093599
CG,2014,Nov,11,2014-11-01,133419643
CG,2014,Dec,12,2014-12-01,131455300
CG,2015,Jan,1,2015-01-01,183639097
CG,2015,Feb,2,2015-02-01,133752336
CG,2015,Mar,3,2015-03-01,151254671
CG,2015,Apr,4,2015-04-01,188201395
CG,2015,May,5,2015-05-01,139043444
CG,2015,Jun,6,2015-06-01,148252884
CG,2015,Jul,7,2015-07-01,209514888
CG,2015,Aug,8,2015-08-01,149112184
CG,2015,Sep,9,2015-09-01,172983195
CG,2015,Oct,10,2015-10-01,202228635
CG,2015,Nov,11,2015-11-01,138597112
CG,2015,Dec,12,2015-12-01,168299472
CG,2016,Jan,1,2016-01-01,211778326
CG,2016,Feb,2,2016-02-01,165065633
CG,2016,Mar,3,2016-03-01,184812088
CG,2016,Apr,4,2016-04-01,219073443
CG,2016,May,5,2016-05-01,180271887
CG,2016,Jun,6,2016-06-01,166238960
CG,2016,Jul,7,2016-07-01,202017370
CG,2016,Aug,8,2016-08-01,151134997
CG,2016,Sep,9,2016-09-01,164104245
CG,2016,Oct,10,2016-10-01,193243915
CG,2016,Nov,11,2016-11-01,166977170
CG,2016,Dec,12,2016-12-01,184738884
CG,2017,Jan,1,2017-01-01,240042076
CG,2017,Feb,2,2017-02-01,190721418
CG,2017,Mar,3,2017-03-01,230913791
CG,2017,Apr,4,2017-04-01,250349612
CG,2017,May,5,2017-05-01,220821956
CG,2017,Jun,6,2017-06-01,219452112
CG,2017,Jul,7,2017-07-01,260744502
CG,2017,Aug,8,2017-08-01,205294524
CG,2017,Sep,9,2017-09-01,203663323
CG,2017,Oct,10,2017-10-01,243112763
CG,2017,Nov,11,2017-11-01,224137451
CG,2017,Dec,12,2017-12-01,239059535
CG,2018,Jan,1,2018-01-01,279599066
CG,2018,Feb,2,2018-02-01,223784528
CG,2018,Mar,3,2018-03-01,243549481
CG,2018,Apr,4,2018-04-01,252678715
CG,2018,May,5,2018-05-01,233973970
CG,2018,Jun,6,2018-06-01,234913777
CG,2018,Jul,7,2018-07-01,258699464
CG,2018,Aug,8,2018-08-01,222357913
CG,2018,Sep,9,2018-09-01,290462957
CG,2018,Oct,10,2018-10-01,366661701
CG,2018,Nov,11,2018-11-01,333026097
CG,2018,Dec,12,2018-12-01,368180335
CG,2019,Jan,1,2019-01-01,428304930
CG,2019,Feb,2,2019-02-01,365803012
CG,2019,Mar,3,2019-03-01,392143272
CG,2019,Apr,4,2019-04-01,391613789
CG,2019,May,5,2019-05-01,344958414
CG,2019,Jun,6,2019-06-01,337225565
CG,2019,Jul,7,2019-07-01,391427192
CG,2019,Aug,8,2019-08-01,310521201
CG,2019,Sep,9,2019-09-01,316702684
CG,2019,Oct,10,2019-10-01,384427360
CG,2019,Nov,11,2019-11-01,376903612
CG,2019,Dec,12,2019-12-01,345922838
CG,2020,Jan,1,2020-01-01,407256816
CG,2020,Feb,2,2020-02-01,403084558
CG,2020,Mar,3,2020-03-01,311475217
CG,2020,Apr,4,2020-04-01,100088668
CG,2020,May,5,2020-05-01,159300272
CG,2020,Jun,6,2020-06-01,252253236
CG,2020,Jul,7,2020-07-01,271822618
CG,2020,Aug,8,2020-08-01,229440130
CG,2020,Sep,9,2020-09-01,244456723
CG,2020,Oct,10,2020-10-01,284047643
CG,2020,Nov,11,2020-11-01,308773588
CG,2020,Dec,12,2020-12-01,397777973
CG,2021,Jan,1,2021-01-01,340697215
CG,2021,Feb,2,2021-02-01,388867233
CG,2021,Mar,3,2021-03-01,446135234
CG,2021,Apr,4,2021-04-01,179071670
CG,2021,May,5,2021-05-01,178263113
CG,2021,Jun,6,2021-06-01,341699817
CG,2021,Jul,7,2021-07-01,323057247
CG,2021,Aug,8,2021-08-01,331366331
CG,2021,Sep,9,2021-09-01,383677848
CG,2021,Oct,10,2021-10-01,343689857
CG,2021,Nov,11,2021-11-01,403024738
CG,2021,Dec,12,2021-12-01,436742267
CG,2022,Jan,1,2022-01-01,419497128
CG,2022,Feb,2,2022-02-01,461758685
CG,2022,Mar,3,2022-03-01,600788941
CG,2022,Apr,4,2022-04-01,431254281
CG,2022,May,5,2022-05-01,422810244
CG,2022,Jun,6,2022-06-01,458306350
CG,2022,Jul,7,2022-07-01,401384169
CG,2022,Aug,8,2022-08-01,400744515
CG,2022,Sep,9,2022-09-01,475250653
CG,2022,Oct,10,2022-10-01,431492311
CG,2022,Nov,11,2022-11-01,485092988
CG,2022,Dec,12,2022-12-01,503636838
CG,2023,Jan,1,2023-01-01,466199472
CG,2023,Feb,2,2023-02-01,496789594
CG,2023,Mar,3,2023-03-01,545887007
CG,2023,Apr,4,2023-04-01,426268411
CG,2023,May,5,2023-05-01,463242212
CG,2023,Jun,6,2023-06-01,488716292
CG,2023,Jul,7,2023-07-01,443765168
CG,2023,Aug,8,2023-08-01,451233941
CG,2023,Sep,9,2023-09-01,491349630
CG,2023,Oct,10,2023-10-01,511628488
CG,2023,Nov,11,2023-11-01,527718403
CG,2023,Dec,12,2023-12-01,537946986
CG,2024,Jan,1,2024-01-01,553930827
CG,2024,Feb,2,2024-02-01,583053490
CG,2024,Mar,3,2024-03-01,559333511
CG,2024,Apr,4,2024-04-01,514246354
CG,2024,May,5,2024-05-01,549118374
CG,2024,Jun,6,2024-06-01,523561660
CG,2024,Jul,7,2024-07-01,516002600
CG,2024,Aug,8,2024-08-01,487409832
CG,2024,Sep,9,2024-09-01,537089670
CG,2024,Oct,10,2024-10-01,619942502
CG,2024,Nov,11,2024-11-01,583227505
CG,2024,Dec,12,2024-12-01,568302637
CG,2025,Jan,1,2025-01-01,627793660
CG,2025,Feb,2,2025-02-01,547690202
CG,2025,Mar,3,2025-03-01,609758039
CG,2025,Apr,4,2025-04-01,547504292
CG,2025,May,5,2025-05-01,560920457
CG,2025,Jun,6,2025-06-01,546121767
CG,2025,Jul,7,2025-07-01,563302013
CG,2025,Aug,8,2025-08-01,537737682
CG,2025,Sep,9,2025-09-01,589676810
CG,2025,Oct,10,2025-10-01,666652094
CG,2025,Nov,11,2025-11-01,624195984
CG,2025,Dec,12,2025-12-01,655505179
CG,2026,Jan,1,2026-01-01,694754720
CG,2026,Feb,2,2026-02-01,649001949
CG,2026,Mar,3,2026-03-01,664058615
CG,2026,Apr,4,2026-04-01,670252499
CG,2026,May,5,2026-05-01,594742859
CG,2026,Jun,6,2026-06-01,627170796
CG,2026,Jul,7,2026-07-01,594659780
CG,2026,Aug,8,2026-08-01,133559634
CH,2010,Jan,1,2010-01-01,11500
CH,2010,Feb,2,2010-02-01,9000
CH,2010,Mar,3,2010-03-01,2385
CH,2010,Apr,4,2010-04-01,1050
CH,2010,May,5,2010-05-01,460
CH,2010,Jun,6,2010-06-01,2330
CH,2010,Jul,7,2010-07-01,265043
CH,2010,Aug,8,2010-08-01,364720
CH,2010,Sep,9,2010-09-01,343290
CH,2010,Oct,10,2010-10-01,387398
CH,2010,Nov,11,2010-11-01,380568
CH,2010,Dec,12,2010-12-01,308500
CH,2011,Jan,1,2011-01-01,395955
CH,2011,Feb,2,2011-02-01,321275
CH,2011,Mar,3,2011-03-01,680898
CH,2011,Apr,4,2011-04-01,1480038
CH,2011,May,5,2011-05-01,1638083
CH,2011,Jun,6,2011-06-01,1317409
CH,2011,Jul,7,2011-07-01,1329646
CH,2011,Aug,8,2011-08-01,923857
CH,2011,Sep,9,2011-09-01,1280201
CH,2011,Oct,10,2011-10-01,909451
CH,2011,Nov,11,2011-11-01,879255
CH,2011,Dec,12,2011-12-01,1232913
CH,2012,Jan,1,2012-01-01,1269606
CH,2012,Feb,2,2012-02-01,1364193
CH,2012,Mar,3,2012-03-01,1598878
CH,2012,Apr,4,2012-04-01,1618519
CH,2012,May,5,2012-05-01,1692732
CH,2012,Jun,6,2012-06-01,1184961
CH,2012,Jul,7,2012-07-01,1309394
CH,2012,Aug,8,2012-08-01,1180760
CH,2012,Sep,9,2012-09-01,1140174
CH,2012,Oct,10,2012-10-01,1803763
CH,2012,Nov,11,2012-11-01,1213632
CH,2012,Dec,12,2012-12-01,1750108
CH,2013,Jan,1,2013-01-01,1922568
CH,2013,Feb,2,2013-02-01,1471920
CH,2013,Mar,3,2013-03-01,2308715
CH,2013,Apr,4,2013-04-01,2717339
CH,2013,May,5,2013-05-01,2718299
CH,2013,Jun,6,2013-06-01,1815675
CH,2013,Jul,7,2013-07-01,2330563
CH,2013,Aug,8,2013-08-01,1915973
CH,2013,Sep,9,2013-09-01,2047379
CH,2013,Oct,10,2013-10-01,2017843
CH,2013,Nov,11,2013-11-01,1448826
CH,2013,Dec,12,2013-12-01,1911269
CH,2014,Jan,1,2014-01-01,2209046
CH,2014,Feb,2,2014-02-01,2672014
CH,2014,Mar,3,2014-03-01,3805587
CH,2014,Apr,4,2014-04-01,3161241
CH,2014,May,5,2014-05-01,2638975
CH,2014,Jun,6,2014-06-01,2556342
CH,2014,Jul,7,2014-07-01,2743324
CH,2014,Aug,8,2014-08-01,2524947
CH,2014,Sep,9,2014-09-01,3474746
CH,2014,Oct,10,2014-10-01,2798518
CH,2014,Nov,11,2014-11-01,4176685
CH,2014,Dec,12,2014-12-01,5867125
CH,2015,Jan,1,2015-01-01,2696848
CH,2015,Feb,2,2015-02-01,4888304
CH,2015,Mar,3,2015-03-01,7054604
CH,2015,Apr,4,2015-04-01,8304843
CH,2015,May,5,2015-05-01,8049109
CH,2015,Jun,6,2015-06-01,8118205
CH,2015,Jul,7,2015-07-01,9079187
CH,2015,Aug,8,2015-08-01,7885182
CH,2015,Sep,9,2015-09-01,8852497
CH,2015,Oct,10,2015-10-01,7864397
CH,2015,Nov,11,2015-11-01,7244450
CH,2015,Dec,12,2015-12-01,10264714
CH,2016,Jan,1,2016-01-01,10275511
CH,2016,Feb,2,2016-02-01,11994055
CH,2016,Mar,3,2016-03-01,13024759
CH,2016,Apr,4,2016-04-01,11657682
CH,2016,May,5,2016-05-01,10685135
CH,2016,Jun,6,2016-06-01,7250113
CH,2016,Jul,7,2016-07-01,6392839
CH,2016,Aug,8,2016-08-01,5538737
CH,2016,Sep,9,2016-09-01,7396348
CH,2016,Oct,10,2016-10-01,6282840
CH,2016,Nov,11,2016-11-01,4081702
CH,2016,Dec,12,2016-12-01,4912005
CH,2017,Jan,1,2017-01-01,5437746
CH,2017,Feb,2,2017-02-01,4784435
CH,2017,Mar,3,2017-03-01,8473045
CH,2017,Apr,4,2017-04-01,5638041
CH,2017,May,5,2017-05-01,8251991
CH,2017,Jun,6,2017-06-01,6419366
CH,2017,Jul,7,2017-07-01,5843757
CH,2017,Aug,8,2017-08-01,4395041
CH,2017,Sep,9,2017-09-01,5988126
CH,2017,Oct,10,2017-10-01,4177499
CH,2017,Nov,11,2017-11-01,7060790
CH,2017,Dec,12,2017-12-01,6967735
CH,2018,Jan,1,2018-01-01,7471453
CH,2018,Feb,2,2018-02-01,6861314
CH,2018,Mar,3,2018-03-01,7368886
CH,2018,Apr,4,2018-04-01,7376473
CH,2018,May,5,2018-05-01,6052374
CH,2018,Jun,6,2018-06-01,5649921
CH,2018,Jul,7,2018-07-01,5955659
CH,2018,Aug,8,2018-08-01,6072400
CH,2018,Sep,9,2018-09-01,5325927
CH,2018,Oct,10,2018-10-01,4838251
CH,2018,Nov,11,2018-11-01,4739773
CH,2018,Dec,12,2018-12-01,4985720
CH,2019,Jan,1,2019-01-01,6584990
CH,2019,Feb,2,2019-02-01,6305535
CH,2019,Mar,3,2019-03-01,7567253
CH,2019,Apr,4,2019-04-01,7390583
CH,2019,May,5,2019-05-01,6742115
CH,2019,Jun,6,2019-06-01,5093168
CH,2019,Jul,7,2019-07-01,5981623
CH,2019,Aug,8,2019-08-01,9435939
CH,2019,Sep,9,2019-09-01,7505290
CH,2019,Oct,10,2019-10-01,4391428
CH,2019,Nov,11,2019-11-01,5921519
CH,2019,Dec,12,2019-12-01,5252385
CH,2020,Jan,1,2020-01-01,6767029
CH,2020,Feb,2,2020-02-01,10856159
CH,2020,Mar,3,2020-03-01,7825391
CH,2020,Apr,4,2020-04-01,1661528
CH,2020,May,5,2020-05-01,414260
CH,2020,Jun,6,2020-06-01,3551052
CH,2020,Jul,7,2020-07-01,2364544
CH,2020,Aug,8,2020-08-01,3532207
CH,2020,Sep,9,2020-09-01,4017282
CH,2020,Oct,10,2020-10-01,4193407
CH,2020,Nov,11,2020-11-01,3942972
CH,2020,Dec,12,2020-12-01,5769316
CH,2021,Jan,1,2021-01-01,5840206
CH,2021,Feb,2,2021-02-01,5732923
CH,2021,Mar,3,2021-03-01,8621613
CH,2021,Apr,4,2021-04-01,5284643
CH,2021,May,5,2021-05-01,3306182
CH,2021,Jun,6,2021-06-01,5646729
CH,2021,Jul,7,2021-07-01,4948301
CH,2021,Aug,8,2021-08-01,4373958
CH,2021,Sep,9,2021-09-01,5804865
CH,2021,Oct,10,2021-10-01,5971996
CH,2021,Nov,11,2021-11-01,5547129
CH,2021,Dec,12,2021-12-01,6217612
CH,2022,Jan,1,2022-01-01,5139493
CH,2022,Feb,2,2022-02-01,5197164
CH,2022,Mar,3,2022-03-01,8611937
CH,2022,Apr,4,2022-04-01,9955482
CH,2022,May,5,2022-05-01,8740811
CH,2022,Jun,6,2022-06-01,8415798
CH,2022,Jul,7,2022-07-01,7085294
CH,2022,Aug,8,2022-08-01,7141249
CH,2022,Sep,9,2022-09-01,6844311
CH,2022,Oct,10,2022-10-01,6293628
CH,2022,Nov,11,2022-11-01,7186223
CH,2022,Dec,12,2022-12-01,5416357
CH,2023,Jan,1,2023-01-01,6689714
CH,2023,Feb,2,2023-02-01,7791051
CH,2023,Mar,3,2023-03-01,7954568
CH,2023,Apr,4,2023-04-01,7478274
CH,2023,May,5,2023-05-01,7330521
CH,2023,Jun,6,2023-06-01,6280605
CH,2023,Jul,7,2023-07-01,8441168
CH,2023,Aug,8,2023-08-01,6901136
CH,2023,Sep,9,2023-09-01,6285633
CH,2023,Oct,10,2023-10-01,6390750
CH,2023,Nov,11,2023-11-01,6138402
CH,2023,Dec,12,2023-12-01,7839484
CH,2024,Jan,1,2024-01-01,7403219
CH,2024,Feb,2,2024-02-01,6964955
CH,2024,Mar,3,2024-03-01,7843370
CH,2024,Apr,4,2024-04-01,8196233
CH,2024,May,5,2024-05-01,8138650
CH,2024,Jun,6,2024-06-01,7252482
CH,2024,Jul,7,2024-07-01,8358237
CH,2024,Aug,8,2024-08-01,7228598
CH,2024,Sep,9,2024-09-01,6877598
CH,2024,Oct,10,2024-10-01,6332484
CH,2024,Nov,11,2024-11-01,7376837
CH,2024,Dec,12,2024-12-01,8129776
CH,2025,Jan,1,2025-01-01,9297789
CH,2025,Feb,2,2025-02-01,8644524
CH,2025,Mar,3,2025-03-01,9173327
CH,2025,Apr,4,2025-04-01,9841112
CH,2025,May,5,2025-05-01,8221534
CH,2025,Jun,6,2025-06-01,7841940
CH,2025,Jul,7,2025-07-01,8433421
CH,2025,Aug,8,2025-08-01,6406952
CH,2025,Sep,9,2025-09-01,7085383
CH,2025,Oct,10,2025-10-01,7126199
CH,2025,Nov,11,2025-11-01,6905513
CH,2025,Dec,12,2025-12-01,8488320
CH,2026,Jan,1,2026-01-01,8163780
CH,2026,Feb,2,2026-02-01,8874521
CH,2026,Mar,3,2026-03-01,10000302
CH,2026,Apr,4,2026-04-01,9111225
CH,2026,May,5,2026-05-01,7902947
CH,2026,Jun,6,2026-06-01,8410080
CH,2026,Jul,7,2026-07-01,6449229
CH,2026,Aug,8,2026-08-01,857610
DD,2010,Jan,1,2010-01-01,907544
DD,2010,Feb,2,2010-02-01,884610
DD,2010,Mar,3,2010-03-01,7843761
DD,2010,Apr,4,2010-04-01,9352999
DD,2010,May,5,2010-05-01,2236466
DD,2010,Jun,6,2010-06-01,1526745
DD,2010,Jul,7,2010-07-01,1696748
DD,2010,Aug,8,2010-08-01,1637085
DD,2010,Sep,9,2010-09-01,1598425
DD,2010,Oct,10,2010-10-01,1709079
DD,2010,Nov,11,2010-11-01,1589574
DD,2010,Dec,12,2010-12-01,1261555
DD,2011,Jan,1,2011-01-01,1142164
DD,2011,Feb,2,2011-02-01,1097757
DD,2011,Mar,3,2011-03-01,1306514
DD,2011,Apr,4,2011-04-01,10192791
DD,2011,May,5,2011-05-01,2619493
DD,2011,Jun,6,2011-06-01,1598494
DD,2011,Jul,7,2011-07-01,8195118
DD,2011,Aug,8,2011-08-01,3273762
DD,2011,Sep,9,2011-09-01,2558383
DD,2011,Oct,10,2011-10-01,1928546
DD,2011,Nov,11,2011-11-01,2857358
DD,2011,Dec,12,2011-12-01,1588497
DD,2012,Jan,1,2012-01-01,1440923
DD,2012,Feb,2,2012-02-01,1593622
DD,2012,Mar,3,2012-03-01,8209566
DD,2012,Apr,4,2012-04-01,13878589
DD,2012,May,5,2012-05-01,3445942
DD,2012,Jun,6,2012-06-01,2614401
DD,2012,Jul,7,2012-07-01,1914888
DD,2012,Aug,8,2012-08-01,1716446
DD,2012,Sep,9,2012-09-01,1876490
DD,2012,Oct,10,2012-10-01,2131032
DD,2012,Nov,11,2012-11-01,1288498
DD,2012,Dec,12,2012-12-01,1426292
DD,2013,Jan,1,2013-01-01,1472462
DD,2013,Feb,2,2013-02-01,1204409
DD,2013,Mar,3,2013-03-01,6363152
DD,2013,Apr,4,2013-04-01,13788317
DD,2013,May,5,2013-05-01,3167882
DD,2013,Jun,6,2013-06-01,2116626
DD,2013,Jul,7,2013-07-01,2159359
DD,2013,Aug,8,2013-08-01,1937116
DD,2013,Sep,9,2013-09-01,1902448
DD,2013,Oct,10,2013-10-01,1651557
DD,2013,Nov,11,2013-11-01,1235443
DD,2013,Dec,12,2013-12-01,1785366
DD,2014,Jan,1,2014-01-01,1533861
DD,2014,Feb,2,2014-02-01,1107447
DD,2014,Mar,3,2014-03-01,7511655
DD,2014,Apr,4,2014-04-01,10366887
DD,2014,May,5,2014-05-01,3801618
DD,2014,Jun,6,2014-06-01,2255805
DD,2014,Jul,7,2014-07-01,1793035
DD,2014,Aug,8,2014-08-01,2008159
DD,2014,Sep,9,2014-09-01,2216092
DD,2014,Oct,10,2014-10-01,2170729
DD,2014,Nov,11,2014-11-01,1791627
DD,2014,Dec,12,2014-12-01,1870193
DD,2015,Jan,1,2015-01-01,1722500
DD,2015,Feb,2,2015-02-01,1398357
DD,2015,Mar,3,2015-03-01,7771531
DD,2015,Apr,4,2015-04-01,13005247
DD,2015,May,5,2015-05-01,3102307
DD,2015,Jun,6,2015-06-01,2200806
DD,2015,Jul,7,2015-07-01,2219566
DD,2015,Aug,8,2015-08-01,2497951
DD,2015,Sep,9,2015-09-01,2145961
DD,2015,Oct,10,2015-10-01,2016962
DD,2015,Nov,11,2015-11-01,1475213
DD,2015,Dec,12,2015-12-01,1579885
DD,2016,Jan,1,2016-01-01,1626849
DD,2016,Feb,2,2016-02-01,1957062
DD,2016,Mar,3,2016-03-01,8568237
DD,2016,Apr,4,2016-04-01,12421893
DD,2016,May,5,2016-05-01,3927605
DD,2016,Jun,6,2016-06-01,2538612
DD,2016,Jul,7,2016-07-01,1886830
DD,2016,Aug,8,2016-08-01,1594192
DD,2016,Sep,9,2016-09-01,1717544
DD,2016,Oct,10,2016-10-01,2008385
DD,2016,Nov,11,2016-11-01,1952376
DD,2016,Dec,12,2016-12-01,1607953
DD,2017,Jan,1,2017-01-01,1633750
DD,2017,Feb,2,2017-02-01,1961391
DD,2017,Mar,3,2017-03-01,11456838
DD,2017,Apr,4,2017-04-01,14075657
DD,2017,May,5,2017-05-01,4279602
DD,2017,Jun,6,2017-06-01,2882127
DD,2017,Jul,7,2017-07-01,2499463
DD,2017,Aug,8,2017-08-01,1995744
DD,2017,Sep,9,2017-09-01,2452467
DD,2017,Oct,10,2017-10-01,2492740
DD,2017,Nov,11,2017-11-01,2524966
DD,2017,Dec,12,2017-12-01,1748206
DD,2018,Jan,1,2018-01-01,5570775
DD,2018,Feb,2,2018-02-01,3545101
DD,2018,Mar,3,2018-03-01,10973010
DD,2018,Apr,4,2018-04-01,20213285
DD,2018,May,5,2018-05-01,7583395
DD,2018,Jun,6,2018-06-01,5520700
DD,2018,Jul,7,2018-07-01,5266248
DD,2018,Aug,8,2018-08-01,5347125
DD,2018,Sep,9,2018-09-01,5858712
DD,2018,Oct,10,2018-10-01,5456668
DD,2018,Nov,11,2018-11-01,4598764
DD,2018,Dec,12,2018-12-01,5383886
DD,2019,Jan,1,2019-01-01,5437675
DD,2019,Feb,2,2019-02-01,5640631
DD,2019,Mar,3,2019-03-01,16073409
DD,2019,Apr,4,2019-04-01,21501245
DD,2019,May,5,2019-05-01,9648958
DD,2019,Jun,6,2019-06-01,5901616
DD,2019,Jul,7,2019-07-01,7715843
DD,2019,Aug,8,2019-08-01,6253381
DD,2019,Sep,9,2019-09-01,9966469
DD,2019,Oct,10,2019-10-01,7971366
DD,2019,Nov,11,2019-11-01,6300352
DD,2019,Dec,12,2019-12-01,5436021
DD,2020,Jan,1,2020-01-01,4432159
DD,2020,Feb,2,2020-02-01,2933312
DD,2020,Mar,3,2020-03-01,9383744
DD,2020,Apr,4,2020-04-01,728915
DD,2020,May,5,2020-05-01,10920467
DD,2020,Jun,6,2020-06-01,8992026
DD,2020,Jul,7,2020-07-01,7010842
DD,2020,Aug,8,2020-08-01,7181963
DD,2020,Sep,9,2020-09-01,9469663
DD,2020,Oct,10,2020-10-01,9901991
DD,2020,Nov,11,2020-11-01,6166158
DD,2020,Dec,12,2020-12-01,10677932
DD,2021,Jan,1,2021-01-01,9817751
DD,2021,Feb,2,2021-02-01,7971333
DD,2021,Mar,3,2021-03-01,20953278
DD,2021,Apr,4,2021-04-01,26487731
DD,2021,May,5,2021-05-01,7281599
DD,2021,Jun,6,2021-06-01,8386426
DD,2021,Jul,7,2021-07-01,8122401
DD,2021,Aug,8,2021-08-01,8682048
DD,2021,Sep,9,2021-09-01,10331595
DD,2021,Oct,10,2021-10-01,10427565
DD,2021,Nov,11,2021-11-01,11429791
DD,2021,Dec,12,2021-12-01,10311145
DD,2022,Jan,1,2022-01-01,12642673
DD,2022,Feb,2,2022-02-01,11605345
DD,2022,Mar,3,2022-03-01,32523069
DD,2022,Apr,4,2022-04-01,43310976
DD,2022,May,5,2022-05-01,14200984
DD,2022,Jun,6,2022-06-01,13109763
DD,2022,Jul,7,2022-07-01,11681174
DD,2022,Aug,8,2022-08-01,11322788
DD,2022,Sep,9,2022-09-01,12751281
DD,2022,Oct,10,2022-10-01,13095965
DD,2022,Nov,11,2022-11-01,14933676
DD,2022,Dec,12,2022-12-01,11324469
DD,2023,Jan,1,2023-01-01,12762325
DD,2023,Feb,2,2023-02-01,12359762
DD,2023,Mar,3,2023-03-01,48660992
DD,2023,Apr,4,2023-04-01,65777251
DD,2023,May,5,2023-05-01,20271555
DD,2023,Jun,6,2023-06-01,17015341
DD,2023,Jul,7,2023-07-01,17353752
DD,2023,Aug,8,2023-08-01,15926029
DD,2023,Sep,9,2023-09-01,16428644
DD,2023,Oct,10,2023-10-01,22392951
DD,2023,Nov,11,2023-11-01,18542183
DD,2023,Dec,12,2023-12-01,20538420
DD,2024,Jan,1,2024-01-01,20303279
DD,2024,Feb,2,2024-02-01,19961709
DD,2024,Mar,3,2024-03-01,62736974
DD,2024,Apr,4,2024-04-01,193339488
DD,2024,May,5,2024-05-01,39284762
DD,2024,Jun,6,2024-06-01,31545884
DD,2024,Jul,7,2024-07-01,38968147
DD,2024,Aug,8,2024-08-01,29522690
DD,2024,Sep,9,2024-09-01,29566812
DD,2024,Oct,10,2024-10-01,37512573
DD,2024,Nov,11,2024-11-01,22444164
DD,2024,Dec,12,2024-12-01,24962538
DD,2025,Jan,1,2025-01-01,28688664
DD,2025,Feb,2,2025-02-01,23700323
DD,2025,Mar,3,2025-03-01,151651162
DD,2025,Apr,4,2025-04-01,149817532
DD,2025,May,5,2025-05-01,38504680
DD,2025,Jun,6,2025-06-01,36387435
DD,2025,Jul,7,2025-07-01,39461554
DD,2025,Aug,8,2025-08-01,25433856
DD,2025,Sep,9,2025-09-01,32337808
DD,2025,Oct,10,2025-10-01,36397890
DD,2025,Nov,11,2025-11-01,24317432
DD,2025,Dec,12,2025-12-01,33345470
DD,2026,Jan,1,2026-01-01,31488802
DD,2026,Feb,2,2026-02-01,23000874
DD,2026,Mar,3,2026-03-01,158058088
DD,2026,Apr,4,2026-04-01,152710873
DD,2026,May,5,2026-05-01,34086561
DD,2026,Jun,6,2026-06-01,35844558
DD,2026,Jul,7,2026-07-01,40805760
DD,2026,Aug,8,2026-08-01,8933685
DL,2010,Jan,1,2010-01-01,3051038
DL,2010,Feb,2,2010-02-01,2546502
DL,2010,Mar,3,2010-03-01,7021130
DL,2010,Apr,4,2010-04-01,6868203
DL,2010,May,5,2010-05-01,4905114
DL,2010,Jun,6,2010-06-01,9627724
DL,2010,Jul,7,2010-07-01,4427895
DL,2010,Aug,8,2010-08-01,3271541
DL,2010,Sep,9,2010-09-01,2229479
DL,2010,Oct,10,2010-10-01,2270545
DL,2010,Nov,11,2010-11-01,2172015
DL,2010,Dec,12,2010-12-01,2489789
DL,2011,Jan,1,2011-01-01,3309376
DL,2011,Feb,2,2011-02-01,5440171
DL,2011,Mar,3,2011-03-01,6883990
DL,2011,Apr,4,2011-04-01,9077964
DL,2011,May,5,2011-05-01,6769760
DL,2011,Jun,6,2011-06-01,11019309
DL,2011,Jul,7,2011-07-01,4502089
DL,2011,Aug,8,2011-08-01,14362798
DL,2011,Sep,9,2011-09-01,18481793
DL,2011,Oct,10,2011-10-01,12734080
DL,2011,Nov,11,2011-11-01,12566346
DL,2011,Dec,12,2011-12-01,13121063
DL,2012,Jan,1,2012-01-01,11400024
DL,2012,Feb,2,2012-02-01,10435643
DL,2012,Mar,3,2012-03-01,13864240
DL,2012,Apr,4,2012-04-01,19822717
DL,2012,May,5,2012-05-01,30425055
DL,2012,Jun,6,2012-06-01,31631550
DL,2012,Jul,7,2012-07-01,26920895
DL,2012,Aug,8,2012-08-01,26639267
DL,2012,Sep,9,2012-09-01,25406286
DL,2012,Oct,10,2012-10-01,32710848
DL,2012,Nov,11,2012-11-01,55291428
DL,2012,Dec,12,2012-12-01,102222184
DL,2013,Jan,1,2013-01-01,108587872
DL,2013,Feb,2,2013-02-01,105318606
DL,2013,Mar,3,2013-03-01,125777554
DL,2013,Apr,4,2013-04-01,166332645
DL,2013,May,5,2013-05-01,113576213
DL,2013,Jun,6,2013-06-01,88593779
DL,2013,Jul,7,2013-07-01,100185864
DL,2013,Aug,8,2013-08-01,81000862
DL,2013,Sep,9,2013-09-01,85336752
DL,2013,Oct,10,2013-10-01,92486573
DL,2013,Nov,11,2013-11-01,81139393
DL,2013,Dec,12,2013-12-01,78618627
DL,2014,Jan,1,2014-01-01,96527601
DL,2014,Feb,2,2014-02-01,88796026
DL,2014,Mar,3,2014-03-01,124725261
DL,2014,Apr,4,2014-04-01,156702673
DL,2014,May,5,2014-05-01,106419918
DL,2014,Jun,6,2014-06-01,92751479
DL,2014,Jul,7,2014-07-01,98636394
DL,2014,Aug,8,2014-08-01,90664730
DL,2014,Sep,9,2014-09-01,100131013
DL,2014,Oct,10,2014-10-01,91204640
DL,2014,Nov,11,2014-11-01,94365207
DL,2014,Dec,12,2014-12-01,91879645
DL,2015,Jan,1,2015-01-01,109065637
DL,2015,Feb,2,2015-02-01,93621041
DL,2015,Mar,3,2015-03-01,131440883
DL,2015,Apr,4,2015-04-01,164997593
DL,2015,May,5,2015-05-01,117680819
DL,2015,Jun,6,2015-06-01,107862763
DL,2015,Jul,7,2015-07-01,114884287
DL,2015,Aug,8,2015-08-01,96474170
DL,2015,Sep,9,2015-09-01,98955249
DL,2015,Oct,10,2015-10-01,110489014
DL,2015,Nov,11,2015-11-01,93712458
DL,2015,Dec,12,2015-12-01,100870950
DL,2016,Jan,1,2016-01-01,110964570
DL,2016,Feb,2,2016-02-01,114522658
DL,2016,Mar,3,2016-03-01,151479958
DL,2016,Apr,4,2016-04-01,149753057
DL,2016,May,5,2016-05-01,136341281
DL,2016,Jun,6,2016-06-01,112492492
DL,2016,Jul,7,2016-07-01,107706430
DL,2016,Aug,8,2016-08-01,102708330
DL,2016,Sep,9,2016-09-01,98657287
DL,2016,Oct,10,2016-10-01,102737813
DL,2016,Nov,11,2016-11-01,89682409
DL,2016,Dec,12,2016-12-01,80384654
DL,2017,Jan,1,2017-01-01,131921402
DL,2017,Feb,2,2017-02-01,131867765
DL,2017,Mar,3,2017-03-01,168235504
DL,2017,Apr,4,2017-04-01,174699674
DL,2017,May,5,2017-05-01,143363758
DL,2017,Jun,6,2017-06-01,105580157
DL,2017,Jul,7,2017-07-01,113107080
DL,2017,Aug,8,2017-08-01,110918678
DL,2017,Sep,9,2017-09-01,108742136
DL,2017,Oct,10,2017-10-01,113981231
DL,2017,Nov,11,2017-11-01,142368936
DL,2017,Dec,12,2017-12-01,128666801
DL,2018,Jan,1,2018-01-01,162019691
DL,2018,Feb,2,2018-02-01,145023838
DL,2018,Mar,3,2018-03-01,159853325
DL,2018,Apr,4,2018-04-01,190832382
DL,2018,May,5,2018-05-01,161380043
DL,2018,Jun,6,2018-06-01,131197556
DL,2018,Jul,7,2018-07-01,138650068
DL,2018,Aug,8,2018-08-01,126580288
DL,2018,Sep,9,2018-09-01,128480011
DL,2018,Oct,10,2018-10-01,154147765
DL,2018,Nov,11,2018-11-01,129341837
DL,2018,Dec,12,2018-12-01,143267987
DL,2019,Jan,1,2019-01-01,149502677
DL,2019,Feb,2,2019-02-01,143208135
DL,2019,Mar,3,2019-03-01,170371096
DL,2019,Apr,4,2019-04-01,210699152
DL,2019,May,5,2019-05-01,178479359
DL,2019,Jun,6,2019-06-01,142907920
DL,2019,Jul,7,2019-07-01,151572996
DL,2019,Aug,8,2019-08-01,138420173
DL,2019,Sep,9,2019-09-01,161352350
DL,2019,Oct,10,2019-10-01,160585762
DL,2019,Nov,11,2019-11-01,138414540
DL,2019,Dec,12,2019-12-01,106901872
DL,2020,Jan,1,2020-01-01,122971790
DL,2020,Feb,2,2020-02-01,103231066
DL,2020,Mar,3,2020-03-01,83205185
DL,2020,Apr,4,2020-04-01,18459625
DL,2020,May,5,2020-05-01,35242997
DL,2020,Jun,6,2020-06-01,71072828
DL,2020,Jul,7,2020-07-01,114643958
DL,2020,Aug,8,2020-08-01,99856758
DL,2020,Sep,9,2020-09-01,86101283
DL,2020,Oct,10,2020-10-01,96488756
DL,2020,Nov,11,2020-11-01,77508747
DL,2020,Dec,12,2020-12-01,138344330
DL,2021,Jan,1,2021-01-01,117071431
DL,2021,Feb,2,2021-02-01,141420281
DL,2021,Mar,3,2021-03-01,213274610
DL,2021,Apr,4,2021-04-01,126246711
DL,2021,May,5,2021-05-01,21201739
DL,2021,Jun,6,2021-06-01,123200140
DL,2021,Jul,7,2021-07-01,142854637
DL,2021,Aug,8,2021-08-01,115699643
DL,2021,Sep,9,2021-09-01,181359369
DL,2021,Oct,10,2021-10-01,157363140
DL,2021,Nov,11,2021-11-01,161267739
DL,2021,Dec,12,2021-12-01,139248670
DL,2022,Jan,1,2022-01-01,136050218
DL,2022,Feb,2,2022-02-01,145211597
DL,2022,Mar,3,2022-03-01,200846521
DL,2022,Apr,4,2022-04-01,227115268
DL,2022,May,5,2022-05-01,116879631
DL,2022,Jun,6,2022-06-01,126300297
DL,2022,Jul,7,2022-07-01,121033326
DL,2022,Aug,8,2022-08-01,114487489
DL,2022,Sep,9,2022-09-01,131615867
DL,2022,Oct,10,2022-10-01,138545490
DL,2022,Nov,11,2022-11-01,139890061
DL,2022,Dec,12,2022-12-01,165226107
DL,2023,Jan,1,2023-01-01,171150893
DL,2023,Feb,2,2023-02-01,157220328
DL,2023,Mar,3,2023-03-01,238836567
DL,2023,Apr,4,2023-04-01,225875769
DL,2023,May,5,2023-05-01,127511274
DL,2023,Jun,6,2023-06-01,148636006
DL,2023,Jul,7,2023-07-01,127254207
DL,2023,Aug,8,2023-08-01,140553677
DL,2023,Sep,9,2023-09-01,155625810
DL,2023,Oct,10,2023-10-01,177218487
DL,2023,Nov,11,2023-11-01,152823763
DL,2023,Dec,12,2023-12-01,145469577
DL,2024,Jan,1,2024-01-01,192555680
DL,2024,Feb,2,2024-02-01,182421581
DL,2024,Mar,3,2024-03-01,221504663
DL,2024,Apr,4,2024-04-01,243921700
DL,2024,May,5,2024-05-01,153262269
DL,2024,Jun,6,2024-06-01,137574598
DL,2024,Jul,7,2024-07-01,146391950
DL,2024,Aug,8,2024-08-01,132802828
DL,2024,Sep,9,2024-09-01,176442030
DL,2024,Oct,10,2024-10-01,187746998
DL,2024,Nov,11,2024-11-01,191956720
DL,2024,Dec,12,2024-12-01,172890025
DL,2025,Jan,1,2025-01-01,184083762
DL,2025,Feb,2,2025-02-01,183843360
DL,2025,Mar,3,2025-03-01,235340341
DL,2025,Apr,4,2025-04-01,240088247
DL,2025,May,5,2025-05-01,165572693
DL,2025,Jun,6,2025-06-01,125680811
DL,2025,Jul,7,2025-07-01,144569111
DL,2025,Aug,8,2025-08-01,123114587
DL,2025,Sep,9,2025-09-01,152051491
DL,2025,Oct,10,2025-10-01,154220884
DL,2025,Nov,11,2025-11-01,148502877
DL,2025,Dec,12,2025-12-01,138907934
DL,2026,Jan,1,2026-01-01,160288260
DL,2026,Feb,2,2026-02-01,150958104
DL,2026,Mar,3,2026-03-01,219039778
DL,2026,Apr,4,2026-04-01,277604456
DL,2026,May,5,2026-05-01,130354367
DL,2026,Jun,6,2026-06-01,128924244
DL,2026,Jul,7,2026-07-01,137028396
DL,2026,Aug,8,2026-08-01,25319771
DN,2010,Jan,1,2010-01-01,3422158326
DN,2010,Feb,2,2010-02-01,2966555757
DN,2010,Mar,3,2010-03-01,2813715947
DN,2010,Apr,4,2010-04-01,4713892976
DN,2010,May,5,2010-05-01,3533387275
DN,2010,Jun,6,2010-06-01,2159452580
DN,2010,Jul,7,2010-07-01,4331037682
DN,2010,Aug,8,2010-08-01,3244574213
DN,2010,Sep,9,2010-09-01,2067956654
DN,2010,Oct,10,2010-10-01,4428807344
DN,2010,Nov,11,2010-11-01,3495982021
DN,2010,Dec,12,2010-12-01,2745938115
DN,2011,Jan,1,2011-01-01,4718869341
DN,2011,Feb,2,2011-02-01,3076621961
DN,2011,Mar,3,2011-03-01,3700712095
DN,2011,Apr,4,2011-04-01,5754219224
DN,2011,May,5,2011-05-01,4366437348
DN,2011,Jun,6,2011-06-01,2516943309
DN,2011,Jul,7,2011-07-01,5284569622
DN,2011,Aug,8,2011-08-01,3847905810
DN,2011,Sep,9,2011-09-01,2994498059
DN,2011,Oct,10,2011-10-01,5097654821
DN,2011,Nov,11,2011-11-01,4635516958
DN,2011,Dec,12,2011-12-01,2936510793
DN,2012,Jan,1,2012-01-01,6477513688
DN,2012,Feb,2,2012-02-01,4113225436
DN,2012,Mar,3,2012-03-01,4381233316
DN,2012,Apr,4,2012-04-01,7178818610
DN,2012,May,5,2012-05-01,5488335467
DN,2012,Jun,6,2012-06-01,3750114637
DN,2012,Jul,7,2012-07-01,7094312012
DN,2012,Aug,8,2012-08-01,4046435562
DN,2012,Sep,9,2012-09-01,3655354566
DN,2012,Oct,10,2012-10-01,6827141800
DN,2012,Nov,11,2012-11-01,5253409384
DN,2012,Dec,12,2012-12-01,4354344830
DN,2013,Jan,1,2013-01-01,7188939023
DN,2013,Feb,2,2013-02-01,4901013233
DN,2013,Mar,3,2013-03-01,7439471709
DN,2013,Apr,4,2013-04-01,9058986659
DN,2013,May,5,2013-05-01,6295728239
DN,2013,Jun,6,2013-06-01,4372674272
DN,2013,Jul,7,2013-07-01,7201991826
DN,2013,Aug,8,2013-08-01,4736025015
DN,2013,Sep,9,2013-09-01,4424301541
DN,2013,Oct,10,2013-10-01,7733790539
DN,2013,Nov,11,2013-11-01,5790101557
DN,2013,Dec,12,2013-12-01,5140798497
DN,2014,Jan,1,2014-01-01,7913484538
DN,2014,Feb,2,2014-02-01,5130218045
DN,2014,Mar,3,2014-03-01,6610849582
DN,2014,Apr,4,2014-04-01,9376248465
DN,2014,May,5,2014-05-01,6783931642
DN,2014,Jun,6,2014-06-01,4975628392
DN,2014,Jul,7,2014-07-01,8425664249
DN,2014,Aug,8,2014-08-01,5312334818
DN,2014,Sep,9,2014-09-01,5318065850
DN,2014,Oct,10,2014-10-01,7818622822
DN,2014,Nov,11,2014-11-01,6521926488
DN,2014,Dec,12,2014-12-01,6072750867
DN,2015,Jan,1,2015-01-01,11423975639
DN,2015,Feb,2,2015-02-01,6178040109
DN,2015,Mar,3,2015-03-01,8708307808
DN,2015,Apr,4,2015-04-01,9762940201
DN,2015,May,5,2015-05-01,7133638911
DN,2015,Jun,6,2015-06-01,5659829374
DN,2015,Jul,7,2015-07-01,8387451531
DN,2015,Aug,8,2015-08-01,6598136521
DN,2015,Sep,9,2015-09-01,5760988815
DN,2015,Oct,10,2015-10-01,8744829091
DN,2015,Nov,11,2015-11-01,7089966092
DN,2015,Dec,12,2015-12-01,6452410614
DN,2016,Jan,1,2016-01-01,9318695973
DN,2016,Feb,2,2016-02-01,7221544047
DN,2016,Mar,3,2016-03-01,8438259082
DN,2016,Apr,4,2016-04-01,14107216574
DN,2016,May,5,2016-05-01,9230888905
DN,2016,Jun,6,2016-06-01,7581647793
DN,2016,Jul,7,2016-07-01,9027803773
DN,2016,Aug,8,2016-08-01,7061332347
DN,2016,Sep,9,2016-09-01,6542918398
DN,2016,Oct,10,2016-10-01,10265979511
DN,2016,Nov,11,2016-11-01,9470677934
DN,2016,Dec,12,2016-12-01,6167295834
DN,2017,Jan,1,2017-01-01,9874351930
DN,2017,Feb,2,2017-02-01,8156048002
DN,2017,Mar,3,2017-03-01,12844339787
DN,2017,Apr,4,2017-04-01,32777423036
DN,2017,May,5,2017-05-01,10527796557
DN,2017,Jun,6,2017-06-01,8619303626
DN,2017,Jul,7,2017-07-01,12399215382
DN,2017,Aug,8,2017-08-01,9234196592
DN,2017,Sep,9,2017-09-01,9006292137
DN,2017,Oct,10,2017-10-01,12853132946
DN,2017,Nov,11,2017-11-01,12021563145
DN,2017,Dec,12,2017-12-01,12272210741
DN,2018,Jan,1,2018-01-01,14842959172
DN,2018,Feb,2,2018-02-01,10042924723
DN,2018,Mar,3,2018-03-01,17610524568
DN,2018,Apr,4,2018-04-01,167131367266
DN,2018,May,5,2018-05-01,12299525360
DN,2018,Jun,6,2018-06-01,10337922130
DN,2018,Jul,7,2018-07-01,13812958958
DN,2018,Aug,8,2018-08-01,10059612819
DN,2018,Sep,9,2018-09-01,10353661248
DN,2018,Oct,10,2018-10-01,14973630825
DN,2018,Nov,11,2018-11-01,12271457058
DN,2018,Dec,12,2018-12-01,11036761180
DN,2019,Jan,1,2019-01-01,15048503543
DN,2019,Feb,2,2019-02-01,11533002695
DN,2019,Mar,3,2019-03-01,16061089507
DN,2019,Apr,4,2019-04-01,19407031887
DN,2019,May,5,2019-05-01,13209399878
DN,2019,Jun,6,2019-06-01,9637138110
DN,2019,Jul,7,2019-07-01,14890166418
DN,2019,Aug,8,2019-08-01,10783340957
DN,2019,Sep,9,2019-09-01,10580607583
DN,2019,Oct,10,2019-10-01,15035197405
DN,2019,Nov,11,2019-11-01,12709655514
DN,2019,Dec,12,2019-12-01,11230456934
DN,2020,Jan,1,2020-01-01,15529308049
DN,2020,Feb,2,2020-02-01,12966278676
DN,2020,Mar,3,2020-03-01,13359069846
DN,2020,Apr,4,2020-04-01,1993250627
DN,2020,May,5,2020-05-01,3998367142
DN,2020,Jun,6,2020-06-01,9372620600
DN,2020,Jul,7,2020-07-01,10249066610
DN,2020,Aug,8,2020-08-01,7241865350
DN,2020,Sep,9,2020-09-01,9070915313
DN,2020,Oct,10,2020-10-01,12515314786
DN,2020,Nov,11,2020-11-01,9972609693
DN,2020,Dec,12,2020-12-01,12194614188
DN,2021,Jan,1,2021-01-01,13234984775
DN,2021,Feb,2,2021-02-01,11779486665
DN,2021,Mar,3,2021-03-01,18793624257
DN,2021,Apr,4,2021-04-01,12393151256
DN,2021,May,5,2021-05-01,4394281295
DN,2021,Jun,6,2021-06-01,8349182899
DN,2021,Jul,7,2021-07-01,11294668339
DN,2021,Aug,8,2021-08-01,11042612445
DN,2021,Sep,9,2021-09-01,11129375318
DN,2021,Oct,10,2021-10-01,13255172901
DN,2021,Nov,11,2021-11-01,12909854594
DN,2021,Dec,12,2021-12-01,12861676801
DN,2022,Jan,1,2022-01-01,15430511593
DN,2022,Feb,2,2022-02-01,13613221287
DN,2022,Mar,3,2022-03-01,21469353028
DN,2022,Apr,4,2022-04-01,19970659220
DN,2022,May,5,2022-05-01,13943174263
DN,2022,Jun,6,2022-06-01,12899496942
DN,2022,Jul,7,2022-07-01,16083966460
DN,2022,Aug,8,2022-08-01,13566630358
DN,2022,Sep,9,2022-09-01,13181518450
DN,2022,Oct,10,2022-10-01,16323567138
DN,2022,Nov,11,2022-11-01,15498288169
DN,2022,Dec,12,2022-12-01,14180339226
DN,2023,Jan,1,2023-01-01,18054888085
DN,2023,Feb,2,2023-02-01,15378373046
DN,2023,Mar,3,2023-03-01,23778740457
DN,2023,Apr,4,2023-04-01,21008337028
DN,2023,May,5,2023-05-01,15820554147
DN,2023,Jun,6,2023-06-01,13386259218
DN,2023,Jul,7,2023-07-01,17855290160
DN,2023,Aug,8,2023-08-01,15607707307
DN,2023,Sep,9,2023-09-01,14769172912
DN,2023,Oct,10,2023-10-01,20180310655
DN,2023,Nov,11,2023-11-01,16337545537
DN,2023,Dec,12,2023-12-01,16154155435
DN,2024,Jan,1,2024-01-01,21153745791
DN,2024,Feb,2,2024-02-01,18341638709
DN,2024,Mar,3,2024-03-01,25020404135
DN,2024,Apr,4,2024-04-01,27373247895
DN,2024,May,5,2024-05-01,18867328735
DN,2024,Jun,6,2024-06-01,14922177481
DN,2024,Jul,7,2024-07-01,21191506952
DN,2024,Aug,8,2024-08-01,16680025707
DN,2024,Sep,9,2024-09-01,15747974004
DN,2024,Oct,10,2024-10-01,22047542679
DN,2024,Nov,11,2024-11-01,18445584240
DN,2024,Dec,12,2024-12-01,17035610975
DN,2025,Jan,1,2025-01-01,23099435401
DN,2025,Feb,2,2025-02-01,18404432547
DN,2025,Mar,3,2025-03-01,28467710547
DN,2025,Apr,4,2025-04-01,26153787541
DN,2025,May,5,2025-05-01,19252988563
DN,2025,Jun,6,2025-06-01,15952428957
DN,2025,Jul,7,2025-07-01,21880240883
DN,2025,Aug,8,2025-08-01,17806192936
DN,2025,Sep,9,2025-09-01,16839804321
DN,2025,Oct,10,2025-10-01,24329433675
DN,2025,Nov,11,2025-11-01,20800123148
DN,2025,Dec,12,2025-12-01,20338894095
DN,2026,Jan,1,2026-01-01,26682570117
DN,2026,Feb,2,2026-02-01,23360037672
DN,2026,Mar,3,2026-03-01,33278426379
DN,2026,Apr,4,2026-04-01,32201163149
DN,2026,May,5,2026-05-01,22077360114
DN,2026,Jun,6,2026-06-01,19923262739
DN,2026,Jul,7,2026-07-01,24468541975
DN,2026,Aug,8,2026-08-01,4284646254
GA,2010,Jan,1,2010-01-01,680187
GA,2010,Feb,2,2010-02-01,692944
GA,2010,Mar,3,2010-03-01,423953
GA,2010,Apr,4,2010-04-01,4747330
GA,2010,May,5,2010-05-01,2940042
GA,2010,Jun,6,2010-06-01,870531
GA,2010,Jul,7,2010-07-01,897449
GA,2010,Aug,8,2010-08-01,1936308
GA,2010,Sep,9,2010-09-01,3313411
GA,2010,Oct,10,2010-10-01,32738834
GA,2010,Nov,11,2010-11-01,5145418
GA,2010,Dec,12,2010-12-01,4149606
GA,2011,Jan,1,2011-01-01,4184265
GA,2011,Feb,2,2011-02-01,2507926
GA,2011,Mar,3,2011-03-01,2901786
GA,2011,Apr,4,2011-04-01,11575847
GA,2011,May,5,2011-05-01,11564758
GA,2011,Jun,6,2011-06-01,3540385
GA,2011,Jul,7,2011-07-01,2919603
GA,2011,Aug,8,2011-08-01,7119259
GA,2011,Sep,9,2011-09-01,6608357
GA,2011,Oct,10,2011-10-01,6282224
GA,2011,Nov,11,2011-11-01,6762436
GA,2011,Dec,12,2011-12-01,4080861
GA,2012,Jan,1,2012-01-01,2580402
GA,2012,Feb,2,2012-02-01,1518914
GA,2012,Mar,3,2012-03-01,1493326
GA,2012,Apr,4,2012-04-01,19163880
GA,2012,May,5,2012-05-01,30470329
GA,2012,Jun,6,2012-06-01,3777403
GA,2012,Jul,7,2012-07-01,3477841
GA,2012,Aug,8,2012-08-01,3584591
GA,2012,Sep,9,2012-09-01,6512752
GA,2012,Oct,10,2012-10-01,5870237
GA,2012,Nov,11,2012-11-01,5916668
GA,2012,Dec,12,2012-12-01,3870075
GA,2013,Jan,1,2013-01-01,4843230
GA,2013,Feb,2,2013-02-01,4339391
GA,2013,Mar,3,2013-03-01,5423576
GA,2013,Apr,4,2013-04-01,13388328
GA,2013,May,5,2013-05-01,17354505
GA,2013,Jun,6,2013-06-01,3863395
GA,2013,Jul,7,2013-07-01,3690484
GA,2013,Aug,8,2013-08-01,4055462
GA,2013,Sep,9,2013-09-01,4369997
GA,2013,Oct,10,2013-10-01,5796191
GA,2013,Nov,11,2013-11-01,4341200
GA,2013,Dec,12,2013-12-01,3802717
GA,2014,Jan,1,2014-01-01,5548712
GA,2014,Feb,2,2014-02-01,3732247
GA,2014,Mar,3,2014-03-01,3906300
GA,2014,Apr,4,2014-04-01,8895364
GA,2014,May,5,2014-05-01,8798575
GA,2014,Jun,6,2014-06-01,8221758
GA,2014,Jul,7,2014-07-01,8532494
GA,2014,Aug,8,2014-08-01,8855890
GA,2014,Sep,9,2014-09-01,8862053
GA,2014,Oct,10,2014-10-01,10503930
GA,2014,Nov,11,2014-11-01,9843384
GA,2014,Dec,12,2014-12-01,10804323
GA,2015,Jan,1,2015-01-01,9890930
GA,2015,Feb,2,2015-02-01,7950504
GA,2015,Mar,3,2015-03-01,10057116
GA,2015,Apr,4,2015-04-01,10025034
GA,2015,May,5,2015-05-01,8622579
GA,2015,Jun,6,2015-06-01,8864921
GA,2015,Jul,7,2015-07-01,8611522
GA,2015,Aug,8,2015-08-01,8463692
GA,2015,Sep,9,2015-09-01,9771955
GA,2015,Oct,10,2015-10-01,10958903
GA,2015,Nov,11,2015-11-01,10647564
GA,2015,Dec,12,2015-12-01,11635003
GA,2016,Jan,1,2016-01-01,10828134
GA,2016,Feb,2,2016-02-01,10654063
GA,2016,Mar,3,2016-03-01,13435729
GA,2016,Apr,4,2016-04-01,11502753
GA,2016,May,5,2016-05-01,9758331
GA,2016,Jun,6,2016-06-01,11778264
GA,2016,Jul,7,2016-07-01,9977033
GA,2016,Aug,8,2016-08-01,11515550
GA,2016,Sep,9,2016-09-01,11130564
GA,2016,Oct,10,2016-10-01,21694898
GA,2016,Nov,11,2016-11-01,18040148
GA,2016,Dec,12,2016-12-01,16634604
GA,2017,Jan,1,2017-01-01,19973292
GA,2017,Feb,2,2017-02-01,13792622
GA,2017,Mar,3,2017-03-01,20073161
GA,2017,Apr,4,2017-04-01,77247665
GA,2017,May,5,2017-05-01,83984857
GA,2017,Jun,6,2017-06-01,20590428
GA,2017,Jul,7,2017-07-01,18078755
GA,2017,Aug,8,2017-08-01,20011870
GA,2017,Sep,9,2017-09-01,20395563
GA,2017,Oct,10,2017-10-01,21351496
GA,2017,Nov,11,2017-11-01,24360416
GA,2017,Dec,12,2017-12-01,21497155
GA,2018,Jan,1,2018-01-01,23714803
GA,2018,Feb,2,2018-02-01,17599764
GA,2018,Mar,3,2018-03-01,21428141
GA,2018,Apr,4,2018-04-01,57528100
GA,2018,May,5,2018-05-01,64164979
GA,2018,Jun,6,2018-06-01,19017337
GA,2018,Jul,7,2018-07-01,18222195
GA,2018,Aug,8,2018-08-01,20713091
GA,2018,Sep,9,2018-09-01,17965637
GA,2018,Oct,10,2018-10-01,25414309
GA,2018,Nov,11,2018-11-01,22094501
GA,2018,Dec,12,2018-12-01,19901584
GA,2019,Jan,1,2019-01-01,23870816
GA,2019,Feb,2,2019-02-01,19914743
GA,2019,Mar,3,2019-03-01,22952399
GA,2019,Apr,4,2019-04-01,66035269
GA,2019,May,5,2019-05-01,71703349
GA,2019,Jun,6,2019-06-01,19765113
GA,2019,Jul,7,2019-07-01,19901254
GA,2019,Aug,8,2019-08-01,18153614
GA,2019,Sep,9,2019-09-01,19654092
GA,2019,Oct,10,2019-10-01,22578237
GA,2019,Nov,11,2019-11-01,26365890
GA,2019,Dec,12,2019-12-01,22130388
GA,2020,Jan,1,2020-01-01,23264997
GA,2020,Feb,2,2020-02-01,18268489
GA,2020,Mar,3,2020-03-01,16634380
GA,2020,Apr,4,2020-04-01,4607601
GA,2020,May,5,2020-05-01,54099704
GA,2020,Jun,6,2020-06-01,19226051
GA,2020,Jul,7,2020-07-01,15526870
GA,2020,Aug,8,2020-08-01,15440783
GA,2020,Sep,9,2020-09-01,24031389
GA,2020,Oct,10,2020-10-01,28401928
GA,2020,Nov,11,2020-11-01,24979250
GA,2020,Dec,12,2020-12-01,19367604
GA,2021,Jan,1,2021-01-01,15027212
GA,2021,Feb,2,2021-02-01,14350262
GA,2021,Mar,3,2021-03-01,18645762
GA,2021,Apr,4,2021-04-01,24805337
GA,2021,May,5,2021-05-01,10113879
GA,2021,Jun,6,2021-06-01,15356793
GA,2021,Jul,7,2021-07-01,15888322
GA,2021,Aug,8,2021-08-01,19386851
GA,2021,Sep,9,2021-09-01,28114530
GA,2021,Oct,10,2021-10-01,28333815
GA,2021,Nov,11,2021-11-01,28674621
GA,2021,Dec,12,2021-12-01,28586965
GA,2022,Jan,1,2022-01-01,23297468
GA,2022,Feb,2,2022-02-01,20822867
GA,2022,Mar,3,2022-03-01,35797723
GA,2022,Apr,4,2022-04-01,79444726
GA,2022,May,5,2022-05-01,62858608
GA,2022,Jun,6,2022-06-01,31824352
GA,2022,Jul,7,2022-07-01,26998748
GA,2022,Aug,8,2022-08-01,27063105
GA,2022,Sep,9,2022-09-01,33025929
GA,2022,Oct,10,2022-10-01,35697155
GA,2022,Nov,11,2022-11-01,35703716
GA,2022,Dec,12,2022-12-01,35876398
GA,2023,Jan,1,2023-01-01,35781931
GA,2023,Feb,2,2023-02-01,31423606
GA,2023,Mar,3,2023-03-01,48897267
GA,2023,Apr,4,2023-04-01,90939248
GA,2023,May,5,2023-05-01,71772218
GA,2023,Jun,6,2023-06-01,34195687
GA,2023,Jul,7,2023-07-01,28945753
GA,2023,Aug,8,2023-08-01,32082320
GA,2023,Sep,9,2023-09-01,36055508
GA,2023,Oct,10,2023-10-01,42392920
GA,2023,Nov,11,2023-11-01,44972970
GA,2023,Dec,12,2023-12-01,39480969
GA,2024,Jan,1,2024-01-01,50846688
GA,2024,Feb,2,2024-02-01,44983095
GA,2024,Mar,3,2024-03-01,61428035
GA,2024,Apr,4,2024-04-01,112166964
GA,2024,May,5,2024-05-01,76411845
GA,2024,Jun,6,2024-06-01,38420796
GA,2024,Jul,7,2024-07-01,38243272
GA,2024,Aug,8,2024-08-01,42544903
GA,2024,Sep,9,2024-09-01,39292617
GA,2024,Oct,10,2024-10-01,58593122
GA,2024,Nov,11,2024-11-01,59111876
GA,2024,Dec,12,2024-12-01,59532672
GA,2025,Jan,1,2025-01-01,65690679
GA,2025,Feb,2,2025-02-01,56117976
GA,2025,Mar,3,2025-03-01,64141172
GA,2025,Apr,4,2025-04-01,114295566
GA,2025,May,5,2025-05-01,85893028
GA,2025,Jun,6,2025-06-01,38333346
GA,2025,Jul,7,2025-07-01,39593895
GA,2025,Aug,8,2025-08-01,34144634
GA,2025,Sep,9,2025-09-01,48836697
GA,2025,Oct,10,2025-10-01,44583715
GA,2025,Nov,11,2025-11-01,48080054
GA,2025,Dec,12,2025-12-01,53887830
GA,2026,Jan,1,2026-01-01,58767726
GA,2026,Feb,2,2026-02-01,54051283
GA,2026,Mar,3,2026-03-01,69449867
GA,2026,Apr,4,2026-04-01,121916579
GA,2026,May,5,2026-05-01,80393622
GA,2026,Jun,6,2026-06-01,47732409
GA,2026,Jul,7,2026-07-01,43041717
GA,2026,Aug,8,2026-08-01,7960592
GJ,2010,Jan,1,2010-01-01,12446789
GJ,2010,Feb,2,2010-02-01,16401180
GJ,2010,Mar,3,2010-03-01,18566090
GJ,2010,Apr,4,2010-04-01,51624818
GJ,2010,May,5,2010-05-01,17450847
GJ,2010,Jun,6,2010-06-01,49601054
GJ,2010,Jul,7,2010-07-01,24351595
GJ,2010,Aug,8,2010-08-01,24147561
GJ,2010,Sep,9,2010-09-01,29943953
GJ,2010,Oct,10,2010-10-01,42902661
GJ,2010,Nov,11,2010-11-01,33568896
GJ,2010,Dec,12,2010-12-01,32268678
GJ,2011,Jan,1,2011-01-01,39211921
GJ,2011,Feb,2,2011-02-01,107031973
GJ,2011,Mar,3,2011-03-01,52030465
GJ,2011,Apr,4,2011-04-01,63496718
GJ,2011,May,5,2011-05-01,56029306
GJ,2011,Jun,6,2011-06-01,56508598
GJ,2011,Jul,7,2011-07-01,57713620
GJ,2011,Aug,8,2011-08-01,55641293
GJ,2011,Sep,9,2011-09-01,65783161
GJ,2011,Oct,10,2011-10-01,83482788
GJ,2011,Nov,11,2011-11-01,80534397
GJ,2011,Dec,12,2011-12-01,73498696
GJ,2012,Jan,1,2012-01-01,75685617
GJ,2012,Feb,2,2012-02-01,82456140
GJ,2012,Mar,3,2012-03-01,93035343
GJ,2012,Apr,4,2012-04-01,112845516
GJ,2012,May,5,2012-05-01,80881554
GJ,2012,Jun,6,2012-06-01,84843894
GJ,2012,Jul,7,2012-07-01,95640076
GJ,2012,Aug,8,2012-08-01,85200589
GJ,2012,Sep,9,2012-09-01,82271650
GJ,2012,Oct,10,2012-10-01,102539851
GJ,2012,Nov,11,2012-11-01,116997956
GJ,2012,Dec,12,2012-12-01,94082023
GJ,2013,Jan,1,2013-01-01,113428904
GJ,2013,Feb,2,2013-02-01,115735891
GJ,2013,Mar,3,2013-03-01,148384865
GJ,2013,Apr,4,2013-04-01,325886861
GJ,2013,May,5,2013-05-01,126535046
GJ,2013,Jun,6,2013-06-01,104837178
GJ,2013,Jul,7,2013-07-01,118504180
GJ,2013,Aug,8,2013-08-01,94554660
GJ,2013,Sep,9,2013-09-01,107237528
GJ,2013,Oct,10,2013-10-01,184102546
GJ,2013,Nov,11,2013-11-01,107663219
GJ,2013,Dec,12,2013-12-01,96519524
GJ,2014,Jan,1,2014-01-01,110374838
GJ,2014,Feb,2,2014-02-01,98073160
GJ,2014,Mar,3,2014-03-01,229527562
GJ,2014,Apr,4,2014-04-01,378872591
GJ,2014,May,5,2014-05-01,117668390
GJ,2014,Jun,6,2014-06-01,119464475
GJ,2014,Jul,7,2014-07-01,127871189
GJ,2014,Aug,8,2014-08-01,101313569
GJ,2014,Sep,9,2014-09-01,134358190
GJ,2014,Oct,10,2014-10-01,158606304
GJ,2014,Nov,11,2014-11-01,137597521
GJ,2014,Dec,12,2014-12-01,122248403
GJ,2015,Jan,1,2015-01-01,112832918
GJ,2015,Feb,2,2015-02-01,116740712
GJ,2015,Mar,3,2015-03-01,175376558
GJ,2015,Apr,4,2015-04-01,207375559
GJ,2015,May,5,2015-05-01,114569118
GJ,2015,Jun,6,2015-06-01,122507462
GJ,2015,Jul,7,2015-07-01,124850112
GJ,2015,Aug,8,2015-08-01,123566133
GJ,2015,Sep,9,2015-09-01,137058835
GJ,2015,Oct,10,2015-10-01,181067103
GJ,2015,Nov,11,2015-11-01,141443900
GJ,2015,Dec,12,2015-12-01,123375335
GJ,2016,Jan,1,2016-01-01,126234495
GJ,2016,Feb,2,2016-02-01,135785622
GJ,2016,Mar,3,2016-03-01,247376466
GJ,2016,Apr,4,2016-04-01,2338391042
GJ,2016,May,5,2016-05-01,519324778
GJ,2016,Jun,6,2016-06-01,442526074
GJ,2016,Jul,7,2016-07-01,346684276
GJ,2016,Aug,8,2016-08-01,326614948
GJ,2016,Sep,9,2016-09-01,414964325
GJ,2016,Oct,10,2016-10-01,850923714
GJ,2016,Nov,11,2016-11-01,582804574
GJ,2016,Dec,12,2016-12-01,298650697
GJ,2017,Jan,1,2017-01-01,346930369
GJ,2017,Feb,2,2017-02-01,414205113
GJ,2017,Mar,3,2017-03-01,1433805628
GJ,2017,Apr,4,2017-04-01,3055170617
GJ,2017,May,5,2017-05-01,729039365
GJ,2017,Jun,6,2017-06-01,665526807
GJ,2017,Jul,7,2017-07-01,580346480
GJ,2017,Aug,8,2017-08-01,582397181
GJ,2017,Sep,9,2017-09-01,651226531
GJ,2017,Oct,10,2017-10-01,1200999950
GJ,2017,Nov,11,2017-11-01,873149745
GJ,2017,Dec,12,2017-12-01,749042670
GJ,2018,Jan,1,2018-01-01,836786424
GJ,2018,Feb,2,2018-02-01,769158495
GJ,2018,Mar,3,2018-03-01,1639941959
GJ,2018,Apr,4,2018-04-01,3159579949
GJ,2018,May,5,2018-05-01,1018022765
GJ,2018,Jun,6,2018-06-01,842391474
GJ,2018,Jul,7,2018-07-01,753360365
GJ,2018,Aug,8,2018-08-01,796343056
GJ,2018,Sep,9,2018-09-01,984203510
GJ,2018,Oct,10,2018-10-01,1425010264
GJ,2018,Nov,11,2018-11-01,831027368
GJ,2018,Dec,12,2018-12-01,917560828
GJ,2019,Jan,1,2019-01-01,912594622
GJ,2019,Feb,2,2019-02-01,865462004
GJ,2019,Mar,3,2019-03-01,1899183697
GJ,2019,Apr,4,2019-04-01,2316385017
GJ,2019,May,5,2019-05-01,1094753432
GJ,2019,Jun,6,2019-06-01,860726272
GJ,2019,Jul,7,2019-07-01,881731885
GJ,2019,Aug,8,2019-08-01,703947111
GJ,2019,Sep,9,2019-09-01,815838824
GJ,2019,Oct,10,2019-10-01,1197893075
GJ,2019,Nov,11,2019-11-01,911981017
GJ,2019,Dec,12,2019-12-01,823104741
GJ,2020,Jan,1,2020-01-01,823484588
GJ,2020,Feb,2,2020-02-01,861694092
GJ,2020,Mar,3,2020-03-01,854985548
GJ,2020,Apr,4,2020-04-01,90821255
GJ,2020,May,5,2020-05-01,191221111
GJ,2020,Jun,6,2020-06-01,651678287
GJ,2020,Jul,7,2020-07-01,597802556
GJ,2020,Aug,8,2020-08-01,343997782
GJ,2020,Sep,9,2020-09-01,567302841
GJ,2020,Oct,10,2020-10-01,913317613
GJ,2020,Nov,11,2020-11-01,603586744
GJ,2020,Dec,12,2020-12-01,847848439
GJ,2021,Jan,1,2021-01-01,871775663
GJ,2021,Feb,2,2021-02-01,887983913
GJ,2021,Mar,3,2021-03-01,1375310343
GJ,2021,Apr,4,2021-04-01,1705017750
GJ,2021,May,5,2021-05-01,512180048
GJ,2021,Jun,6,2021-06-01,536206496
GJ,2021,Jul,7,2021-07-01,602084561
GJ,2021,Aug,8,2021-08-01,629910966
GJ,2021,Sep,9,2021-09-01,858784902
GJ,2021,Oct,10,2021-10-01,1156353060
GJ,2021,Nov,11,2021-11-01,867047709
GJ,2021,Dec,12,2021-12-01,1009702668
GJ,2022,Jan,1,2022-01-01,977591231
GJ,2022,Feb,2,2022-02-01,917865493
GJ,2022,Mar,3,2022-03-01,1704711440
GJ,2022,Apr,4,2022-04-01,2026860957
GJ,2022,May,5,2022-05-01,983864907
GJ,2022,Jun,6,2022-06-01,968856279
GJ,2022,Jul,7,2022-07-01,907817226
GJ,2022,Aug,8,2022-08-01,882641301
GJ,2022,Sep,9,2022-09-01,1141710170
GJ,2022,Oct,10,2022-10-01,1355474190
GJ,2022,Nov,11,2022-11-01,1248908734
GJ,2022,Dec,12,2022-12-01,1244721755
GJ,2023,Jan,1,2023-01-01,1296932997
GJ,2023,Feb,2,2023-02-01,1252816958
GJ,2023,Mar,3,2023-03-01,2190289632
GJ,2023,Apr,4,2023-04-01,2092862389
GJ,2023,May,5,2023-05-01,1168875483
GJ,2023,Jun,6,2023-06-01,1074063357
GJ,2023,Jul,7,2023-07-01,1109488393
GJ,2023,Aug,8,2023-08-01,1225923788
GJ,2023,Sep,9,2023-09-01,1368476344
GJ,2023,Oct,10,2023-10-01,1642317707
GJ,2023,Nov,11,2023-11-01,1141867449
GJ,2023,Dec,12,2023-12-01,1164345829
GJ,2024,Jan,1,2024-01-01,1310434294
GJ,2024,Feb,2,2024-02-01,1287038796
GJ,2024,Mar,3,2024-03-01,1740212847
GJ,2024,Apr,4,2024-04-01,2521047872
GJ,2024,May,5,2024-05-01,1444084254
GJ,2024,Jun,6,2024-06-01,1230159839
GJ,2024,Jul,7,2024-07-01,1225030178
GJ,2024,Aug,8,2024-08-01,1048682378
GJ,2024,Sep,9,2024-09-01,1107885903
GJ,2024,Oct,10,2024-10-01,1716802251
GJ,2024,Nov,11,2024-11-01,1191982127
GJ,2024,Dec,12,2024-12-01,1308229484
GJ,2025,Jan,1,2025-01-01,1531021462
GJ,2025,Feb,2,2025-02-01,1384950455
GJ,2025,Mar,3,2025-03-01,1868373762
GJ,2025,Apr,4,2025-04-01,1990281900
GJ,2025,May,5,2025-05-01,1314967370
GJ,2025,Jun,6,2025-06-01,1189088223
GJ,2025,Jul,7,2025-07-01,1245741046
GJ,2025,Aug,8,2025-08-01,1232309208
GJ,2025,Sep,9,2025-09-01,1411210127
GJ,2025,Oct,10,2025-10-01,1850507381
GJ,2025,Nov,11,2025-11-01,1616178718
GJ,2025,Dec,12,2025-12-01,1660105142
GJ,2026,Jan,1,2026-01-01,1754551815
GJ,2026,Feb,2,2026-02-01,1682164488
GJ,2026,Mar,3,2026-03-01,1980042430
GJ,2026,Apr,4,2026-04-01,1976354802
GJ,2026,May,5,2026-05-01,1353082518
GJ,2026,Jun,6,2026-06-01,1395369252
GJ,2026,Jul,7,2026-07-01,1447355980
GJ,2026,Aug,8,2026-08-01,387480050
HP,2010,Jan,1,2010-01-01,25606292
HP,2010,Feb,2,2010-02-01,14360202
HP,2010,Mar,3,2010-03-01,29872449
HP,2010,Apr,4,2010-04-01,96287534
HP,2010,May,5,2010-05-01,25202019
HP,2010,Jun,6,2010-06-01,22326428
HP,2010,Jul,7,2010-07-01,40369916
HP,2010,Aug,8,2010-08-01,20116689
HP,2010,Sep,9,2010-09-01,16162629
HP,2010,Oct,10,2010-10-01,31953065
HP,2010,Nov,11,2010-11-01,14775178
HP,2010,Dec,12,2010-12-01,11861677
HP,2011,Jan,1,2011-01-01,27637774
HP,2011,Feb,2,2011-02-01,13813922
HP,2011,Mar,3,2011-03-01,36928017
HP,2011,Apr,4,2011-04-01,103947759
HP,2011,May,5,2011-05-01,24275373
HP,2011,Jun,6,2011-06-01,20627133
HP,2011,Jul,7,2011-07-01,36112923
HP,2011,Aug,8,2011-08-01,16869918
HP,2011,Sep,9,2011-09-01,18325111
HP,2011,Oct,10,2011-10-01,30227519
HP,2011,Nov,11,2011-11-01,14650457
HP,2011,Dec,12,2011-12-01,14684591
HP,2012,Jan,1,2012-01-01,28255067
HP,2012,Feb,2,2012-02-01,16539162
HP,2012,Mar,3,2012-03-01,37896086
HP,2012,Apr,4,2012-04-01,133271961
HP,2012,May,5,2012-05-01,34638659
HP,2012,Jun,6,2012-06-01,23465544
HP,2012,Jul,7,2012-07-01,39903031
HP,2012,Aug,8,2012-08-01,19463668
HP,2012,Sep,9,2012-09-01,17412005
HP,2012,Oct,10,2012-10-01,33186368
HP,2012,Nov,11,2012-11-01,13957631
HP,2012,Dec,12,2012-12-01,15015293
HP,2013,Jan,1,2013-01-01,31490533
HP,2013,Feb,2,2013-02-01,15211862
HP,2013,Mar,3,2013-03-01,37708896
HP,2013,Apr,4,2013-04-01,121416850
HP,2013,May,5,2013-05-01,29712003
HP,2013,Jun,6,2013-06-01,22054523
HP,2013,Jul,7,2013-07-01,42388602
HP,2013,Aug,8,2013-08-01,21542212
HP,2013,Sep,9,2013-09-01,19998558
HP,2013,Oct,10,2013-10-01,35871075
HP,2013,Nov,11,2013-11-01,15856257
HP,2013,Dec,12,2013-12-01,15914294
HP,2014,Jan,1,2014-01-01,33302441
HP,2014,Feb,2,2014-02-01,14398363
HP,2014,Mar,3,2014-03-01,42612269
HP,2014,Apr,4,2014-04-01,126339475
HP,2014,May,5,2014-05-01,30010496
HP,2014,Jun,6,2014-06-01,24450464
HP,2014,Jul,7,2014-07-01,43370879
HP,2014,Aug,8,2014-08-01,22929692
HP,2014,Sep,9,2014-09-01,20075837
HP,2014,Oct,10,2014-10-01,34917166
HP,2014,Nov,11,2014-11-01,18757222
HP,2014,Dec,12,2014-12-01,16527632
HP,2015,Jan,1,2015-01-01,33190742
HP,2015,Feb,2,2015-02-01,17704212
HP,2015,Mar,3,2015-03-01,44135736
HP,2015,Apr,4,2015-04-01,130869760
HP,2015,May,5,2015-05-01,34941975
HP,2015,Jun,6,2015-06-01,29713466
HP,2015,Jul,7,2015-07-01,46954433
HP,2015,Aug,8,2015-08-01,25970725
HP,2015,Sep,9,2015-09-01,22996961
HP,2015,Oct,10,2015-10-01,38549671
HP,2015,Nov,11,2015-11-01,17694855
HP,2015,Dec,12,2015-12-01,17510834
HP,2016,Jan,1,2016-01-01,29412461
HP,2016,Feb,2,2016-02-01,19637750
HP,2016,Mar,3,2016-03-01,46585843
HP,2016,Apr,4,2016-04-01,137393263
HP,2016,May,5,2016-05-01,38931861
HP,2016,Jun,6,2016-06-01,30413174
HP,2016,Jul,7,2016-07-01,43649485
HP,2016,Aug,8,2016-08-01,25695071
HP,2016,Sep,9,2016-09-01,22550519
HP,2016,Oct,10,2016-10-01,36176991
HP,2016,Nov,11,2016-11-01,17450070
HP,2016,Dec,12,2016-12-01,18919610
HP,2017,Jan,1,2017-01-01,32201679
HP,2017,Feb,2,2017-02-01,29941200
HP,2017,Mar,3,2017-03-01,77892762
HP,2017,Apr,4,2017-04-01,146115267
HP,2017,May,5,2017-05-01,65587564
HP,2017,Jun,6,2017-06-01,49990404
HP,2017,Jul,7,2017-07-01,73918261
HP,2017,Aug,8,2017-08-01,50991397
HP,2017,Sep,9,2017-09-01,42351408
HP,2017,Oct,10,2017-10-01,56685291
HP,2017,Nov,11,2017-11-01,41027952
HP,2017,Dec,12,2017-12-01,40283021
HP,2018,Jan,1,2018-01-01,56908619
HP,2018,Feb,2,2018-02-01,45973471
HP,2018,Mar,3,2018-03-01,84897306
HP,2018,Apr,4,2018-04-01,181417738
HP,2018,May,5,2018-05-01,74340408
HP,2018,Jun,6,2018-06-01,55042839
HP,2018,Jul,7,2018-07-01,89037328
HP,2018,Aug,8,2018-08-01,56361078
HP,2018,Sep,9,2018-09-01,49493570
HP,2018,Oct,10,2018-10-01,71202430
HP,2018,Nov,11,2018-11-01,44375497
HP,2018,Dec,12,2018-12-01,49073521
HP,2019,Jan,1,2019-01-01,67443261
HP,2019,Feb,2,2019-02-01,45909922
HP,2019,Mar,3,2019-03-01,97093404
HP,2019,Apr,4,2019-04-01,194405658
HP,2019,May,5,2019-05-01,78543340
HP,2019,Jun,6,2019-06-01,62548433
HP,2019,Jul,7,2019-07-01,99266471
HP,2019,Aug,8,2019-08-01,68236248
HP,2019,Sep,9,2019-09-01,59156025
HP,2019,Oct,10,2019-10-01,71594943
HP,2019,Nov,11,2019-11-01,50429437
HP,2019,Dec,12,2019-12-01,48815858
HP,2020,Jan,1,2020-01-01,67958748
HP,2020,Feb,2,2020-02-01,50713975
HP,2020,Mar,3,2020-03-01,58270833
HP,2020,Apr,4,2020-04-01,9710954
HP,2020,May,5,2020-05-01,6291412
HP,2020,Jun,6,2020-06-01,17634208
HP,2020,Jul,7,2020-07-01,67942406
HP,2020,Aug,8,2020-08-01,50014297
HP,2020,Sep,9,2020-09-01,51203581
HP,2020,Oct,10,2020-10-01,44894547
HP,2020,Nov,11,2020-11-01,40653351
HP,2020,Dec,12,2020-12-01,41905677
HP,2021,Jan,1,2021-01-01,41844466
HP,2021,Feb,2,2021-02-01,42056397
HP,2021,Mar,3,2021-03-01,69027796
HP,2021,Apr,4,2021-04-01,107480235
HP,2021,May,5,2021-05-01,11854513
HP,2021,Jun,6,2021-06-01,43194398
HP,2021,Jul,7,2021-07-01,80300051
HP,2021,Aug,8,2021-08-01,66274567
HP,2021,Sep,9,2021-09-01,65611811
HP,2021,Oct,10,2021-10-01,60131344
HP,2021,Nov,11,2021-11-01,71656033
HP,2021,Dec,12,2021-12-01,57314230
HP,2022,Jan,1,2022-01-01,31448244
HP,2022,Feb,2,2022-02-01,67028152
HP,2022,Mar,3,2022-03-01,100353611
HP,2022,Apr,4,2022-04-01,245957995
HP,2022,May,5,2022-05-01,124747957
HP,2022,Jun,6,2022-06-01,107178208
HP,2022,Jul,7,2022-07-01,132452751
HP,2022,Aug,8,2022-08-01,96009691
HP,2022,Sep,9,2022-09-01,90563482
HP,2022,Oct,10,2022-10-01,90290605
HP,2022,Nov,11,2022-11-01,84943167
HP,2022,Dec,12,2022-12-01,81627294
HP,2023,Jan,1,2023-01-01,90964922
HP,2023,Feb,2,2023-02-01,78037160
HP,2023,Mar,3,2023-03-01,163713680
HP,2023,Apr,4,2023-04-01,349010666
HP,2023,May,5,2023-05-01,118368691
HP,2023,Jun,6,2023-06-01,101792380
HP,2023,Jul,7,2023-07-01,136343272
HP,2023,Aug,8,2023-08-01,109518600
HP,2023,Sep,9,2023-09-01,104678724
HP,2023,Oct,10,2023-10-01,122054619
HP,2023,Nov,11,2023-11-01,78153731
HP,2023,Dec,12,2023-12-01,99630134
HP,2024,Jan,1,2024-01-01,124238830
HP,2024,Feb,2,2024-02-01,99301547
HP,2024,Mar,3,2024-03-01,197329057
HP,2024,Apr,4,2024-04-01,424916641
HP,2024,May,5,2024-05-01,132715744
HP,2024,Jun,6,2024-06-01,96954777
HP,2024,Jul,7,2024-07-01,167786524
HP,2024,Aug,8,2024-08-01,115645319
HP,2024,Sep,9,2024-09-01,111567470
HP,2024,Oct,10,2024-10-01,136226108
HP,2024,Nov,11,2024-11-01,111643094
HP,2024,Dec,12,2024-12-01,93545029
HP,2025,Jan,1,2025-01-01,133674817
HP,2025,Feb,2,2025-02-01,89923689
HP,2025,Mar,3,2025-03-01,277291987
HP,2025,Apr,4,2025-04-01,454752329
HP,2025,May,5,2025-05-01,137943311
HP,2025,Jun,6,2025-06-01,126316341
HP,2025,Jul,7,2025-07-01,175519881
HP,2025,Aug,8,2025-08-01,103940883
HP,2025,Sep,9,2025-09-01,106908013
HP,2025,Oct,10,2025-10-01,145909113
HP,2025,Nov,11,2025-11-01,105719309
HP,2025,Dec,12,2025-12-01,115151151
HP,2026,Jan,1,2026-01-01,154086023
HP,2026,Feb,2,2026-02-01,114736779
HP,2026,Mar,3,2026-03-01,291925300
HP,2026,Apr,4,2026-04-01,435644050
HP,2026,May,5,2026-05-01,111155745
HP,2026,Jun,6,2026-06-01,123292802
HP,2026,Jul,7,2026-07-01,192983158
HP,2026,Aug,8,2026-08-01,31154628
HR,2010,Jan,1,2010-01-01,476956
HR,2010,Feb,2,2010-02-01,575238
HR,2010,Mar,3,2010-03-01,1430515
HR,2010,Apr,4,2010-04-01,920371
HR,2010,May,5,2010-05-01,1304608
HR,2010,Jun,6,2010-06-01,1836306
HR,2010,Jul,7,2010-07-01,2519039
HR,2010,Aug,8,2010-08-01,3193094
HR,2010,Sep,9,2010-09-01,3425707
HR,2010,Oct,10,2010-10-01,4140175
HR,2010,Nov,11,2010-11-01,6918290
HR,2010,Dec,12,2010-12-01,7531133
HR,2011,Jan,1,2011-01-01,8037223
HR,2011,Feb,2,2011-02-01,8869552
HR,2011,Mar,3,2011-03-01,10055949
HR,2011,Apr,4,2011-04-01,9383480
HR,2011,May,5,2011-05-01,10300161
HR,2011,Jun,6,2011-06-01,9991988
HR,2011,Jul,7,2011-07-01,11114622
HR,2011,Aug,8,2011-08-01,9449850
HR,2011,Sep,9,2011-09-01,10240699
HR,2011,Oct,10,2011-10-01,13933102
HR,2011,Nov,11,2011-11-01,12747860
HR,2011,Dec,12,2011-12-01,11029898
HR,2012,Jan,1,2012-01-01,13077924
HR,2012,Feb,2,2012-02-01,10633589
HR,2012,Mar,3,2012-03-01,11380660
HR,2012,Apr,4,2012-04-01,15795616
HR,2012,May,5,2012-05-01,11922499
HR,2012,Jun,6,2012-06-01,9700149
HR,2012,Jul,7,2012-07-01,22192275
HR,2012,Aug,8,2012-08-01,11604473
HR,2012,Sep,9,2012-09-01,11361895
HR,2012,Oct,10,2012-10-01,13538032
HR,2012,Nov,11,2012-11-01,11427004
HR,2012,Dec,12,2012-12-01,8817488
HR,2013,Jan,1,2013-01-01,11335607
HR,2013,Feb,2,2013-02-01,9894269
HR,2013,Mar,3,2013-03-01,10132591
HR,2013,Apr,4,2013-04-01,46268704
HR,2013,May,5,2013-05-01,25008109
HR,2013,Jun,6,2013-06-01,21537848
HR,2013,Jul,7,2013-07-01,47258942
HR,2013,Aug,8,2013-08-01,28560237
HR,2013,Sep,9,2013-09-01,40331900
HR,2013,Oct,10,2013-10-01,56178159
HR,2013,Nov,11,2013-11-01,29054765
HR,2013,Dec,12,2013-12-01,48249473
HR,2014,Jan,1,2014-01-01,103178874
HR,2014,Feb,2,2014-02-01,52830760
HR,2014,Mar,3,2014-03-01,71619995
HR,2014,Apr,4,2014-04-01,167233123
HR,2014,May,5,2014-05-01,74242793
HR,2014,Jun,6,2014-06-01,63031374
HR,2014,Jul,7,2014-07-01,113803133
HR,2014,Aug,8,2014-08-01,62045448
HR,2014,Sep,9,2014-09-01,64945547
HR,2014,Oct,10,2014-10-01,97742382
HR,2014,Nov,11,2014-11-01,58874739
HR,2014,Dec,12,2014-12-01,62925685
HR,2015,Jan,1,2015-01-01,140700039
HR,2015,Feb,2,2015-02-01,68937419
HR,2015,Mar,3,2015-03-01,89918843
HR,2015,Apr,4,2015-04-01,170020285
HR,2015,May,5,2015-05-01,65994785
HR,2015,Jun,6,2015-06-01,62307929
HR,2015,Jul,7,2015-07-01,107869422
HR,2015,Aug,8,2015-08-01,54671039
HR,2015,Sep,9,2015-09-01,63219873
HR,2015,Oct,10,2015-10-01,116377049
HR,2015,Nov,11,2015-11-01,56249453
HR,2015,Dec,12,2015-12-01,75302341
HR,2016,Jan,1,2016-01-01,115301996
HR,2016,Feb,2,2016-02-01,67854591
HR,2016,Mar,3,2016-03-01,81132912
HR,2016,Apr,4,2016-04-01,150117067
HR,2016,May,5,2016-05-01,73734433
HR,2016,Jun,6,2016-06-01,65851492
HR,2016,Jul,7,2016-07-01,96560986
HR,2016,Aug,8,2016-08-01,60286759
HR,2016,Sep,9,2016-09-01,72209419
HR,2016,Oct,10,2016-10-01,97783322
HR,2016,Nov,11,2016-11-01,78113334
HR,2016,Dec,12,2016-12-01,52675284
HR,2017,Jan,1,2017-01-01,130602456
HR,2017,Feb,2,2017-02-01,102093112
HR,2017,Mar,3,2017-03-01,139311958
HR,2017,Apr,4,2017-04-01,1205311887
HR,2017,May,5,2017-05-01,350255723
HR,2017,Jun,6,2017-06-01,290232715
HR,2017,Jul,7,2017-07-01,458513490
HR,2017,Aug,8,2017-08-01,194268071
HR,2017,Sep,9,2017-09-01,269861066
HR,2017,Oct,10,2017-10-01,990870610
HR,2017,Nov,11,2017-11-01,310624706
HR,2017,Dec,12,2017-12-01,339884196
HR,2018,Jan,1,2018-01-01,892730394
HR,2018,Feb,2,2018-02-01,344652969
HR,2018,Mar,3,2018-03-01,451135704
HR,2018,Apr,4,2018-04-01,681698935
HR,2018,May,5,2018-05-01,562401834
HR,2018,Jun,6,2018-06-01,359693176
HR,2018,Jul,7,2018-07-01,517774516
HR,2018,Aug,8,2018-08-01,333997526
HR,2018,Sep,9,2018-09-01,381062135
HR,2018,Oct,10,2018-10-01,541210237
HR,2018,Nov,11,2018-11-01,291390241
HR,2018,Dec,12,2018-12-01,392481414
HR,2019,Jan,1,2019-01-01,637448975
HR,2019,Feb,2,2019-02-01,334575150
HR,2019,Mar,3,2019-03-01,455484469
HR,2019,Apr,4,2019-04-01,770493002
HR,2019,May,5,2019-05-01,374604110
HR,2019,Jun,6,2019-06-01,351478240
HR,2019,Jul,7,2019-07-01,566186852
HR,2019,Aug,8,2019-08-01,339946952
HR,2019,Sep,9,2019-09-01,441943853
HR,2019,Oct,10,2019-10-01,520234992
HR,2019,Nov,11,2019-11-01,381841355
HR,2019,Dec,12,2019-12-01,401295508
HR,2020,Jan,1,2020-01-01,642421857
HR,2020,Feb,2,2020-02-01,388278829
HR,2020,Mar,3,2020-03-01,360348434
HR,2020,Apr,4,2020-04-01,116897440
HR,2020,May,5,2020-05-01,203862095
HR,2020,Jun,6,2020-06-01,265435646
HR,2020,Jul,7,2020-07-01,550844355
HR,2020,Aug,8,2020-08-01,298569071
HR,2020,Sep,9,2020-09-01,334096580
HR,2020,Oct,10,2020-10-01,438530499
HR,2020,Nov,11,2020-11-01,285097742
HR,2020,Dec,12,2020-12-01,467004302
HR,2021,Jan,1,2021-01-01,610296066
HR,2021,Feb,2,2021-02-01,436155018
HR,2021,Mar,3,2021-03-01,523967779
HR,2021,Apr,4,2021-04-01,589122069
HR,2021,May,5,2021-05-01,128801860
HR,2021,Jun,6,2021-06-01,349049678
HR,2021,Jul,7,2021-07-01,536975924
HR,2021,Aug,8,2021-08-01,355943206
HR,2021,Sep,9,2021-09-01,456434620
HR,2021,Oct,10,2021-10-01,565302086
HR,2021,Nov,11,2021-11-01,487578240
HR,2021,Dec,12,2021-12-01,543993959
HR,2022,Jan,1,2022-01-01,717758489
HR,2022,Feb,2,2022-02-01,426667988
HR,2022,Mar,3,2022-03-01,555436519
HR,2022,Apr,4,2022-04-01,767157321
HR,2022,May,5,2022-05-01,419208412
HR,2022,Jun,6,2022-06-01,441686143
HR,2022,Jul,7,2022-07-01,842555467
HR,2022,Aug,8,2022-08-01,373402508
HR,2022,Sep,9,2022-09-01,478256845
HR,2022,Oct,10,2022-10-01,574007597
HR,2022,Nov,11,2022-11-01,404160983
HR,2022,Dec,12,2022-12-01,634876974
HR,2023,Jan,1,2023-01-01,746639429
HR,2023,Feb,2,2023-02-01,466152069
HR,2023,Mar,3,2023-03-01,794571107
HR,2023,Apr,4,2023-04-01,825860187
HR,2023,May,5,2023-05-01,501764120
HR,2023,Jun,6,2023-06-01,645998903
HR,2023,Jul,7,2023-07-01,680140176
HR,2023,Aug,8,2023-08-01,484894984
HR,2023,Sep,9,2023-09-01,600747276
HR,2023,Oct,10,2023-10-01,680155605
HR,2023,Nov,11,2023-11-01,457514425
HR,2023,Dec,12,2023-12-01,692274967
HR,2024,Jan,1,2024-01-01,862763587
HR,2024,Feb,2,2024-02-01,523118311
HR,2024,Mar,3,2024-03-01,835489238
HR,2024,Apr,4,2024-04-01,1020093200
HR,2024,May,5,2024-05-01,521566506
HR,2024,Jun,6,2024-06-01,681079788
HR,2024,Jul,7,2024-07-01,794436901
HR,2024,Aug,8,2024-08-01,473583702
HR,2024,Sep,9,2024-09-01,675491049
HR,2024,Oct,10,2024-10-01,716638714
HR,2024,Nov,11,2024-11-01,494687752
HR,2024,Dec,12,2024-12-01,759873685
HR,2025,Jan,1,2025-01-01,986333241
HR,2025,Feb,2,2025-02-01,547382447
HR,2025,Mar,3,2025-03-01,928187860
HR,2025,Apr,4,2025-04-01,999831452
HR,2025,May,5,2025-05-01,677505904
HR,2025,Jun,6,2025-06-01,744749004
HR,2025,Jul,7,2025-07-01,797954665
HR,2025,Aug,8,2025-08-01,510084893
HR,2025,Sep,9,2025-09-01,702033235
HR,2025,Oct,10,2025-10-01,775101189
HR,2025,Nov,11,2025-11-01,526625893
HR,2025,Dec,12,2025-12-01,849201434
HR,2026,Jan,1,2026-01-01,981596767
HR,2026,Feb,2,2026-02-01,646134852
HR,2026,Mar,3,2026-03-01,1031999879
HR,2026,Apr,4,2026-04-01,1109424975
HR,2026,May,5,2026-05-01,629354040
HR,2026,Jun,6,2026-06-01,801554385
HR,2026,Jul,7,2026-07-01,932983897
HR,2026,Aug,8,2026-08-01,153843836
JH,2010,Jan,1,2010-01-01,75908514
JH,2010,Feb,2,2010-02-01,80418496
JH,2010,Mar,3,2010-03-01,90856533
JH,2010,Apr,4,2010-04-01,83012912
JH,2010,May,5,2010-05-01,79515093
JH,2010,Jun,6,2010-06-01,75669671
JH,2010,Jul,7,2010-07-01,91826645
JH,2010,Aug,8,2010-08-01,87508164
JH,2010,Sep,9,2010-09-01,81544975
JH,2010,Oct,10,2010-10-01,89242487
JH,2010,Nov,11,2010-11-01,83418013
JH,2010,Dec,12,2010-12-01,92841183
JH,2011,Jan,1,2011-01-01,96921811
JH,2011,Feb,2,2011-02-01,90066715
JH,2011,Mar,3,2011-03-01,109852990
JH,2011,Apr,4,2011-04-01,98993399
JH,2011,May,5,2011-05-01,99170726
JH,2011,Jun,6,2011-06-01,93016804
JH,2011,Jul,7,2011-07-01,107487409
JH,2011,Aug,8,2011-08-01,93132675
JH,2011,Sep,9,2011-09-01,103868489
JH,2011,Oct,10,2011-10-01,98971654
JH,2011,Nov,11,2011-11-01,103112405
JH,2011,Dec,12,2011-12-01,107577491
JH,2012,Jan,1,2012-01-01,116981722
JH,2012,Feb,2,2012-02-01,113240686
JH,2012,Mar,3,2012-03-01,123768703
JH,2012,Apr,4,2012-04-01,108769986
JH,2012,May,5,2012-05-01,111369741
JH,2012,Jun,6,2012-06-01,109045430
JH,2012,Jul,7,2012-07-01,130335558
JH,2012,Aug,8,2012-08-01,112247185
JH,2012,Sep,9,2012-09-01,106879532
JH,2012,Oct,10,2012-10-01,123260678
JH,2012,Nov,11,2012-11-01,111115797
JH,2012,Dec,12,2012-12-01,125025605
JH,2013,Jan,1,2013-01-01,126753691
JH,2013,Feb,2,2013-02-01,120966330
JH,2013,Mar,3,2013-03-01,131392721
JH,2013,Apr,4,2013-04-01,135499729
JH,2013,May,5,2013-05-01,123256573
JH,2013,Jun,6,2013-06-01,124870633
JH,2013,Jul,7,2013-07-01,146067535
JH,2013,Aug,8,2013-08-01,123380991
JH,2013,Sep,9,2013-09-01,125509337
JH,2013,Oct,10,2013-10-01,131050861
JH,2013,Nov,11,2013-11-01,120795840
JH,2013,Dec,12,2013-12-01,139399145
JH,2014,Jan,1,2014-01-01,150285984
JH,2014,Feb,2,2014-02-01,118442631
JH,2014,Mar,3,2014-03-01,172441597
JH,2014,Apr,4,2014-04-01,129336617
JH,2014,May,5,2014-05-01,130755032
JH,2014,Jun,6,2014-06-01,128086678
JH,2014,Jul,7,2014-07-01,149424240
JH,2014,Aug,8,2014-08-01,136304903
JH,2014,Sep,9,2014-09-01,147750770
JH,2014,Oct,10,2014-10-01,126686862
JH,2014,Nov,11,2014-11-01,138572532
JH,2014,Dec,12,2014-12-01,138184528
JH,2015,Jan,1,2015-01-01,150151450
JH,2015,Feb,2,2015-02-01,142486254
JH,2015,Mar,3,2015-03-01,156189089
JH,2015,Apr,4,2015-04-01,146722799
JH,2015,May,5,2015-05-01,141954311
JH,2015,Jun,6,2015-06-01,145469335
JH,2015,Jul,7,2015-07-01,145607670
JH,2015,Aug,8,2015-08-01,148629398
JH,2015,Sep,9,2015-09-01,147729835
JH,2015,Oct,10,2015-10-01,146997187
JH,2015,Nov,11,2015-11-01,130567649
JH,2015,Dec,12,2015-12-01,158152110
JH,2016,Jan,1,2016-01-01,163868949
JH,2016,Feb,2,2016-02-01,164903306
JH,2016,Mar,3,2016-03-01,174840057
JH,2016,Apr,4,2016-04-01,146544088
JH,2016,May,5,2016-05-01,171268226
JH,2016,Jun,6,2016-06-01,157623965
JH,2016,Jul,7,2016-07-01,160783741
JH,2016,Aug,8,2016-08-01,162771757
JH,2016,Sep,9,2016-09-01,161225637
JH,2016,Oct,10,2016-10-01,156989999
JH,2016,Nov,11,2016-11-01,149408895
JH,2016,Dec,12,2016-12-01,171646450
JH,2017,Jan,1,2017-01-01,180288911
JH,2017,Feb,2,2017-02-01,156467934
JH,2017,Mar,3,2017-03-01,213250752
JH,2017,Apr,4,2017-04-01,209731920
JH,2017,May,5,2017-05-01,197067765
JH,2017,Jun,6,2017-06-01,191604112
JH,2017,Jul,7,2017-07-01,214158210
JH,2017,Aug,8,2017-08-01,187810773
JH,2017,Sep,9,2017-09-01,184388756
JH,2017,Oct,10,2017-10-01,204696968
JH,2017,Nov,11,2017-11-01,219195151
JH,2017,Dec,12,2017-12-01,236773459
JH,2018,Jan,1,2018-01-01,232086020
JH,2018,Feb,2,2018-02-01,223578367
JH,2018,Mar,3,2018-03-01,254894320
JH,2018,Apr,4,2018-04-01,214565513
JH,2018,May,5,2018-05-01,228324102
JH,2018,Jun,6,2018-06-01,232094433
JH,2018,Jul,7,2018-07-01,248038880
JH,2018,Aug,8,2018-08-01,231408426
JH,2018,Sep,9,2018-09-01,223110816
JH,2018,Oct,10,2018-10-01,266167069
JH,2018,Nov,11,2018-11-01,221083778
JH,2018,Dec,12,2018-12-01,260262497
JH,2019,Jan,1,2019-01-01,261037113
JH,2019,Feb,2,2019-02-01,304048371
JH,2019,Mar,3,2019-03-01,334980520
JH,2019,Apr,4,2019-04-01,363635074
JH,2019,May,5,2019-05-01,309784218
JH,2019,Jun,6,2019-06-01,339133479
JH,2019,Jul,7,2019-07-01,390154791
JH,2019,Aug,8,2019-08-01,352341290
JH,2019,Sep,9,2019-09-01,414691740
JH,2019,Oct,10,2019-10-01,359628026
JH,2019,Nov,11,2019-11-01,357560844
JH,2019,Dec,12,2019-12-01,355479736
JH,2020,Jan,1,2020-01-01,389591315
JH,2020,Feb,2,2020-02-01,394015576
JH,2020,Mar,3,2020-03-01,371317622
JH,2020,Apr,4,2020-04-01,127597843
JH,2020,May,5,2020-05-01,163830818
JH,2020,Jun,6,2020-06-01,278926302
JH,2020,Jul,7,2020-07-01,296619756
JH,2020,Aug,8,2020-08-01,257018363
JH,2020,Sep,9,2020-09-01,309697706
JH,2020,Oct,10,2020-10-01,290861528
JH,2020,Nov,11,2020-11-01,279968522
JH,2020,Dec,12,2020-12-01,344076545
JH,2021,Jan,1,2021-01-01,330589211
JH,2021,Feb,2,2021-02-01,301204230
JH,2021,Mar,3,2021-03-01,352134447
JH,2021,Apr,4,2021-04-01,230159462
JH,2021,May,5,2021-05-01,170699335
JH,2021,Jun,6,2021-06-01,239729000
JH,2021,Jul,7,2021-07-01,284770203
JH,2021,Aug,8,2021-08-01,274363443
JH,2021,Sep,9,2021-09-01,307130232
JH,2021,Oct,10,2021-10-01,278421102
JH,2021,Nov,11,2021-11-01,278248786
JH,2021,Dec,12,2021-12-01,334588976
JH,2022,Jan,1,2022-01-01,306455192
JH,2022,Feb,2,2022-02-01,309134194
JH,2022,Mar,3,2022-03-01,372693952
JH,2022,Apr,4,2022-04-01,299378672
JH,2022,May,5,2022-05-01,271974026
JH,2022,Jun,6,2022-06-01,329621439
JH,2022,Jul,7,2022-07-01,355816128
JH,2022,Aug,8,2022-08-01,336738011
JH,2022,Sep,9,2022-09-01,320059831
JH,2022,Oct,10,2022-10-01,299266145
JH,2022,Nov,11,2022-11-01,348594379
JH,2022,Dec,12,2022-12-01,385710976
JH,2023,Jan,1,2023-01-01,370249717
JH,2023,Feb,2,2023-02-01,361862502
JH,2023,Mar,3,2023-03-01,411714602
JH,2023,Apr,4,2023-04-01,364915074
JH,2023,May,5,2023-05-01,352348725
JH,2023,Jun,6,2023-06-01,364371718
JH,2023,Jul,7,2023-07-01,408661590
JH,2023,Aug,8,2023-08-01,376199203
JH,2023,Sep,9,2023-09-01,385212202
JH,2023,Oct,10,2023-10-01,375715055
JH,2023,Nov,11,2023-11-01,369508547
JH,2023,Dec,12,2023-12-01,395267330
JH,2024,Jan,1,2024-01-01,404365748
JH,2024,Feb,2,2024-02-01,402608225
JH,2024,Mar,3,2024-03-01,431404166
JH,2024,Apr,4,2024-04-01,372092924
JH,2024,May,5,2024-05-01,375291483
JH,2024,Jun,6,2024-06-01,400318639
JH,2024,Jul,7,2024-07-01,458659014
JH,2024,Aug,8,2024-08-01,435661955
JH,2024,Sep,9,2024-09-01,434123128
JH,2024,Oct,10,2024-10-01,440774016
JH,2024,Nov,11,2024-11-01,375343198
JH,2024,Dec,12,2024-12-01,482382298
JH,2025,Jan,1,2025-01-01,489103957
JH,2025,Feb,2,2025-02-01,410814116
JH,2025,Mar,3,2025-03-01,443428934
JH,2025,Apr,4,2025-04-01,431559660
JH,2025,May,5,2025-05-01,445604644
JH,2025,Jun,6,2025-06-01,450851259
JH,2025,Jul,7,2025-07-01,476162106
JH,2025,Aug,8,2025-08-01,424559601
JH,2025,Sep,9,2025-09-01,424015991
JH,2025,Oct,10,2025-10-01,445148340
JH,2025,Nov,11,2025-11-01,445673334
JH,2025,Dec,12,2025-12-01,478632496
JH,2026,Jan,1,2026-01-01,453596503
JH,2026,Feb,2,2026-02-01,434653576
JH,2026,Mar,3,2026-03-01,460553337
JH,2026,Apr,4,2026-04-01,455456190
JH,2026,May,5,2026-05-01,441800740
JH,2026,Jun,6,2026-06-01,463680690
JH,2026,Jul,7,2026-07-01,474970103
JH,2026,Aug,8,2026-08-01,81631491
JK,2010,Jan,1,2010-01-01,8452895
JK,2010,Feb,2,2010-02-01,4826675
JK,2010,Mar,3,2010-03-01,9467330
JK,2010,Apr,4,2010-04-01,14881570
JK,2010,May,5,2010-05-01,8210070
JK,2010,Jun,6,2010-06-01,6692690
JK,2010,Jul,7,2010-07-01,7314920
JK,2010,Aug,8,2010-08-01,4933510
JK,2010,Sep,9,2010-09-01,4989144
JK,2010,Oct,10,2010-10-01,9051570
JK,2010,Nov,11,2010-11-01,5828587
JK,2010,Dec,12,2010-12-01,8299283
JK,2011,Jan,1,2011-01-01,10400695
JK,2011,Feb,2,2011-02-01,5516626
JK,2011,Mar,3,2011-03-01,10803301
JK,2011,Apr,4,2011-04-01,19625770
JK,2011,May,5,2011-05-01,9411145
JK,2011,Jun,6,2011-06-01,7346944
JK,2011,Jul,7,2011-07-01,11573425
JK,2011,Aug,8,2011-08-01,6215555
JK,2011,Sep,9,2011-09-01,7321528
JK,2011,Oct,10,2011-10-01,10361855
JK,2011,Nov,11,2011-11-01,6506217
JK,2011,Dec,12,2011-12-01,8443330
JK,2012,Jan,1,2012-01-01,11524388
JK,2012,Feb,2,2012-02-01,7189582
JK,2012,Mar,3,2012-03-01,13701940
JK,2012,Apr,4,2012-04-01,26748144
JK,2012,May,5,2012-05-01,11273540
JK,2012,Jun,6,2012-06-01,10793087
JK,2012,Jul,7,2012-07-01,16025724
JK,2012,Aug,8,2012-08-01,10071688
JK,2012,Sep,9,2012-09-01,10061004
JK,2012,Oct,10,2012-10-01,16229208
JK,2012,Nov,11,2012-11-01,9764635
JK,2012,Dec,12,2012-12-01,11266194
JK,2013,Jan,1,2013-01-01,17171190
JK,2013,Feb,2,2013-02-01,9747470
JK,2013,Mar,3,2013-03-01,17719110
JK,2013,Apr,4,2013-04-01,45963771
JK,2013,May,5,2013-05-01,19428768
JK,2013,Jun,6,2013-06-01,14062467
JK,2013,Jul,7,2013-07-01,21110504
JK,2013,Aug,8,2013-08-01,9334180
JK,2013,Sep,9,2013-09-01,13140381
JK,2013,Oct,10,2013-10-01,18956197
JK,2013,Nov,11,2013-11-01,12457804
JK,2013,Dec,12,2013-12-01,15100054
JK,2014,Jan,1,2014-01-01,18774780
JK,2014,Feb,2,2014-02-01,12660034
JK,2014,Mar,3,2014-03-01,22967583
JK,2014,Apr,4,2014-04-01,51818354
JK,2014,May,5,2014-05-01,22900929
JK,2014,Jun,6,2014-06-01,19289264
JK,2014,Jul,7,2014-07-01,23781435
JK,2014,Aug,8,2014-08-01,16557554
JK,2014,Sep,9,2014-09-01,12721602
JK,2014,Oct,10,2014-10-01,19120540
JK,2014,Nov,11,2014-11-01,14284352
JK,2014,Dec,12,2014-12-01,16884309
JK,2015,Jan,1,2015-01-01,24877003
JK,2015,Feb,2,2015-02-01,15523977
JK,2015,Mar,3,2015-03-01,26310486
JK,2015,Apr,4,2015-04-01,56167235
JK,2015,May,5,2015-05-01,24502615
JK,2015,Jun,6,2015-06-01,24337166
JK,2015,Jul,7,2015-07-01,29895071
JK,2015,Aug,8,2015-08-01,21263061
JK,2015,Sep,9,2015-09-01,21729161
JK,2015,Oct,10,2015-10-01,26498318
JK,2015,Nov,11,2015-11-01,16252586
JK,2015,Dec,12,2015-12-01,24044206
JK,2016,Jan,1,2016-01-01,468916056
JK,2016,Feb,2,2016-02-01,31535752
JK,2016,Mar,3,2016-03-01,39239132
JK,2016,Apr,4,2016-04-01,815821859
JK,2016,May,5,2016-05-01,29560973
JK,2016,Jun,6,2016-06-01,27106173
JK,2016,Jul,7,2016-07-01,19748912
JK,2016,Aug,8,2016-08-01,342920927
JK,2016,Sep,9,2016-09-01,18646627
JK,2016,Oct,10,2016-10-01,43608197
JK,2016,Nov,11,2016-11-01,26871873
JK,2016,Dec,12,2016-12-01,49051354
JK,2017,Jan,1,2017-01-01,37301857
JK,2017,Feb,2,2017-02-01,57724242
JK,2017,Mar,3,2017-03-01,76002582
JK,2017,Apr,4,2017-04-01,80259445
JK,2017,May,5,2017-05-01,58472412
JK,2017,Jun,6,2017-06-01,40831472
JK,2017,Jul,7,2017-07-01,47115331
JK,2017,Aug,8,2017-08-01,37491610
JK,2017,Sep,9,2017-09-01,50764276
JK,2017,Oct,10,2017-10-01,48522483
JK,2017,Nov,11,2017-11-01,37149160
JK,2017,Dec,12,2017-12-01,40720332
JK,2018,Jan,1,2018-01-01,55278498
JK,2018,Feb,2,2018-02-01,41404143
JK,2018,Mar,3,2018-03-01,69782452
JK,2018,Apr,4,2018-04-01,69070978
JK,2018,May,5,2018-05-01,58018318
JK,2018,Jun,6,2018-06-01,42632391
JK,2018,Jul,7,2018-07-01,53237677
JK,2018,Aug,8,2018-08-01,34011782
JK,2018,Sep,9,2018-09-01,40413836
JK,2018,Oct,10,2018-10-01,44495971
JK,2018,Nov,11,2018-11-01,28951766
JK,2018,Dec,12,2018-12-01,43187710
JK,2019,Jan,1,2019-01-01,55779891
JK,2019,Feb,2,2019-02-01,34696885
JK,2019,Mar,3,2019-03-01,79782251
JK,2019,Apr,4,2019-04-01,94795129
JK,2019,May,5,2019-05-01,61143257
JK,2019,Jun,6,2019-06-01,52794615
JK,2019,Jul,7,2019-07-01,73939650
JK,2019,Aug,8,2019-08-01,20215941
JK,2019,Sep,9,2019-09-01,49294585
JK,2019,Oct,10,2019-10-01,65139769
JK,2019,Nov,11,2019-11-01,63342458
JK,2019,Dec,12,2019-12-01,121878096
JK,2020,Jan,1,2020-01-01,98495851
JK,2020,Feb,2,2020-02-01,71745850
JK,2020,Mar,3,2020-03-01,84856902
JK,2020,Apr,4,2020-04-01,43486613
JK,2020,May,5,2020-05-01,20571501
JK,2020,Jun,6,2020-06-01,36152332
JK,2020,Jul,7,2020-07-01,68951383
JK,2020,Aug,8,2020-08-01,58951419
JK,2020,Sep,9,2020-09-01,70353912
JK,2020,Oct,10,2020-10-01,73409417
JK,2020,Nov,11,2020-11-01,57887197
JK,2020,Dec,12,2020-12-01,95437718
JK,2021,Jan,1,2021-01-01,94236152
JK,2021,Feb,2,2021-02-01,116142179
JK,2021,Mar,3,2021-03-01,160624799
JK,2021,Apr,4,2021-04-01,133428618
JK,2021,May,5,2021-05-01,23742752
JK,2021,Jun,6,2021-06-01,88387117
JK,2021,Jul,7,2021-07-01,102614273
JK,2021,Aug,8,2021-08-01,100009436
JK,2021,Sep,9,2021-09-01,101526835
JK,2021,Oct,10,2021-10-01,93700682
JK,2021,Nov,11,2021-11-01,103455698
JK,2021,Dec,12,2021-12-01,131386997
JK,2022,Jan,1,2022-01-01,112113968
JK,2022,Feb,2,2022-02-01,144212376
JK,2022,Mar,3,2022-03-01,214314819
JK,2022,Apr,4,2022-04-01,206197407
JK,2022,May,5,2022-05-01,138690723
JK,2022,Jun,6,2022-06-01,153922734
JK,2022,Jul,7,2022-07-01,142610879
JK,2022,Aug,8,2022-08-01,141645225
JK,2022,Sep,9,2022-09-01,146681761
JK,2022,Oct,10,2022-10-01,134967200
JK,2022,Nov,11,2022-11-01,142325505
JK,2022,Dec,12,2022-12-01,155836844
JK,2023,Jan,1,2023-01-01,174742721
JK,2023,Feb,2,2023-02-01,180690398
JK,2023,Mar,3,2023-03-01,253360262
JK,2023,Apr,4,2023-04-01,249932722
JK,2023,May,5,2023-05-01,235441720
JK,2023,Jun,6,2023-06-01,251275154
JK,2023,Jul,7,2023-07-01,267662738
JK,2023,Aug,8,2023-08-01,244324993
JK,2023,Sep,9,2023-09-01,199403318
JK,2023,Oct,10,2023-10-01,245107110
JK,2023,Nov,11,2023-11-01,245453405
JK,2023,Dec,12,2023-12-01,282161881
JK,2024,Jan,1,2024-01-01,279995803
JK,2024,Feb,2,2024-02-01,241967108
JK,2024,Mar,3,2024-03-01,311671102
JK,2024,Apr,4,2024-04-01,293200765
JK,2024,May,5,2024-05-01,269874362
JK,2024,Jun,6,2024-06-01,209660818
JK,2024,Jul,7,2024-07-01,285599178
JK,2024,Aug,8,2024-08-01,227817313
JK,2024,Sep,9,2024-09-01,179188492
JK,2024,Oct,10,2024-10-01,236362980
JK,2024,Nov,11,2024-11-01,204586659
JK,2024,Dec,12,2024-12-01,238093287
JK,2025,Jan,1,2025-01-01,245260827
JK,2025,Feb,2,2025-02-01,240441369
JK,2025,Mar,3,2025-03-01,271209546
JK,2025,Apr,4,2025-04-01,316429201
JK,2025,May,5,2025-05-01,176991425
JK,2025,Jun,6,2025-06-01,158812090
JK,2025,Jul,7,2025-07-01,200766565
JK,2025,Aug,8,2025-08-01,143237524
JK,2025,Sep,9,2025-09-01,152440941
JK,2025,Oct,10,2025-10-01,187989768
JK,2025,Nov,11,2025-11-01,158894420
JK,2025,Dec,12,2025-12-01,230403635
JK,2026,Jan,1,2026-01-01,195340214
JK,2026,Feb,2,2026-02-01,200527258
JK,2026,Mar,3,2026-03-01,215266850
JK,2026,Apr,4,2026-04-01,266338596
JK,2026,May,5,2026-05-01,172569565
JK,2026,Jun,6,2026-06-01,198601587
JK,2026,Jul,7,2026-07-01,201084649
JK,2026,Aug,8,2026-08-01,44813984
KA,2010,Jan,1,2010-01-01,179037723
KA,2010,Feb,2,2010-02-01,189136436
KA,2010,Mar,3,2010-03-01,197700859
KA,2010,Apr,4,2010-04-01,202527404
KA,2010,May,5,2010-05-01,201163008
KA,2010,Jun,6,2010-06-01,258435928
KA,2010,Jul,7,2010-07-01,242663630
KA,2010,Aug,8,2010-08-01,230739961
KA,2010,Sep,9,2010-09-01,238792446
KA,2010,Oct,10,2010-10-01,244157079
KA,2010,Nov,11,2010-11-01,231156748
KA,2010,Dec,12,2010-12-01,253623440
KA,2011,Jan,1,2011-01-01,269658446
KA,2011,Feb,2,2011-02-01,253245387
KA,2011,Mar,3,2011-03-01,266518994
KA,2011,Apr,4,2011-04-01,257558874
KA,2011,May,5,2011-05-01,261975121
KA,2011,Jun,6,2011-06-01,254431359
KA,2011,Jul,7,2011-07-01,266536887
KA,2011,Aug,8,2011-08-01,261510714
KA,2011,Sep,9,2011-09-01,258636329
KA,2011,Oct,10,2011-10-01,257975454
KA,2011,Nov,11,2011-11-01,255825096
KA,2011,Dec,12,2011-12-01,286595297
KA,2012,Jan,1,2012-01-01,300540478
KA,2012,Feb,2,2012-02-01,297825992
KA,2012,Mar,3,2012-03-01,354168808
KA,2012,Apr,4,2012-04-01,337072765
KA,2012,May,5,2012-05-01,350613691
KA,2012,Jun,6,2012-06-01,409836532
KA,2012,Jul,7,2012-07-01,449456500
KA,2012,Aug,8,2012-08-01,448613886
KA,2012,Sep,9,2012-09-01,466659578
KA,2012,Oct,10,2012-10-01,480527304
KA,2012,Nov,11,2012-11-01,524919242
KA,2012,Dec,12,2012-12-01,541225270
KA,2013,Jan,1,2013-01-01,605983606
KA,2013,Feb,2,2013-02-01,587739346
KA,2013,Mar,3,2013-03-01,619208916
KA,2013,Apr,4,2013-04-01,603436628
KA,2013,May,5,2013-05-01,595051013
KA,2013,Jun,6,2013-06-01,593359326
KA,2013,Jul,7,2013-07-01,639518384
KA,2013,Aug,8,2013-08-01,607594472
KA,2013,Sep,9,2013-09-01,623579251
KA,2013,Oct,10,2013-10-01,686003588
KA,2013,Nov,11,2013-11-01,623187849
KA,2013,Dec,12,2013-12-01,649593314
KA,2014,Jan,1,2014-01-01,679237862
KA,2014,Feb,2,2014-02-01,648742276
KA,2014,Mar,3,2014-03-01,710323280
KA,2014,Apr,4,2014-04-01,654642200
KA,2014,May,5,2014-05-01,676852371
KA,2014,Jun,6,2014-06-01,672319367
KA,2014,Jul,7,2014-07-01,695243776
KA,2014,Aug,8,2014-08-01,658565120
KA,2014,Sep,9,2014-09-01,721334393
KA,2014,Oct,10,2014-10-01,719774535
KA,2014,Nov,11,2014-11-01,667231687
KA,2014,Dec,12,2014-12-01,730640481
KA,2015,Jan,1,2015-01-01,755949928
KA,2015,Feb,2,2015-02-01,716079747
KA,2015,Mar,3,2015-03-01,748340080
KA,2015,Apr,4,2015-04-01,725764904
KA,2015,May,5,2015-05-01,741753410
KA,2015,Jun,6,2015-06-01,730945401
KA,2015,Jul,7,2015-07-01,777192518
KA,2015,Aug,8,2015-08-01,721780016
KA,2015,Sep,9,2015-09-01,760162781
KA,2015,Oct,10,2015-10-01,765458221
KA,2015,Nov,11,2015-11-01,718009871
KA,2015,Dec,12,2015-12-01,791773832
KA,2016,Jan,1,2016-01-01,835070774
KA,2016,Feb,2,2016-02-01,796248236
KA,2016,Mar,3,2016-03-01,845784157
KA,2016,Apr,4,2016-04-01,836203801
KA,2016,May,5,2016-05-01,879391615
KA,2016,Jun,6,2016-06-01,860714619
KA,2016,Jul,7,2016-07-01,825228141
KA,2016,Aug,8,2016-08-01,867349658
KA,2016,Sep,9,2016-09-01,799774460
KA,2016,Oct,10,2016-10-01,888835142
KA,2016,Nov,11,2016-11-01,793787596
KA,2016,Dec,12,2016-12-01,813053906
KA,2017,Jan,1,2017-01-01,972724404
KA,2017,Feb,2,2017-02-01,1013596577
KA,2017,Mar,3,2017-03-01,1094425918
KA,2017,Apr,4,2017-04-01,956360891
KA,2017,May,5,2017-05-01,972975495
KA,2017,Jun,6,2017-06-01,984579868
KA,2017,Jul,7,2017-07-01,970184353
KA,2017,Aug,8,2017-08-01,871121744
KA,2017,Sep,9,2017-09-01,806726202
KA,2017,Oct,10,2017-10-01,842325393
KA,2017,Nov,11,2017-11-01,877266341
KA,2017,Dec,12,2017-12-01,855947878
KA,2018,Jan,1,2018-01-01,947906893
KA,2018,Feb,2,2018-02-01,932910005
KA,2018,Mar,3,2018-03-01,910509773
KA,2018,Apr,4,2018-04-01,941025273
KA,2018,May,5,2018-05-01,883148329
KA,2018,Jun,6,2018-06-01,896184630
KA,2018,Jul,7,2018-07-01,918301149
KA,2018,Aug,8,2018-08-01,848160257
KA,2018,Sep,9,2018-09-01,883360160
KA,2018,Oct,10,2018-10-01,977102667
KA,2018,Nov,11,2018-11-01,893200333
KA,2018,Dec,12,2018-12-01,912366679
KA,2019,Jan,1,2019-01-01,952097141
KA,2019,Feb,2,2019-02-01,902058930
KA,2019,Mar,3,2019-03-01,956843262
KA,2019,Apr,4,2019-04-01,911708764
KA,2019,May,5,2019-05-01,912421041
KA,2019,Jun,6,2019-06-01,886411284
KA,2019,Jul,7,2019-07-01,992586417
KA,2019,Aug,8,2019-08-01,893417643
KA,2019,Sep,9,2019-09-01,896236571
KA,2019,Oct,10,2019-10-01,942199105
KA,2019,Nov,11,2019-11-01,956159716
KA,2019,Dec,12,2019-12-01,945750430
KA,2020,Jan,1,2020-01-01,1034484808
KA,2020,Feb,2,2020-02-01,982530078
KA,2020,Mar,3,2020-03-01,901425349
KA,2020,Apr,4,2020-04-01,47567501
KA,2020,May,5,2020-05-01,355813438
KA,2020,Jun,6,2020-06-01,457564355
KA,2020,Jul,7,2020-07-01,410866084
KA,2020,Aug,8,2020-08-01,575713745
KA,2020,Sep,9,2020-09-01,680126963
KA,2020,Oct,10,2020-10-01,726871200
KA,2020,Nov,11,2020-11-01,818298590
KA,2020,Dec,12,2020-12-01,854063868
KA,2021,Jan,1,2021-01-01,887856723
KA,2021,Feb,2,2021-02-01,854979628
KA,2021,Mar,3,2021-03-01,956880418
KA,2021,Apr,4,2021-04-01,635310853
KA,2021,May,5,2021-05-01,150620106
KA,2021,Jun,6,2021-06-01,486581773
KA,2021,Jul,7,2021-07-01,851050331
KA,2021,Aug,8,2021-08-01,801087816
KA,2021,Sep,9,2021-09-01,899855669
KA,2021,Oct,10,2021-10-01,877015312
KA,2021,Nov,11,2021-11-01,901933590
KA,2021,Dec,12,2021-12-01,1022604686
KA,2022,Jan,1,2022-01-01,985955135
KA,2022,Feb,2,2022-02-01,951320048
KA,2022,Mar,3,2022-03-01,1111657297
KA,2022,Apr,4,2022-04-01,921439412
KA,2022,May,5,2022-05-01,876206600
KA,2022,Jun,6,2022-06-01,947562037
KA,2022,Jul,7,2022-07-01,977480499
KA,2022,Aug,8,2022-08-01,932915735
KA,2022,Sep,9,2022-09-01,1029413635
KA,2022,Oct,10,2022-10-01,987759831
KA,2022,Nov,11,2022-11-01,1082265444
KA,2022,Dec,12,2022-12-01,1075453292
KA,2023,Jan,1,2023-01-01,1087755307
KA,2023,Feb,2,2023-02-01,1011987319
KA,2023,Mar,3,2023-03-01,1121451513
KA,2023,Apr,4,2023-04-01,1084667634
KA,2023,May,5,2023-05-01,1004103213
KA,2023,Jun,6,2023-06-01,1059449137
KA,2023,Jul,7,2023-07-01,1119016847
KA,2023,Aug,8,2023-08-01,1347671873
KA,2023,Sep,9,2023-09-01,1145561724
KA,2023,Oct,10,2023-10-01,1221384331
KA,2023,Nov,11,2023-11-01,1245122817
KA,2023,Dec,12,2023-12-01,1284085185
KA,2024,Jan,1,2024-01-01,1375979627
KA,2024,Feb,2,2024-02-01,1382453497
KA,2024,Mar,3,2024-03-01,1380405847
KA,2024,Apr,4,2024-04-01,1242345315
KA,2024,May,5,2024-05-01,1343461210
KA,2024,Jun,6,2024-06-01,1347390704
KA,2024,Jul,7,2024-07-01,1390768536
KA,2024,Aug,8,2024-08-01,1425097123
KA,2024,Sep,9,2024-09-01,1304517400
KA,2024,Oct,10,2024-10-01,1444787585
KA,2024,Nov,11,2024-11-01,1398925485
KA,2024,Dec,12,2024-12-01,1330924213
KA,2025,Jan,1,2025-01-01,1623691637
KA,2025,Feb,2,2025-02-01,1413126906
KA,2025,Mar,3,2025-03-01,1520961929
KA,2025,Apr,4,2025-04-01,1437431867
KA,2025,May,5,2025-05-01,1569166358
KA,2025,Jun,6,2025-06-01,1506589495
KA,2025,Jul,7,2025-07-01,1658717329
KA,2025,Aug,8,2025-08-01,1555358443
KA,2025,Sep,9,2025-09-01,1570529028
KA,2025,Oct,10,2025-10-01,1755808561
KA,2025,Nov,11,2025-11-01,1704338818
KA,2025,Dec,12,2025-12-01,1742494708
KA,2026,Jan,1,2026-01-01,1992953661
KA,2026,Feb,2,2026-02-01,1758437851
KA,2026,Mar,3,2026-03-01,1835981350
KA,2026,Apr,4,2026-04-01,1727553885
KA,2026,May,5,2026-05-01,1683905578
KA,2026,Jun,6,2026-06-01,1863161920
KA,2026,Jul,7,2026-07-01,1916631480
KA,2026,Aug,8,2026-08-01,303752492
KL,2010,Jan,1,2010-01-01,403303108
KL,2010,Feb,2,2010-02-01,474346415
KL,2010,Mar,3,2010-03-01,207309004
KL,2010,Apr,4,2010-04-01,408545961
KL,2010,May,5,2010-05-01,488702030
KL,2010,Jun,6,2010-06-01,154758308
KL,2010,Jul,7,2010-07-01,490165244
KL,2010,Aug,8,2010-08-01,463714717
KL,2010,Sep,9,2010-09-01,177177723
KL,2010,Oct,10,2010-10-01,429818678
KL,2010,Nov,11,2010-11-01,400280771
KL,2010,Dec,12,2010-12-01,318010624
KL,2011,Jan,1,2011-01-01,483566787
KL,2011,Feb,2,2011-02-01,268616143
KL,2011,Mar,3,2011-03-01,415230820
KL,2011,Apr,4,2011-04-01,442006673
KL,2011,May,5,2011-05-01,494827966
KL,2011,Jun,6,2011-06-01,187247718
KL,2011,Jul,7,2011-07-01,469114485
KL,2011,Aug,8,2011-08-01,306890663
KL,2011,Sep,9,2011-09-01,411751578
KL,2011,Oct,10,2011-10-01,505137255
KL,2011,Nov,11,2011-11-01,498274314
KL,2011,Dec,12,2011-12-01,207351942
KL,2012,Jan,1,2012-01-01,549064427
KL,2012,Feb,2,2012-02-01,487003687
KL,2012,Mar,3,2012-03-01,264800148
KL,2012,Apr,4,2012-04-01,490189937
KL,2012,May,5,2012-05-01,503570053
KL,2012,Jun,6,2012-06-01,220813390
KL,2012,Jul,7,2012-07-01,568017787
KL,2012,Aug,8,2012-08-01,225806909
KL,2012,Sep,9,2012-09-01,453294049
KL,2012,Oct,10,2012-10-01,568282971
KL,2012,Nov,11,2012-11-01,253155560
KL,2012,Dec,12,2012-12-01,485099071
KL,2013,Jan,1,2013-01-01,607476928
KL,2013,Feb,2,2013-02-01,241672480
KL,2013,Mar,3,2013-03-01,486404366
KL,2013,Apr,4,2013-04-01,578509721
KL,2013,May,5,2013-05-01,260419885
KL,2013,Jun,6,2013-06-01,440078961
KL,2013,Jul,7,2013-07-01,594189855
KL,2013,Aug,8,2013-08-01,248598634
KL,2013,Sep,9,2013-09-01,466039907
KL,2013,Oct,10,2013-10-01,633533427
KL,2013,Nov,11,2013-11-01,251132939
KL,2013,Dec,12,2013-12-01,500711322
KL,2014,Jan,1,2014-01-01,629806894
KL,2014,Feb,2,2014-02-01,228840494
KL,2014,Mar,3,2014-03-01,515034866
KL,2014,Apr,4,2014-04-01,791720947
KL,2014,May,5,2014-05-01,388323227
KL,2014,Jun,6,2014-06-01,581537986
KL,2014,Jul,7,2014-07-01,704283006
KL,2014,Aug,8,2014-08-01,325573311
KL,2014,Sep,9,2014-09-01,541028446
KL,2014,Oct,10,2014-10-01,644294416
KL,2014,Nov,11,2014-11-01,290637651
KL,2014,Dec,12,2014-12-01,570665799
KL,2015,Jan,1,2015-01-01,659355473
KL,2015,Feb,2,2015-02-01,272100957
KL,2015,Mar,3,2015-03-01,598947006
KL,2015,Apr,4,2015-04-01,559264893
KL,2015,May,5,2015-05-01,292002413
KL,2015,Jun,6,2015-06-01,551225533
KL,2015,Jul,7,2015-07-01,681954525
KL,2015,Aug,8,2015-08-01,249782504
KL,2015,Sep,9,2015-09-01,557061639
KL,2015,Oct,10,2015-10-01,686445355
KL,2015,Nov,11,2015-11-01,256858005
KL,2015,Dec,12,2015-12-01,596857342
KL,2016,Jan,1,2016-01-01,666547244
KL,2016,Feb,2,2016-02-01,301209145
KL,2016,Mar,3,2016-03-01,603137111
KL,2016,Apr,4,2016-04-01,639131698
KL,2016,May,5,2016-05-01,333072744
KL,2016,Jun,6,2016-06-01,489385956
KL,2016,Jul,7,2016-07-01,694944829
KL,2016,Aug,8,2016-08-01,344695611
KL,2016,Sep,9,2016-09-01,552814802
KL,2016,Oct,10,2016-10-01,730774268
KL,2016,Nov,11,2016-11-01,305810808
KL,2016,Dec,12,2016-12-01,563969034
KL,2017,Jan,1,2017-01-01,826627678
KL,2017,Feb,2,2017-02-01,387204132
KL,2017,Mar,3,2017-03-01,795800176
KL,2017,Apr,4,2017-04-01,752876785
KL,2017,May,5,2017-05-01,459521307
KL,2017,Jun,6,2017-06-01,698322302
KL,2017,Jul,7,2017-07-01,866265192
KL,2017,Aug,8,2017-08-01,447352683
KL,2017,Sep,9,2017-09-01,680616844
KL,2017,Oct,10,2017-10-01,825322404
KL,2017,Nov,11,2017-11-01,444102182
KL,2017,Dec,12,2017-12-01,726313044
KL,2018,Jan,1,2018-01-01,908821149
KL,2018,Feb,2,2018-02-01,405561478
KL,2018,Mar,3,2018-03-01,789743360
KL,2018,Apr,4,2018-04-01,805092012
KL,2018,May,5,2018-05-01,429717601
KL,2018,Jun,6,2018-06-01,684572768
KL,2018,Jul,7,2018-07-01,854032316
KL,2018,Aug,8,2018-08-01,282559096
KL,2018,Sep,9,2018-09-01,647614413
KL,2018,Oct,10,2018-10-01,877568885
KL,2018,Nov,11,2018-11-01,376909664
KL,2018,Dec,12,2018-12-01,647888239
KL,2019,Jan,1,2019-01-01,920524462
KL,2019,Feb,2,2019-02-01,571128866
KL,2019,Mar,3,2019-03-01,517485923
KL,2019,Apr,4,2019-04-01,862947464
KL,2019,May,5,2019-05-01,720729339
KL,2019,Jun,6,2019-06-01,350854864
KL,2019,Jul,7,2019-07-01,940637602
KL,2019,Aug,8,2019-08-01,512751229
KL,2019,Sep,9,2019-09-01,473649417
KL,2019,Oct,10,2019-10-01,903925179
KL,2019,Nov,11,2019-11-01,385525985
KL,2019,Dec,12,2019-12-01,551720950
KL,2020,Jan,1,2020-01-01,839415799
KL,2020,Feb,2,2020-02-01,358192781
KL,2020,Mar,3,2020-03-01,338621126
KL,2020,Apr,4,2020-04-01,22814633
KL,2020,May,5,2020-05-01,99711097
KL,2020,Jun,6,2020-06-01,309179864
KL,2020,Jul,7,2020-07-01,307591642
KL,2020,Aug,8,2020-08-01,217861793
KL,2020,Sep,9,2020-09-01,324560033
KL,2020,Oct,10,2020-10-01,476983992
KL,2020,Nov,11,2020-11-01,432658683
KL,2020,Dec,12,2020-12-01,489778903
KL,2021,Jan,1,2021-01-01,639567460
KL,2021,Feb,2,2021-02-01,358119221
KL,2021,Mar,3,2021-03-01,407204478
KL,2021,Apr,4,2021-04-01,483826134
KL,2021,May,5,2021-05-01,68572956
KL,2021,Jun,6,2021-06-01,128078720
KL,2021,Jul,7,2021-07-01,486772445
KL,2021,Aug,8,2021-08-01,333417789
KL,2021,Sep,9,2021-09-01,420796254
KL,2021,Oct,10,2021-10-01,608065115
KL,2021,Nov,11,2021-11-01,391355703
KL,2021,Dec,12,2021-12-01,621666168
KL,2022,Jan,1,2022-01-01,1220379087
KL,2022,Feb,2,2022-02-01,546819040
KL,2022,Mar,3,2022-03-01,694593681
KL,2022,Apr,4,2022-04-01,882665705
KL,2022,May,5,2022-05-01,575581445
KL,2022,Jun,6,2022-06-01,985428583
KL,2022,Jul,7,2022-07-01,968426771
KL,2022,Aug,8,2022-08-01,793205923
KL,2022,Sep,9,2022-09-01,504171191
KL,2022,Oct,10,2022-10-01,963724415
KL,2022,Nov,11,2022-11-01,847781453
KL,2022,Dec,12,2022-12-01,570184167
KL,2023,Jan,1,2023-01-01,1202160302
KL,2023,Feb,2,2023-02-01,674856749
KL,2023,Mar,3,2023-03-01,612810562
KL,2023,Apr,4,2023-04-01,997029786
KL,2023,May,5,2023-05-01,705572796
KL,2023,Jun,6,2023-06-01,480897722
KL,2023,Jul,7,2023-07-01,1052566752
KL,2023,Aug,8,2023-08-01,660758596
KL,2023,Sep,9,2023-09-01,517563871
KL,2023,Oct,10,2023-10-01,1118095690
KL,2023,Nov,11,2023-11-01,690647751
KL,2023,Dec,12,2023-12-01,493944087
KL,2024,Jan,1,2024-01-01,1186547207
KL,2024,Feb,2,2024-02-01,656300396
KL,2024,Mar,3,2024-03-01,481760561
KL,2024,Apr,4,2024-04-01,1082117129
KL,2024,May,5,2024-05-01,711245507
KL,2024,Jun,6,2024-06-01,444158592
KL,2024,Jul,7,2024-07-01,1138895391
KL,2024,Aug,8,2024-08-01,705411339
KL,2024,Sep,9,2024-09-01,480598958
KL,2024,Oct,10,2024-10-01,1189771016
KL,2024,Nov,11,2024-11-01,692757168
KL,2024,Dec,12,2024-12-01,496497439
KL,2025,Jan,1,2025-01-01,1273222850
KL,2025,Feb,2,2025-02-01,723615933
KL,2025,Mar,3,2025-03-01,584283617
KL,2025,Apr,4,2025-04-01,1235452676
KL,2025,May,5,2025-05-01,710953557
KL,2025,Jun,6,2025-06-01,475908492
KL,2025,Jul,7,2025-07-01,1233149777
KL,2025,Aug,8,2025-08-01,751110220
KL,2025,Sep,9,2025-09-01,526786193
KL,2025,Oct,10,2025-10-01,1401788657
KL,2025,Nov,11,2025-11-01,817648610
KL,2025,Dec,12,2025-12-01,710659120
KL,2026,Jan,1,2026-01-01,1556429142
KL,2026,Feb,2,2026-02-01,803733871
KL,2026,Mar,3,2026-03-01,678980505
KL,2026,Apr,4,2026-04-01,1325861803
KL,2026,May,5,2026-05-01,807149235
KL,2026,Jun,6,2026-06-01,625899703
KL,2026,Jul,7,2026-07-01,1390106705
KL,2026,Aug,8,2026-08-01,133108448
LA,2010,Jan,1,2010-01-01,97185
LA,2010,Feb,2,2010-02-01,68600
LA,2010,Mar,3,2010-03-01,72595
LA,2010,Apr,4,2010-04-01,1428725
LA,2010,May,5,2010-05-01,310325
LA,2010,Jun,6,2010-06-01,454700
LA,2010,Jul,7,2010-07-01,569385
LA,2010,Aug,8,2010-08-01,354250
LA,2010,Sep,9,2010-09-01,148700
LA,2010,Oct,10,2010-10-01,282850
LA,2010,Nov,11,2010-11-01,244250
LA,2010,Dec,12,2010-12-01,192300
LA,2011,Jan,1,2011-01-01,105850
LA,2011,Feb,2,2011-02-01,165900
LA,2011,Mar,3,2011-03-01,166655
LA,2011,Apr,4,2011-04-01,1923200
LA,2011,May,5,2011-05-01,522450
LA,2011,Jun,6,2011-06-01,376550
LA,2011,Jul,7,2011-07-01,971850
LA,2011,Aug,8,2011-08-01,399200
LA,2011,Sep,9,2011-09-01,328345
LA,2011,Oct,10,2011-10-01,473800
LA,2011,Nov,11,2011-11-01,375850
LA,2011,Dec,12,2011-12-01,278565
LA,2012,Jan,1,2012-01-01,284500
LA,2012,Feb,2,2012-02-01,164450
LA,2012,Mar,3,2012-03-01,236410
LA,2012,Apr,4,2012-04-01,2378590
LA,2012,May,5,2012-05-01,976640
LA,2012,Jun,6,2012-06-01,1262700
LA,2012,Jul,7,2012-07-01,1135950
LA,2012,Aug,8,2012-08-01,662350
LA,2012,Sep,9,2012-09-01,583600
LA,2012,Oct,10,2012-10-01,425750
LA,2012,Nov,11,2012-11-01,539625
LA,2012,Dec,12,2012-12-01,328650
LA,2013,Jan,1,2013-01-01,271125
LA,2013,Feb,2,2013-02-01,197000
LA,2013,Mar,3,2013-03-01,374875
LA,2013,Apr,4,2013-04-01,3762600
LA,2013,May,5,2013-05-01,1052987
LA,2013,Jun,6,2013-06-01,778670
LA,2013,Jul,7,2013-07-01,1555430
LA,2013,Aug,8,2013-08-01,472000
LA,2013,Sep,9,2013-09-01,440600
LA,2013,Oct,10,2013-10-01,778645
LA,2013,Nov,11,2013-11-01,663230
LA,2013,Dec,12,2013-12-01,338050
LA,2014,Jan,1,2014-01-01,382850
LA,2014,Feb,2,2014-02-01,422850
LA,2014,Mar,3,2014-03-01,350740
LA,2014,Apr,4,2014-04-01,4777400
LA,2014,May,5,2014-05-01,1070700
LA,2014,Jun,6,2014-06-01,1273500
LA,2014,Jul,7,2014-07-01,1529575
LA,2014,Aug,8,2014-08-01,1153700
LA,2014,Sep,9,2014-09-01,701319
LA,2014,Oct,10,2014-10-01,1006760
LA,2014,Nov,11,2014-11-01,879530
LA,2014,Dec,12,2014-12-01,562092
LA,2015,Jan,1,2015-01-01,551600
LA,2015,Feb,2,2015-02-01,280000
LA,2015,Mar,3,2015-03-01,571473
LA,2015,Apr,4,2015-04-01,5172544
LA,2015,May,5,2015-05-01,1402417
LA,2015,Jun,6,2015-06-01,1445250
LA,2015,Jul,7,2015-07-01,2259610
LA,2015,Aug,8,2015-08-01,1294550
LA,2015,Sep,9,2015-09-01,767810
LA,2015,Oct,10,2015-10-01,1120950
LA,2015,Nov,11,2015-11-01,827550
LA,2015,Dec,12,2015-12-01,475125
LA,2016,Jan,1,2016-01-01,743720
LA,2016,Feb,2,2016-02-01,637660
LA,2016,Mar,3,2016-03-01,1051270
LA,2016,Apr,4,2016-04-01,5419792
LA,2016,May,5,2016-05-01,2006487
LA,2016,Jun,6,2016-06-01,1399720
LA,2016,Jul,7,2016-07-01,2388870
LA,2016,Aug,8,2016-08-01,1031870
LA,2016,Sep,9,2016-09-01,901400
LA,2016,Oct,10,2016-10-01,1653090
LA,2016,Nov,11,2016-11-01,908520
LA,2016,Dec,12,2016-12-01,791837
LA,2017,Jan,1,2017-01-01,1071420
LA,2017,Feb,2,2017-02-01,1008910
LA,2017,Mar,3,2017-03-01,1845910
LA,2017,Apr,4,2017-04-01,8073515
LA,2017,May,5,2017-05-01,3081175
LA,2017,Jun,6,2017-06-01,2375700
LA,2017,Jul,7,2017-07-01,3494800
LA,2017,Aug,8,2017-08-01,2067078
LA,2017,Sep,9,2017-09-01,1228100
LA,2017,Oct,10,2017-10-01,2350960
LA,2017,Nov,11,2017-11-01,1599350
LA,2017,Dec,12,2017-12-01,1174750
LA,2018,Jan,1,2018-01-01,2243700
LA,2018,Feb,2,2018-02-01,1311750
LA,2018,Mar,3,2018-03-01,3643233
LA,2018,Apr,4,2018-04-01,8658484
LA,2018,May,5,2018-05-01,4723778
LA,2018,Jun,6,2018-06-01,3551408
LA,2018,Jul,7,2018-07-01,3225105
LA,2018,Aug,8,2018-08-01,1575030
LA,2018,Sep,9,2018-09-01,2427360
LA,2018,Oct,10,2018-10-01,4432805
LA,2018,Nov,11,2018-11-01,3040440
LA,2018,Dec,12,2018-12-01,2852895
LA,2019,Jan,1,2019-01-01,4092415
LA,2019,Feb,2,2019-02-01,1352667
LA,2019,Mar,3,2019-03-01,5521610
LA,2019,Apr,4,2019-04-01,11819332
LA,2019,May,5,2019-05-01,5776605
LA,2019,Jun,6,2019-06-01,3703330
LA,2019,Jul,7,2019-07-01,4479460
LA,2019,Aug,8,2019-08-01,1704855
LA,2019,Sep,9,2019-09-01,2629130
LA,2019,Oct,10,2019-10-01,3725475
LA,2019,Nov,11,2019-11-01,2717826
LA,2019,Dec,12,2019-12-01,4038330
LA,2020,Jan,1,2020-01-01,2648427
LA,2020,Feb,2,2020-02-01,1479831
LA,2020,Mar,3,2020-03-01,5625082
LA,2020,Apr,4,2020-04-01,1081523
LA,2020,May,5,2020-05-01,318195
LA,2020,Jun,6,2020-06-01,1066035
LA,2020,Jul,7,2020-07-01,845826
LA,2020,Aug,8,2020-08-01,332076
LA,2020,Sep,9,2020-09-01,1096408
LA,2020,Oct,10,2020-10-01,2219913
LA,2020,Nov,11,2020-11-01,2545664
LA,2020,Dec,12,2020-12-01,3050633
LA,2021,Jan,1,2021-01-01,7734252
LA,2021,Feb,2,2021-02-01,7919377
LA,2021,Mar,3,2021-03-01,16462029
LA,2021,Apr,4,2021-04-01,19816710
LA,2021,May,5,2021-05-01,3334056
LA,2021,Jun,6,2021-06-01,4149120
LA,2021,Jul,7,2021-07-01,11197904
LA,2021,Aug,8,2021-08-01,6973161
LA,2021,Sep,9,2021-09-01,7611630
LA,2021,Oct,10,2021-10-01,10036757
LA,2021,Nov,11,2021-11-01,13203016
LA,2021,Dec,12,2021-12-01,13185809
LA,2022,Jan,1,2022-01-01,19222555
LA,2022,Feb,2,2022-02-01,14110308
LA,2022,Mar,3,2022-03-01,22030175
LA,2022,Apr,4,2022-04-01,27771379
LA,2022,May,5,2022-05-01,29004323
LA,2022,Jun,6,2022-06-01,26790646
LA,2022,Jul,7,2022-07-01,19783953
LA,2022,Aug,8,2022-08-01,13118197
LA,2022,Sep,9,2022-09-01,12663710
LA,2022,Oct,10,2022-10-01,15445333
LA,2022,Nov,11,2022-11-01,24601638
LA,2022,Dec,12,2022-12-01,22842333
LA,2023,Jan,1,2023-01-01,20128225
LA,2023,Feb,2,2023-02-01,15358756
LA,2023,Mar,3,2023-03-01,18700013
LA,2023,Apr,4,2023-04-01,45848629
LA,2023,May,5,2023-05-01,33956017
LA,2023,Jun,6,2023-06-01,22985797
LA,2023,Jul,7,2023-07-01,17173360
LA,2023,Aug,8,2023-08-01,17755895
LA,2023,Sep,9,2023-09-01,11856889
LA,2023,Oct,10,2023-10-01,11954519
LA,2023,Nov,11,2023-11-01,10214480
LA,2023,Dec,12,2023-12-01,11274332
LA,2024,Jan,1,2024-01-01,10939739
LA,2024,Feb,2,2024-02-01,8880772
LA,2024,Mar,3,2024-03-01,14815599
LA,2024,Apr,4,2024-04-01,32318793
LA,2024,May,5,2024-05-01,31445306
LA,2024,Jun,6,2024-06-01,21071414
LA,2024,Jul,7,2024-07-01,21653062
LA,2024,Aug,8,2024-08-01,16532935
LA,2024,Sep,9,2024-09-01,11594096
LA,2024,Oct,10,2024-10-01,10874208
LA,2024,Nov,11,2024-11-01,12919244
LA,2024,Dec,12,2024-12-01,11953070
LA,2025,Jan,1,2025-01-01,11023517
LA,2025,Feb,2,2025-02-01,7675898
LA,2025,Mar,3,2025-03-01,18558437
LA,2025,Apr,4,2025-04-01,24563760
LA,2025,May,5,2025-05-01,30771699
LA,2025,Jun,6,2025-06-01,21871494
LA,2025,Jul,7,2025-07-01,18605734
LA,2025,Aug,8,2025-08-01,9065404
LA,2025,Sep,9,2025-09-01,8821326
LA,2025,Oct,10,2025-10-01,10995563
LA,2025,Nov,11,2025-11-01,8678309
LA,2025,Dec,12,2025-12-01,9221317
LA,2026,Jan,1,2026-01-01,7897613
LA,2026,Feb,2,2026-02-01,9747463
LA,2026,Mar,3,2026-03-01,13465347
LA,2026,Apr,4,2026-04-01,17192752
LA,2026,May,5,2026-05-01,18613728
LA,2026,Jun,6,2026-06-01,13025365
LA,2026,Jul,7,2026-07-01,14616682
LA,2026,Aug,8,2026-08-01,2271632
LD,2024,Jan,1,2024-01-01,8200
LD,2024,Feb,2,2024-02-01,35350
LD,2024,Mar,3,2024-03-01,96220
LD,2024,Apr,4,2024-04-01,640890
LD,2024,May,5,2024-05-01,55120
LD,2024,Jun,6,2024-06-01,30570
LD,2024,Jul,7,2024-07-01,109500
LD,2025,Jan,1,2025-01-01,42350
LD,2025,Feb,2,2025-02-01,66300
LD,2025,Mar,3,2025-03-01,72930
LD,2025,Apr,4,2025-04-01,73670
LD,2025,May,5,2025-05-01,39380
LD,2025,Jun,6,2025-06-01,384000
LD,2025,Jul,7,2025-07-01,93080
LD,2025,Aug,8,2025-08-01,111220
LD,2025,Sep,9,2025-09-01,173250
LD,2025,Oct,10,2025-10-01,108070
LD,2025,Nov,11,2025-11-01,137770
LD,2025,Dec,12,2025-12-01,155020
LD,2026,Jan,1,2026-01-01,166540
LD,2026,Feb,2,2026-02-01,256890
LD,2026,Mar,3,2026-03-01,314010
LD,2026,Apr,4,2026-04-01,159000
LD,2026,May,5,2026-05-01,238650
LD,2026,Jun,6,2026-06-01,161340
LD,2026,Jul,7,2026-07-01,312140
LD,2026,Aug,8,2026-08-01,110610
MH,2010,Jan,1,2010-01-01,45757182
MH,2010,Feb,2,2010-02-01,335744985
MH,2010,Mar,3,2010-03-01,160019466
MH,2010,Apr,4,2010-04-01,30745930
MH,2010,May,5,2010-05-01,34602575
MH,2010,Jun,6,2010-06-01,231947323
MH,2010,Jul,7,2010-07-01,188542237
MH,2010,Aug,8,2010-08-01,375084301
MH,2010,Sep,9,2010-09-01,62682547
MH,2010,Oct,10,2010-10-01,75601048
MH,2010,Nov,11,2010-11-01,60192941
MH,2010,Dec,12,2010-12-01,334842754
MH,2011,Jan,1,2011-01-01,89364182
MH,2011,Feb,2,2011-02-01,76238254
MH,2011,Mar,3,2011-03-01,89396515
MH,2011,Apr,4,2011-04-01,66021042
MH,2011,May,5,2011-05-01,58641261
MH,2011,Jun,6,2011-06-01,59716878
MH,2011,Jul,7,2011-07-01,351294021
MH,2011,Aug,8,2011-08-01,714178365
MH,2011,Sep,9,2011-09-01,85422374
MH,2011,Oct,10,2011-10-01,91887676
MH,2011,Nov,11,2011-11-01,232661470
MH,2011,Dec,12,2011-12-01,77766521
MH,2012,Jan,1,2012-01-01,94681647
MH,2012,Feb,2,2012-02-01,447270496
MH,2012,Mar,3,2012-03-01,111980454
MH,2012,Apr,4,2012-04-01,449004742
MH,2012,May,5,2012-05-01,76328210
MH,2012,Jun,6,2012-06-01,262287599
MH,2012,Jul,7,2012-07-01,638142426
MH,2012,Aug,8,2012-08-01,74540147
MH,2012,Sep,9,2012-09-01,128880090
MH,2012,Oct,10,2012-10-01,214548869
MH,2012,Nov,11,2012-11-01,297648607
MH,2012,Dec,12,2012-12-01,211194518
MH,2013,Jan,1,2013-01-01,255630383
MH,2013,Feb,2,2013-02-01,211734602
MH,2013,Mar,3,2013-03-01,1664677524
MH,2013,Apr,4,2013-04-01,233510059
MH,2013,May,5,2013-05-01,203366933
MH,2013,Jun,6,2013-06-01,193480153
MH,2013,Jul,7,2013-07-01,237699572
MH,2013,Aug,8,2013-08-01,247043898
MH,2013,Sep,9,2013-09-01,254980339
MH,2013,Oct,10,2013-10-01,515592979
MH,2013,Nov,11,2013-11-01,422593683
MH,2013,Dec,12,2013-12-01,352677776
MH,2014,Jan,1,2014-01-01,600985157
MH,2014,Feb,2,2014-02-01,356153922
MH,2014,Mar,3,2014-03-01,404908633
MH,2014,Apr,4,2014-04-01,419111400
MH,2014,May,5,2014-05-01,386859617
MH,2014,Jun,6,2014-06-01,375918944
MH,2014,Jul,7,2014-07-01,1041002608
MH,2014,Aug,8,2014-08-01,391856641
MH,2014,Sep,9,2014-09-01,436663109
MH,2014,Oct,10,2014-10-01,563787487
MH,2014,Nov,11,2014-11-01,428429072
MH,2014,Dec,12,2014-12-01,616612264
MH,2015,Jan,1,2015-01-01,1024234648
MH,2015,Feb,2,2015-02-01,398569067
MH,2015,Mar,3,2015-03-01,472189906
MH,2015,Apr,4,2015-04-01,398598676
MH,2015,May,5,2015-05-01,360462584
MH,2015,Jun,6,2015-06-01,381458748
MH,2015,Jul,7,2015-07-01,424583435
MH,2015,Aug,8,2015-08-01,1064155316
MH,2015,Sep,9,2015-09-01,432735109
MH,2015,Oct,10,2015-10-01,516935977
MH,2015,Nov,11,2015-11-01,870533277
MH,2015,Dec,12,2015-12-01,483825017
MH,2016,Jan,1,2016-01-01,585439772
MH,2016,Feb,2,2016-02-01,794080221
MH,2016,Mar,3,2016-03-01,623638178
MH,2016,Apr,4,2016-04-01,572449010
MH,2016,May,5,2016-05-01,1151763178
MH,2016,Jun,6,2016-06-01,1543702456
MH,2016,Jul,7,2016-07-01,720017729
MH,2016,Aug,8,2016-08-01,501555729
MH,2016,Sep,9,2016-09-01,685356143
MH,2016,Oct,10,2016-10-01,1074541170
MH,2016,Nov,11,2016-11-01,1754606374
MH,2016,Dec,12,2016-12-01,552775485
MH,2017,Jan,1,2017-01-01,639353321
MH,2017,Feb,2,2017-02-01,625727049
MH,2017,Mar,3,2017-03-01,1431203955
MH,2017,Apr,4,2017-04-01,16676915580
MH,2017,May,5,2017-05-01,732156893
MH,2017,Jun,6,2017-06-01,1266691263
MH,2017,Jul,7,2017-07-01,1993442424
MH,2017,Aug,8,2017-08-01,1739346212
MH,2017,Sep,9,2017-09-01,1941001669
MH,2017,Oct,10,2017-10-01,1135536511
MH,2017,Nov,11,2017-11-01,2754407837
MH,2017,Dec,12,2017-12-01,1810015347
MH,2018,Jan,1,2018-01-01,1338461698
MH,2018,Feb,2,2018-02-01,1260502140
MH,2018,Mar,3,2018-03-01,3312911183
MH,2018,Apr,4,2018-04-01,150652711409
MH,2018,May,5,2018-05-01,1261537703
MH,2018,Jun,6,2018-06-01,2015517654
MH,2018,Jul,7,2018-07-01,1739558981
MH,2018,Aug,8,2018-08-01,1421127749
MH,2018,Sep,9,2018-09-01,1580920821
MH,2018,Oct,10,2018-10-01,1459553527
MH,2018,Nov,11,2018-11-01,2339577243
MH,2018,Dec,12,2018-12-01,1491456895
MH,2019,Jan,1,2019-01-01,1593241372
MH,2019,Feb,2,2019-02-01,1336109441
MH,2019,Mar,3,2019-03-01,1431799445
MH,2019,Apr,4,2019-04-01,2237616362
MH,2019,May,5,2019-05-01,1320813020
MH,2019,Jun,6,2019-06-01,1183770857
MH,2019,Jul,7,2019-07-01,1360802866
MH,2019,Aug,8,2019-08-01,1306160264
MH,2019,Sep,9,2019-09-01,1278320204
MH,2019,Oct,10,2019-10-01,1388971466
MH,2019,Nov,11,2019-11-01,1576112781
MH,2019,Dec,12,2019-12-01,1438780302
MH,2020,Jan,1,2020-01-01,1592896323
MH,2020,Feb,2,2020-02-01,1436630374
MH,2020,Mar,3,2020-03-01,1302289916
MH,2020,Apr,4,2020-04-01,137648469
MH,2020,May,5,2020-05-01,228081413
MH,2020,Jun,6,2020-06-01,595765389
MH,2020,Jul,7,2020-07-01,1069495132
MH,2020,Aug,8,2020-08-01,719787363
MH,2020,Sep,9,2020-09-01,799705382
MH,2020,Oct,10,2020-10-01,1270539752
MH,2020,Nov,11,2020-11-01,1218373689
MH,2020,Dec,12,2020-12-01,1348850548
MH,2021,Jan,1,2021-01-01,1095446279
MH,2021,Feb,2,2021-02-01,1103674671
MH,2021,Mar,3,2021-03-01,1404755842
MH,2021,Apr,4,2021-04-01,865339493
MH,2021,May,5,2021-05-01,477034475
MH,2021,Jun,6,2021-06-01,952497603
MH,2021,Jul,7,2021-07-01,1236889092
MH,2021,Aug,8,2021-08-01,1210400927
MH,2021,Sep,9,2021-09-01,1435617374
MH,2021,Oct,10,2021-10-01,1569922036
MH,2021,Nov,11,2021-11-01,1722659607
MH,2021,Dec,12,2021-12-01,1808463517
MH,2022,Jan,1,2022-01-01,1812852427
MH,2022,Feb,2,2022-02-01,1656390456
MH,2022,Mar,3,2022-03-01,1999867361
MH,2022,Apr,4,2022-04-01,2248637688
MH,2022,May,5,2022-05-01,1533698167
MH,2022,Jun,6,2022-06-01,1545875815
MH,2022,Jul,7,2022-07-01,1596347697
MH,2022,Aug,8,2022-08-01,1564236979
MH,2022,Sep,9,2022-09-01,1701094431
MH,2022,Oct,10,2022-10-01,1815661679
MH,2022,Nov,11,2022-11-01,1973985548
MH,2022,Dec,12,2022-12-01,1830493691
MH,2023,Jan,1,2023-01-01,1986733410
MH,2023,Feb,2,2023-02-01,1813602632
MH,2023,Mar,3,2023-03-01,2187644783
MH,2023,Apr,4,2023-04-01,2060935681
MH,2023,May,5,2023-05-01,1695352206
MH,2023,Jun,6,2023-06-01,1616103821
MH,2023,Jul,7,2023-07-01,1819287911
MH,2023,Aug,8,2023-08-01,1849420405
MH,2023,Sep,9,2023-09-01,1726283859
MH,2023,Oct,10,2023-10-01,2170326423
MH,2023,Nov,11,2023-11-01,1939234268
MH,2023,Dec,12,2023-12-01,1932899383
MH,2024,Jan,1,2024-01-01,2190959961
MH,2024,Feb,2,2024-02-01,1954013528
MH,2024,Mar,3,2024-03-01,2124742166
MH,2024,Apr,4,2024-04-01,2238367952
MH,2024,May,5,2024-05-01,1828844359
MH,2024,Jun,6,2024-06-01,1765037977
MH,2024,Jul,7,2024-07-01,2094843012
MH,2024,Aug,8,2024-08-01,1902756627
MH,2024,Sep,9,2024-09-01,1796854841
MH,2024,Oct,10,2024-10-01,2400487265
MH,2024,Nov,11,2024-11-01,2005338635
MH,2024,Dec,12,2024-12-01,2095410280
MH,2025,Jan,1,2025-01-01,2393291777
MH,2025,Feb,2,2025-02-01,1919349754
MH,2025,Mar,3,2025-03-01,2308188444
MH,2025,Apr,4,2025-04-01,2251638898
MH,2025,May,5,2025-05-01,1779161736
MH,2025,Jun,6,2025-06-01,1855494305
MH,2025,Jul,7,2025-07-01,2206079638
MH,2025,Aug,8,2025-08-01,2007179501
MH,2025,Sep,9,2025-09-01,2178511417
MH,2025,Oct,10,2025-10-01,2859926578
MH,2025,Nov,11,2025-11-01,2542618789
MH,2025,Dec,12,2025-12-01,2572039004
MH,2026,Jan,1,2026-01-01,2868060874
MH,2026,Feb,2,2026-02-01,2680028419
MH,2026,Mar,3,2026-03-01,2718703785
MH,2026,Apr,4,2026-04-01,2557212717
MH,2026,May,5,2026-05-01,2050822044
MH,2026,Jun,6,2026-06-01,2236913147
MH,2026,Jul,7,2026-07-01,2392523278
MH,2026,Aug,8,2026-08-01,576587522
ML,2010,Jan,1,2010-01-01,2772923
ML,2010,Feb,2,2010-02-01,3782360
ML,2010,Mar,3,2010-03-01,3727838
ML,2010,Apr,4,2010-04-01,3609179
ML,2010,May,5,2010-05-01,2523299
ML,2010,Jun,6,2010-06-01,3412664
ML,2010,Jul,7,2010-07-01,3290972
ML,2010,Aug,8,2010-08-01,2717264
ML,2010,Sep,9,2010-09-01,3110388
ML,2010,Oct,10,2010-10-01,3109976
ML,2010,Nov,11,2010-11-01,2866277
ML,2010,Dec,12,2010-12-01,3092753
ML,2011,Jan,1,2011-01-01,4544800
ML,2011,Feb,2,2011-02-01,3668375
ML,2011,Mar,3,2011-03-01,5851261
ML,2011,Apr,4,2011-04-01,4360051
ML,2011,May,5,2011-05-01,3440680
ML,2011,Jun,6,2011-06-01,4468621
ML,2011,Jul,7,2011-07-01,4664546
ML,2011,Aug,8,2011-08-01,4370660
ML,2011,Sep,9,2011-09-01,7115547
ML,2011,Oct,10,2011-10-01,5778055
ML,2011,Nov,11,2011-11-01,5915514
ML,2011,Dec,12,2011-12-01,7266207
ML,2012,Jan,1,2012-01-01,10172227
ML,2012,Feb,2,2012-02-01,7752203
ML,2012,Mar,3,2012-03-01,9865768
ML,2012,Apr,4,2012-04-01,8531508
ML,2012,May,5,2012-05-01,6144815
ML,2012,Jun,6,2012-06-01,8691725
ML,2012,Jul,7,2012-07-01,7950546
ML,2012,Aug,8,2012-08-01,6888258
ML,2012,Sep,9,2012-09-01,7265234
ML,2012,Oct,10,2012-10-01,9442617
ML,2012,Nov,11,2012-11-01,9218295
ML,2012,Dec,12,2012-12-01,6800149
ML,2013,Jan,1,2013-01-01,11902732
ML,2013,Feb,2,2013-02-01,4488784
ML,2013,Mar,3,2013-03-01,9908169
ML,2013,Apr,4,2013-04-01,10890915
ML,2013,May,5,2013-05-01,8216999
ML,2013,Jun,6,2013-06-01,7514005
ML,2013,Jul,7,2013-07-01,9494246
ML,2013,Aug,8,2013-08-01,6162006
ML,2013,Sep,9,2013-09-01,6261893
ML,2013,Oct,10,2013-10-01,8981617
ML,2013,Nov,11,2013-11-01,9578901
ML,2013,Dec,12,2013-12-01,8043927
ML,2014,Jan,1,2014-01-01,12943021
ML,2014,Feb,2,2014-02-01,6889299
ML,2014,Mar,3,2014-03-01,11947681
ML,2014,Apr,4,2014-04-01,9440680
ML,2014,May,5,2014-05-01,7467418
ML,2014,Jun,6,2014-06-01,8212572
ML,2014,Jul,7,2014-07-01,8631320
ML,2014,Aug,8,2014-08-01,5463960
ML,2014,Sep,9,2014-09-01,7916120
ML,2014,Oct,10,2014-10-01,7919499
ML,2014,Nov,11,2014-11-01,7633451
ML,2014,Dec,12,2014-12-01,8670494
ML,2015,Jan,1,2015-01-01,11511213
ML,2015,Feb,2,2015-02-01,8466360
ML,2015,Mar,3,2015-03-01,11606171
ML,2015,Apr,4,2015-04-01,13758082
ML,2015,May,5,2015-05-01,6993668
ML,2015,Jun,6,2015-06-01,8574007
ML,2015,Jul,7,2015-07-01,9594812
ML,2015,Aug,8,2015-08-01,5918861
ML,2015,Sep,9,2015-09-01,8218421
ML,2015,Oct,10,2015-10-01,7371705
ML,2015,Nov,11,2015-11-01,6432803
ML,2015,Dec,12,2015-12-01,7482937
ML,2016,Jan,1,2016-01-01,12012957
ML,2016,Feb,2,2016-02-01,8697241
ML,2016,Mar,3,2016-03-01,10959202
ML,2016,Apr,4,2016-04-01,11123266
ML,2016,May,5,2016-05-01,6348582
ML,2016,Jun,6,2016-06-01,10663544
ML,2016,Jul,7,2016-07-01,8389738
ML,2016,Aug,8,2016-08-01,7828089
ML,2016,Sep,9,2016-09-01,10330581
ML,2016,Oct,10,2016-10-01,8372794
ML,2016,Nov,11,2016-11-01,7707828
ML,2016,Dec,12,2016-12-01,6415089
ML,2017,Jan,1,2017-01-01,12580942
ML,2017,Feb,2,2017-02-01,8317790
ML,2017,Mar,3,2017-03-01,13939361
ML,2017,Apr,4,2017-04-01,9782513
ML,2017,May,5,2017-05-01,8199274
ML,2017,Jun,6,2017-06-01,11397301
ML,2017,Jul,7,2017-07-01,12437768
ML,2017,Aug,8,2017-08-01,9544515
ML,2017,Sep,9,2017-09-01,11034786
ML,2017,Oct,10,2017-10-01,12640920
ML,2017,Nov,11,2017-11-01,12365607
ML,2017,Dec,12,2017-12-01,13592123
ML,2018,Jan,1,2018-01-01,15806096
ML,2018,Feb,2,2018-02-01,7906000
ML,2018,Mar,3,2018-03-01,15928619
ML,2018,Apr,4,2018-04-01,17134350
ML,2018,May,5,2018-05-01,15168191
ML,2018,Jun,6,2018-06-01,12206675
ML,2018,Jul,7,2018-07-01,14438657
ML,2018,Aug,8,2018-08-01,13491688
ML,2018,Sep,9,2018-09-01,14498763
ML,2018,Oct,10,2018-10-01,13813376
ML,2018,Nov,11,2018-11-01,12540341
ML,2018,Dec,12,2018-12-01,14262639
ML,2019,Jan,1,2019-01-01,21456967
ML,2019,Feb,2,2019-02-01,13253331
ML,2019,Mar,3,2019-03-01,23120815
ML,2019,Apr,4,2019-04-01,17493404
ML,2019,May,5,2019-05-01,19082364
ML,2019,Jun,6,2019-06-01,17231757
ML,2019,Jul,7,2019-07-01,21193819
ML,2019,Aug,8,2019-08-01,15204443
ML,2019,Sep,9,2019-09-01,24801358
ML,2019,Oct,10,2019-10-01,28496417
ML,2019,Nov,11,2019-11-01,21634662
ML,2019,Dec,12,2019-12-01,15523455
ML,2020,Jan,1,2020-01-01,30019707
ML,2020,Feb,2,2020-02-01,21642036
ML,2020,Mar,3,2020-03-01,18192909
ML,2020,Apr,4,2020-04-01,467116
ML,2020,May,5,2020-05-01,5758212
ML,2020,Jun,6,2020-06-01,14680944
ML,2020,Jul,7,2020-07-01,18005600
ML,2020,Aug,8,2020-08-01,17553587
ML,2020,Sep,9,2020-09-01,28911058
ML,2020,Oct,10,2020-10-01,26611310
ML,2020,Nov,11,2020-11-01,20765689
ML,2020,Dec,12,2020-12-01,28213997
ML,2021,Jan,1,2021-01-01,33278950
ML,2021,Feb,2,2021-02-01,24185279
ML,2021,Mar,3,2021-03-01,38255938
ML,2021,Apr,4,2021-04-01,28724903
ML,2021,May,5,2021-05-01,3488642
ML,2021,Jun,6,2021-06-01,7507459
ML,2021,Jul,7,2021-07-01,21849809
ML,2021,Aug,8,2021-08-01,21645526
ML,2021,Sep,9,2021-09-01,34745534
ML,2021,Oct,10,2021-10-01,29746092
ML,2021,Nov,11,2021-11-01,28163330
ML,2021,Dec,12,2021-12-01,34077551
ML,2022,Jan,1,2022-01-01,41179280
ML,2022,Feb,2,2022-02-01,40682942
ML,2022,Mar,3,2022-03-01,58288486
ML,2022,Apr,4,2022-04-01,44610262
ML,2022,May,5,2022-05-01,33924062
ML,2022,Jun,6,2022-06-01,46278021
ML,2022,Jul,7,2022-07-01,36841238
ML,2022,Aug,8,2022-08-01,31897969
ML,2022,Sep,9,2022-09-01,42253574
ML,2022,Oct,10,2022-10-01,36262963
ML,2022,Nov,11,2022-11-01,31113627
ML,2022,Dec,12,2022-12-01,32748807
ML,2023,Jan,1,2023-01-01,42705922
ML,2023,Feb,2,2023-02-01,24607602
ML,2023,Mar,3,2023-03-01,53665212
ML,2023,Apr,4,2023-04-01,38164158
ML,2023,May,5,2023-05-01,29849270
ML,2023,Jun,6,2023-06-01,48177657
ML,2023,Jul,7,2023-07-01,33910256
ML,2023,Aug,8,2023-08-01,35511106
ML,2023,Sep,9,2023-09-01,45062246
ML,2023,Oct,10,2023-10-01,40178698
ML,2023,Nov,11,2023-11-01,30357795
ML,2023,Dec,12,2023-12-01,35501494
ML,2024,Jan,1,2024-01-01,51901870
ML,2024,Feb,2,2024-02-01,33780897
ML,2024,Mar,3,2024-03-01,47574931
ML,2024,Apr,4,2024-04-01,42846416
ML,2024,May,5,2024-05-01,32310651
ML,2024,Jun,6,2024-06-01,43260285
ML,2024,Jul,7,2024-07-01,45152912
ML,2024,Aug,8,2024-08-01,28341849
ML,2024,Sep,9,2024-09-01,46848503
ML,2024,Oct,10,2024-10-01,43036290
ML,2024,Nov,11,2024-11-01,30733375
ML,2024,Dec,12,2024-12-01,33921231
ML,2025,Jan,1,2025-01-01,57941223
ML,2025,Feb,2,2025-02-01,25439788
ML,2025,Mar,3,2025-03-01,46485687
ML,2025,Apr,4,2025-04-01,46642115
ML,2025,May,5,2025-05-01,30634616
ML,2025,Jun,6,2025-06-01,47429718
ML,2025,Jul,7,2025-07-01,42105759
ML,2025,Aug,8,2025-08-01,30778673
ML,2025,Sep,9,2025-09-01,49177662
ML,2025,Oct,10,2025-10-01,43950955
ML,2025,Nov,11,2025-11-01,32663551
ML,2025,Dec,12,2025-12-01,36503837
ML,2026,Jan,1,2026-01-01,57133644
ML,2026,Feb,2,2026-02-01,33676894
ML,2026,Mar,3,2026-03-01,54983064
ML,2026,Apr,4,2026-04-01,50018774
ML,2026,May,5,2026-05-01,103004679
ML,2026,Jun,6,2026-06-01,87573035
ML,2026,Jul,7,2026-07-01,104481092
ML,2026,Aug,8,2026-08-01,20798777
MN,2010,Jan,1,2010-01-01,323527
MN,2010,Feb,2,2010-02-01,431528
MN,2010,Mar,3,2010-03-01,387125
MN,2010,Apr,4,2010-04-01,164904
MN,2010,May,5,2010-05-01,283895
MN,2010,Jun,6,2010-06-01,277441
MN,2010,Jul,7,2010-07-01,509781
MN,2010,Aug,8,2010-08-01,443715
MN,2010,Sep,9,2010-09-01,596687
MN,2010,Oct,10,2010-10-01,466742
MN,2010,Nov,11,2010-11-01,328784
MN,2010,Dec,12,2010-12-01,506978
MN,2011,Jan,1,2011-01-01,516632
MN,2011,Feb,2,2011-02-01,465405
MN,2011,Mar,3,2011-03-01,711817
MN,2011,Apr,4,2011-04-01,776476
MN,2011,May,5,2011-05-01,1119824
MN,2011,Jun,6,2011-06-01,1225847
MN,2011,Jul,7,2011-07-01,1244893
MN,2011,Aug,8,2011-08-01,513859
MN,2011,Sep,9,2011-09-01,1087796
MN,2011,Oct,10,2011-10-01,965102
MN,2011,Nov,11,2011-11-01,925235
MN,2011,Dec,12,2011-12-01,1146838
MN,2012,Jan,1,2012-01-01,1183873
MN,2012,Feb,2,2012-02-01,1641259
MN,2012,Mar,3,2012-03-01,1685979
MN,2012,Apr,4,2012-04-01,1891779
MN,2012,May,5,2012-05-01,1515921
MN,2012,Jun,6,2012-06-01,1706903
MN,2012,Jul,7,2012-07-01,1566456
MN,2012,Aug,8,2012-08-01,1073309
MN,2012,Sep,9,2012-09-01,1262912
MN,2012,Oct,10,2012-10-01,1669584
MN,2012,Nov,11,2012-11-01,1190814
MN,2012,Dec,12,2012-12-01,1213667
MN,2013,Jan,1,2013-01-01,1369542
MN,2013,Feb,2,2013-02-01,1334710
MN,2013,Mar,3,2013-03-01,2130397
MN,2013,Apr,4,2013-04-01,1880594
MN,2013,May,5,2013-05-01,2626870
MN,2013,Jun,6,2013-06-01,1771956
MN,2013,Jul,7,2013-07-01,1987445
MN,2013,Aug,8,2013-08-01,1464573
MN,2013,Sep,9,2013-09-01,1598134
MN,2013,Oct,10,2013-10-01,2292744
MN,2013,Nov,11,2013-11-01,6307349
MN,2013,Dec,12,2013-12-01,1671748
MN,2014,Jan,1,2014-01-01,2238962
MN,2014,Feb,2,2014-02-01,7500317
MN,2014,Mar,3,2014-03-01,1737486
MN,2014,Apr,4,2014-04-01,3021129
MN,2014,May,5,2014-05-01,2502879
MN,2014,Jun,6,2014-06-01,2014924
MN,2014,Jul,7,2014-07-01,2360816
MN,2014,Aug,8,2014-08-01,1447574
MN,2014,Sep,9,2014-09-01,2311372
MN,2014,Oct,10,2014-10-01,1792620
MN,2014,Nov,11,2014-11-01,1446574
MN,2014,Dec,12,2014-12-01,2277742
MN,2015,Jan,1,2015-01-01,2148767
MN,2015,Feb,2,2015-02-01,2951473
MN,2015,Mar,3,2015-03-01,32182405
MN,2015,Apr,4,2015-04-01,4620104
MN,2015,May,5,2015-05-01,2098884
MN,2015,Jun,6,2015-06-01,3107368
MN,2015,Jul,7,2015-07-01,1657781
MN,2015,Aug,8,2015-08-01,1498023
MN,2015,Sep,9,2015-09-01,2379333
MN,2015,Oct,10,2015-10-01,9892118
MN,2015,Nov,11,2015-11-01,2426590
MN,2015,Dec,12,2015-12-01,2191595
MN,2016,Jan,1,2016-01-01,1259798
MN,2016,Feb,2,2016-02-01,3067124
MN,2016,Mar,3,2016-03-01,2602831
MN,2016,Apr,4,2016-04-01,4354459
MN,2016,May,5,2016-05-01,3254365
MN,2016,Jun,6,2016-06-01,4084679
MN,2016,Jul,7,2016-07-01,5361443
MN,2016,Aug,8,2016-08-01,4037984
MN,2016,Sep,9,2016-09-01,4896059
MN,2016,Oct,10,2016-10-01,4650584
MN,2016,Nov,11,2016-11-01,3150869
MN,2016,Dec,12,2016-12-01,2953667
MN,2017,Jan,1,2017-01-01,4695926
MN,2017,Feb,2,2017-02-01,4323366
MN,2017,Mar,3,2017-03-01,5347716
MN,2017,Apr,4,2017-04-01,5577945
MN,2017,May,5,2017-05-01,2651651
MN,2017,Jun,6,2017-06-01,2803226
MN,2017,Jul,7,2017-07-01,3229826
MN,2017,Aug,8,2017-08-01,2030483
MN,2017,Sep,9,2017-09-01,1892691
MN,2017,Oct,10,2017-10-01,6761387
MN,2017,Nov,11,2017-11-01,3035924
MN,2017,Dec,12,2017-12-01,6745619
MN,2018,Jan,1,2018-01-01,5279529
MN,2018,Feb,2,2018-02-01,2847022
MN,2018,Mar,3,2018-03-01,5568195
MN,2018,Apr,4,2018-04-01,6553594
MN,2018,May,5,2018-05-01,4116085
MN,2018,Jun,6,2018-06-01,4119971
MN,2018,Jul,7,2018-07-01,4518335
MN,2018,Aug,8,2018-08-01,7653470
MN,2018,Sep,9,2018-09-01,4947652
MN,2018,Oct,10,2018-10-01,6094118
MN,2018,Nov,11,2018-11-01,3821142
MN,2018,Dec,12,2018-12-01,4153861
MN,2019,Jan,1,2019-01-01,4036906
MN,2019,Feb,2,2019-02-01,5652240
MN,2019,Mar,3,2019-03-01,5738038
MN,2019,Apr,4,2019-04-01,4283612
MN,2019,May,5,2019-05-01,5206989
MN,2019,Jun,6,2019-06-01,7434898
MN,2019,Jul,7,2019-07-01,6210936
MN,2019,Aug,8,2019-08-01,6750023
MN,2019,Sep,9,2019-09-01,6306658
MN,2019,Oct,10,2019-10-01,4880070
MN,2019,Nov,11,2019-11-01,5521656
MN,2019,Dec,12,2019-12-01,4114503
MN,2020,Jan,1,2020-01-01,7164105
MN,2020,Feb,2,2020-02-01,6986721
MN,2020,Mar,3,2020-03-01,10742188
MN,2020,Apr,4,2020-04-01,1939975
MN,2020,May,5,2020-05-01,395271
MN,2020,Jun,6,2020-06-01,44017
MN,2020,Jul,7,2020-07-01,61295
MN,2020,Aug,8,2020-08-01,38756
MN,2020,Sep,9,2020-09-01,443874
MN,2020,Oct,10,2020-10-01,1500597
MN,2020,Nov,11,2020-11-01,3724620
MN,2020,Dec,12,2020-12-01,7760687
MN,2021,Jan,1,2021-01-01,7395942
MN,2021,Feb,2,2021-02-01,7621675
MN,2021,Mar,3,2021-03-01,8554675
MN,2021,Apr,4,2021-04-01,9461800
MN,2021,May,5,2021-05-01,2672427
MN,2021,Jun,6,2021-06-01,6164386
MN,2021,Jul,7,2021-07-01,2993662
MN,2021,Aug,8,2021-08-01,3613786
MN,2021,Sep,9,2021-09-01,6524683
MN,2021,Oct,10,2021-10-01,7965516
MN,2021,Nov,11,2021-11-01,4639142
MN,2021,Dec,12,2021-12-01,9705034
MN,2022,Jan,1,2022-01-01,9749381
MN,2022,Feb,2,2022-02-01,10895843
MN,2022,Mar,3,2022-03-01,9934168
MN,2022,Apr,4,2022-04-01,10689236
MN,2022,May,5,2022-05-01,10863715
MN,2022,Jun,6,2022-06-01,7155495
MN,2022,Jul,7,2022-07-01,8983132
MN,2022,Aug,8,2022-08-01,6800568
MN,2022,Sep,9,2022-09-01,9626212
MN,2022,Oct,10,2022-10-01,10804177
MN,2022,Nov,11,2022-11-01,10480949
MN,2022,Dec,12,2022-12-01,12544330
MN,2023,Jan,1,2023-01-01,10918993
MN,2023,Feb,2,2023-02-01,13362542
MN,2023,Mar,3,2023-03-01,10025699
MN,2023,Apr,4,2023-04-01,12119670
MN,2023,May,5,2023-05-01,1650757
MN,2023,Jun,6,2023-06-01,3395798
MN,2023,Jul,7,2023-07-01,6537196
MN,2023,Aug,8,2023-08-01,4952598
MN,2023,Sep,9,2023-09-01,3447153
MN,2023,Oct,10,2023-10-01,5593602
MN,2023,Nov,11,2023-11-01,4591726
MN,2023,Dec,12,2023-12-01,8882642
MN,2024,Jan,1,2024-01-01,6588402
MN,2024,Feb,2,2024-02-01,5971961
MN,2024,Mar,3,2024-03-01,6464971
MN,2024,Apr,4,2024-04-01,4982394
MN,2024,May,5,2024-05-01,4679627
MN,2024,Jun,6,2024-06-01,3948490
MN,2024,Jul,7,2024-07-01,6925578
MN,2024,Aug,8,2024-08-01,4399820
MN,2024,Sep,9,2024-09-01,5314940
MN,2024,Oct,10,2024-10-01,5461439
MN,2024,Nov,11,2024-11-01,4710087
MN,2024,Dec,12,2024-12-01,6661115
MN,2025,Jan,1,2025-01-01,8123682
MN,2025,Feb,2,2025-02-01,6772848
MN,2025,Mar,3,2025-03-01,7571312
MN,2025,Apr,4,2025-04-01,10001022
MN,2025,May,5,2025-05-01,5521740
MN,2025,Jun,6,2025-06-01,5653250
MN,2025,Jul,7,2025-07-01,6734652
MN,2025,Aug,8,2025-08-01,9674652
MN,2025,Sep,9,2025-09-01,9920892
MN,2025,Oct,10,2025-10-01,9256405
MN,2025,Nov,11,2025-11-01,9708981
MN,2025,Dec,12,2025-12-01,10522921
MN,2026,Jan,1,2026-01-01,10915475
MN,2026,Feb,2,2026-02-01,12032245
MN,2026,Mar,3,2026-03-01,11683791
MN,2026,Apr,4,2026-04-01,7805500
MN,2026,May,5,2026-05-01,10501718
MN,2026,Jun,6,2026-06-01,9611717
MN,2026,Jul,7,2026-07-01,5882232
MN,2026,Aug,8,2026-08-01,1580281
MP,2010,Jan,1,2010-01-01,594546495
MP,2010,Feb,2,2010-02-01,280183317
MP,2010,Mar,3,2010-03-01,377404931
MP,2010,Apr,4,2010-04-01,593874278
MP,2010,May,5,2010-05-01,273495139
MP,2010,Jun,6,2010-06-01,279633353
MP,2010,Jul,7,2010-07-01,613988410
MP,2010,Aug,8,2010-08-01,238309025
MP,2010,Sep,9,2010-09-01,254888036
MP,2010,Oct,10,2010-10-01,628409537
MP,2010,Nov,11,2010-11-01,288995057
MP,2010,Dec,12,2010-12-01,294933211
MP,2011,Jan,1,2011-01-01,659572585
MP,2011,Feb,2,2011-02-01,287000690
MP,2011,Mar,3,2011-03-01,445500516
MP,2011,Apr,4,2011-04-01,642045357
MP,2011,May,5,2011-05-01,292334557
MP,2011,Jun,6,2011-06-01,294851876
MP,2011,Jul,7,2011-07-01,686193094
MP,2011,Aug,8,2011-08-01,269478442
MP,2011,Sep,9,2011-09-01,299015202
MP,2011,Oct,10,2011-10-01,673306596
MP,2011,Nov,11,2011-11-01,333160942
MP,2011,Dec,12,2011-12-01,344877154
MP,2012,Jan,1,2012-01-01,738149603
MP,2012,Feb,2,2012-02-01,302399270
MP,2012,Mar,3,2012-03-01,473089404
MP,2012,Apr,4,2012-04-01,677937382
MP,2012,May,5,2012-05-01,316310136
MP,2012,Jun,6,2012-06-01,318560968
MP,2012,Jul,7,2012-07-01,732063335
MP,2012,Aug,8,2012-08-01,289610871
MP,2012,Sep,9,2012-09-01,290986478
MP,2012,Oct,10,2012-10-01,736256902
MP,2012,Nov,11,2012-11-01,323525924
MP,2012,Dec,12,2012-12-01,347080165
MP,2013,Jan,1,2013-01-01,763379439
MP,2013,Feb,2,2013-02-01,333159603
MP,2013,Mar,3,2013-03-01,412156741
MP,2013,Apr,4,2013-04-01,746997012
MP,2013,May,5,2013-05-01,338142829
MP,2013,Jun,6,2013-06-01,319878012
MP,2013,Jul,7,2013-07-01,720381935
MP,2013,Aug,8,2013-08-01,283828202
MP,2013,Sep,9,2013-09-01,328670732
MP,2013,Oct,10,2013-10-01,710197466
MP,2013,Nov,11,2013-11-01,297201780
MP,2013,Dec,12,2013-12-01,357677753
MP,2014,Jan,1,2014-01-01,764539490
MP,2014,Feb,2,2014-02-01,364769087
MP,2014,Mar,3,2014-03-01,588639990
MP,2014,Apr,4,2014-04-01,677369723
MP,2014,May,5,2014-05-01,334004362
MP,2014,Jun,6,2014-06-01,344411338
MP,2014,Jul,7,2014-07-01,740815093
MP,2014,Aug,8,2014-08-01,295163417
MP,2014,Sep,9,2014-09-01,332199295
MP,2014,Oct,10,2014-10-01,806118210
MP,2014,Nov,11,2014-11-01,529230678
MP,2014,Dec,12,2014-12-01,600503333
MP,2015,Jan,1,2015-01-01,1093667327
MP,2015,Feb,2,2015-02-01,683067077
MP,2015,Mar,3,2015-03-01,887067694
MP,2015,Apr,4,2015-04-01,979149818
MP,2015,May,5,2015-05-01,482619070
MP,2015,Jun,6,2015-06-01,505253249
MP,2015,Jul,7,2015-07-01,871240227
MP,2015,Aug,8,2015-08-01,445652592
MP,2015,Sep,9,2015-09-01,520745925
MP,2015,Oct,10,2015-10-01,920726902
MP,2015,Nov,11,2015-11-01,510575489
MP,2015,Dec,12,2015-12-01,585375957
MP,2016,Jan,1,2016-01-01,921985088
MP,2016,Feb,2,2016-02-01,593861471
MP,2016,Mar,3,2016-03-01,785646792
MP,2016,Apr,4,2016-04-01,874780361
MP,2016,May,5,2016-05-01,528926828
MP,2016,Jun,6,2016-06-01,507039097
MP,2016,Jul,7,2016-07-01,780914024
MP,2016,Aug,8,2016-08-01,413993696
MP,2016,Sep,9,2016-09-01,510923482
MP,2016,Oct,10,2016-10-01,850368521
MP,2016,Nov,11,2016-11-01,587762924
MP,2016,Dec,12,2016-12-01,493822655
MP,2017,Jan,1,2017-01-01,912756301
MP,2017,Feb,2,2017-02-01,594138489
MP,2017,Mar,3,2017-03-01,1123475873
MP,2017,Apr,4,2017-04-01,1061748993
MP,2017,May,5,2017-05-01,528633638
MP,2017,Jun,6,2017-06-01,500611605
MP,2017,Jul,7,2017-07-01,856050252
MP,2017,Aug,8,2017-08-01,500896062
MP,2017,Sep,9,2017-09-01,569934661
MP,2017,Oct,10,2017-10-01,887117398
MP,2017,Nov,11,2017-11-01,645962809
MP,2017,Dec,12,2017-12-01,660620987
MP,2018,Jan,1,2018-01-01,977729172
MP,2018,Feb,2,2018-02-01,625638629
MP,2018,Mar,3,2018-03-01,725171022
MP,2018,Apr,4,2018-04-01,889738132
MP,2018,May,5,2018-05-01,621768110
MP,2018,Jun,6,2018-06-01,596531983
MP,2018,Jul,7,2018-07-01,800608085
MP,2018,Aug,8,2018-08-01,556156212
MP,2018,Sep,9,2018-09-01,620899678
MP,2018,Oct,10,2018-10-01,945596306
MP,2018,Nov,11,2018-11-01,610990215
MP,2018,Dec,12,2018-12-01,637740637
MP,2019,Jan,1,2019-01-01,932071290
MP,2019,Feb,2,2019-02-01,680352272
MP,2019,Mar,3,2019-03-01,913384874
MP,2019,Apr,4,2019-04-01,897315859
MP,2019,May,5,2019-05-01,574229366
MP,2019,Jun,6,2019-06-01,536060432
MP,2019,Jul,7,2019-07-01,850184025
MP,2019,Aug,8,2019-08-01,443497350
MP,2019,Sep,9,2019-09-01,565781364
MP,2019,Oct,10,2019-10-01,1070733463
MP,2019,Nov,11,2019-11-01,668397118
MP,2019,Dec,12,2019-12-01,668970933
MP,2020,Jan,1,2020-01-01,1010308428
MP,2020,Feb,2,2020-02-01,780324183
MP,2020,Mar,3,2020-03-01,759630430
MP,2020,Apr,4,2020-04-01,35683972
MP,2020,May,5,2020-05-01,54551615
MP,2020,Jun,6,2020-06-01,200542899
MP,2020,Jul,7,2020-07-01,357824363
MP,2020,Aug,8,2020-08-01,249285685
MP,2020,Sep,9,2020-09-01,414270712
MP,2020,Oct,10,2020-10-01,621149779
MP,2020,Nov,11,2020-11-01,526637373
MP,2020,Dec,12,2020-12-01,704773272
MP,2021,Jan,1,2021-01-01,770881335
MP,2021,Feb,2,2021-02-01,655528668
MP,2021,Mar,3,2021-03-01,795453390
MP,2021,Apr,4,2021-04-01,436129448
MP,2021,May,5,2021-05-01,80594474
MP,2021,Jun,6,2021-06-01,405910168
MP,2021,Jul,7,2021-07-01,593122385
MP,2021,Aug,8,2021-08-01,487711410
MP,2021,Sep,9,2021-09-01,605073284
MP,2021,Oct,10,2021-10-01,667017432
MP,2021,Nov,11,2021-11-01,662770390
MP,2021,Dec,12,2021-12-01,660680411
MP,2022,Jan,1,2022-01-01,776457589
MP,2022,Feb,2,2022-02-01,600616900
MP,2022,Mar,3,2022-03-01,824242872
MP,2022,Apr,4,2022-04-01,863710486
MP,2022,May,5,2022-05-01,623341967
MP,2022,Jun,6,2022-06-01,587645481
MP,2022,Jul,7,2022-07-01,687570162
MP,2022,Aug,8,2022-08-01,571913795
MP,2022,Sep,9,2022-09-01,592008940
MP,2022,Oct,10,2022-10-01,778963059
MP,2022,Nov,11,2022-11-01,716013570
MP,2022,Dec,12,2022-12-01,735920307
MP,2023,Jan,1,2023-01-01,766381935
MP,2023,Feb,2,2023-02-01,696162018
MP,2023,Mar,3,2023-03-01,650200739
MP,2023,Apr,4,2023-04-01,782750140
MP,2023,May,5,2023-05-01,769159094
MP,2023,Jun,6,2023-06-01,725042748
MP,2023,Jul,7,2023-07-01,853776723
MP,2023,Aug,8,2023-08-01,738632965
MP,2023,Sep,9,2023-09-01,776747460
MP,2023,Oct,10,2023-10-01,968948206
MP,2023,Nov,11,2023-11-01,891674945
MP,2023,Dec,12,2023-12-01,878947335
MP,2024,Jan,1,2024-01-01,1017546535
MP,2024,Feb,2,2024-02-01,894725004
MP,2024,Mar,3,2024-03-01,865149678
MP,2024,Apr,4,2024-04-01,902388893
MP,2024,May,5,2024-05-01,785517317
MP,2024,Jun,6,2024-06-01,739897893
MP,2024,Jul,7,2024-07-01,913947353
MP,2024,Aug,8,2024-08-01,724222000
MP,2024,Sep,9,2024-09-01,761952718
MP,2024,Oct,10,2024-10-01,1038007161
MP,2024,Nov,11,2024-11-01,882651545
MP,2024,Dec,12,2024-12-01,790421073
MP,2025,Jan,1,2025-01-01,1048413972
MP,2025,Feb,2,2025-02-01,827894718
MP,2025,Mar,3,2025-03-01,893523590
MP,2025,Apr,4,2025-04-01,860875473
MP,2025,May,5,2025-05-01,709707314
MP,2025,Jun,6,2025-06-01,666100379
MP,2025,Jul,7,2025-07-01,857793819
MP,2025,Aug,8,2025-08-01,771419306
MP,2025,Sep,9,2025-09-01,733359313
MP,2025,Oct,10,2025-10-01,1056835443
MP,2025,Nov,11,2025-11-01,893838489
MP,2025,Dec,12,2025-12-01,873601394
MP,2026,Jan,1,2026-01-01,1067696321
MP,2026,Feb,2,2026-02-01,948619622
MP,2026,Mar,3,2026-03-01,987024125
MP,2026,Apr,4,2026-04-01,968987806
MP,2026,May,5,2026-05-01,771263057
MP,2026,Jun,6,2026-06-01,794961027
MP,2026,Jul,7,2026-07-01,831555157
MP,2026,Aug,8,2026-08-01,139803729
MZ,2010,Jan,1,2010-01-01,2137568
MZ,2010,Feb,2,2010-02-01,1977938
MZ,2010,Mar,3,2010-03-01,5090321
MZ,2010,Apr,4,2010-04-01,4140791
MZ,2010,May,5,2010-05-01,2605537
MZ,2010,Jun,6,2010-06-01,2598458
MZ,2010,Jul,7,2010-07-01,2640448
MZ,2010,Aug,8,2010-08-01,2768153
MZ,2010,Sep,9,2010-09-01,2463258
MZ,2010,Oct,10,2010-10-01,2596820
MZ,2010,Nov,11,2010-11-01,3180745
MZ,2010,Dec,12,2010-12-01,2524073
MZ,2011,Jan,1,2011-01-01,2350911
MZ,2011,Feb,2,2011-02-01,3042129
MZ,2011,Mar,3,2011-03-01,5723373
MZ,2011,Apr,4,2011-04-01,3950875
MZ,2011,May,5,2011-05-01,3339192
MZ,2011,Jun,6,2011-06-01,3463470
MZ,2011,Jul,7,2011-07-01,3694660
MZ,2011,Aug,8,2011-08-01,3605642
MZ,2011,Sep,9,2011-09-01,3911479
MZ,2011,Oct,10,2011-10-01,4099264
MZ,2011,Nov,11,2011-11-01,5285159
MZ,2011,Dec,12,2011-12-01,4129919
MZ,2012,Jan,1,2012-01-01,4138719
MZ,2012,Feb,2,2012-02-01,4903621
MZ,2012,Mar,3,2012-03-01,7844597
MZ,2012,Apr,4,2012-04-01,6209401
MZ,2012,May,5,2012-05-01,5425275
MZ,2012,Jun,6,2012-06-01,4164449
MZ,2012,Jul,7,2012-07-01,5527284
MZ,2012,Aug,8,2012-08-01,4903129
MZ,2012,Sep,9,2012-09-01,4748543
MZ,2012,Oct,10,2012-10-01,5522185
MZ,2012,Nov,11,2012-11-01,5942708
MZ,2012,Dec,12,2012-12-01,4731617
MZ,2013,Jan,1,2013-01-01,5533380
MZ,2013,Feb,2,2013-02-01,5131411
MZ,2013,Mar,3,2013-03-01,6881220
MZ,2013,Apr,4,2013-04-01,9353316
MZ,2013,May,5,2013-05-01,5911204
MZ,2013,Jun,6,2013-06-01,5079347
MZ,2013,Jul,7,2013-07-01,6837774
MZ,2013,Aug,8,2013-08-01,5538535
MZ,2013,Sep,9,2013-09-01,5818476
MZ,2013,Oct,10,2013-10-01,6918338
MZ,2013,Nov,11,2013-11-01,5217035
MZ,2013,Dec,12,2013-12-01,5278996
MZ,2014,Jan,1,2014-01-01,6447370
MZ,2014,Feb,2,2014-02-01,6016754
MZ,2014,Mar,3,2014-03-01,8068444
MZ,2014,Apr,4,2014-04-01,6360529
MZ,2014,May,5,2014-05-01,5812583
MZ,2014,Jun,6,2014-06-01,5604225
MZ,2014,Jul,7,2014-07-01,5947279
MZ,2014,Aug,8,2014-08-01,5108177
MZ,2014,Sep,9,2014-09-01,7144284
MZ,2014,Oct,10,2014-10-01,6203218
MZ,2014,Nov,11,2014-11-01,6324031
MZ,2014,Dec,12,2014-12-01,5772252
MZ,2015,Jan,1,2015-01-01,5958028
MZ,2015,Feb,2,2015-02-01,7393115
MZ,2015,Mar,3,2015-03-01,10027247
MZ,2015,Apr,4,2015-04-01,7287180
MZ,2015,May,5,2015-05-01,7276733
MZ,2015,Jun,6,2015-06-01,7366584
MZ,2015,Jul,7,2015-07-01,7125959
MZ,2015,Aug,8,2015-08-01,7309976
MZ,2015,Sep,9,2015-09-01,7466568
MZ,2015,Oct,10,2015-10-01,8017797
MZ,2015,Nov,11,2015-11-01,8787487
MZ,2015,Dec,12,2015-12-01,7130689
MZ,2016,Jan,1,2016-01-01,5371102
MZ,2016,Feb,2,2016-02-01,9713587
MZ,2016,Mar,3,2016-03-01,10484825
MZ,2016,Apr,4,2016-04-01,9071121
MZ,2016,May,5,2016-05-01,7493371
MZ,2016,Jun,6,2016-06-01,5682738
MZ,2016,Jul,7,2016-07-01,7676882
MZ,2016,Aug,8,2016-08-01,10557426
MZ,2016,Sep,9,2016-09-01,7682425
MZ,2016,Oct,10,2016-10-01,8453628
MZ,2016,Nov,11,2016-11-01,9551197
MZ,2016,Dec,12,2016-12-01,7766553
MZ,2017,Jan,1,2017-01-01,6419477
MZ,2017,Feb,2,2017-02-01,10666854
MZ,2017,Mar,3,2017-03-01,10645833
MZ,2017,Apr,4,2017-04-01,8301876
MZ,2017,May,5,2017-05-01,7569905
MZ,2017,Jun,6,2017-06-01,6763040
MZ,2017,Jul,7,2017-07-01,7917207
MZ,2017,Aug,8,2017-08-01,6733614
MZ,2017,Sep,9,2017-09-01,8155819
MZ,2017,Oct,10,2017-10-01,9771958
MZ,2017,Nov,11,2017-11-01,9635438
MZ,2017,Dec,12,2017-12-01,8483540
MZ,2018,Jan,1,2018-01-01,8216664
MZ,2018,Feb,2,2018-02-01,10960911
MZ,2018,Mar,3,2018-03-01,8803813
MZ,2018,Apr,4,2018-04-01,8639163
MZ,2018,May,5,2018-05-01,9166140
MZ,2018,Jun,6,2018-06-01,7753926
MZ,2018,Jul,7,2018-07-01,8451000
MZ,2018,Aug,8,2018-08-01,8865491
MZ,2018,Sep,9,2018-09-01,9130472
MZ,2018,Oct,10,2018-10-01,12163401
MZ,2018,Nov,11,2018-11-01,9296752
MZ,2018,Dec,12,2018-12-01,8811897
MZ,2019,Jan,1,2019-01-01,10028460
MZ,2019,Feb,2,2019-02-01,12799185
MZ,2019,Mar,3,2019-03-01,10911081
MZ,2019,Apr,4,2019-04-01,9605610
MZ,2019,May,5,2019-05-01,11482928
MZ,2019,Jun,6,2019-06-01,7550346
MZ,2019,Jul,7,2019-07-01,20975639
MZ,2019,Aug,8,2019-08-01,32837475
MZ,2019,Sep,9,2019-09-01,11091786
MZ,2019,Oct,10,2019-10-01,11100471
MZ,2019,Nov,11,2019-11-01,12582912
MZ,2019,Dec,12,2019-12-01,9172661
MZ,2020,Jan,1,2020-01-01,11692981
MZ,2020,Feb,2,2020-02-01,14884837
MZ,2020,Mar,3,2020-03-01,10687292
MZ,2020,Apr,4,2020-04-01,766753
MZ,2020,May,5,2020-05-01,4699626
MZ,2020,Jun,6,2020-06-01,6182597
MZ,2020,Jul,7,2020-07-01,12625236
MZ,2020,Aug,8,2020-08-01,6101213
MZ,2020,Sep,9,2020-09-01,8310258
MZ,2020,Oct,10,2020-10-01,10861669
MZ,2020,Nov,11,2020-11-01,10843535
MZ,2020,Dec,12,2020-12-01,19185210
MZ,2021,Jan,1,2021-01-01,12418006
MZ,2021,Feb,2,2021-02-01,14513316
MZ,2021,Mar,3,2021-03-01,17234143
MZ,2021,Apr,4,2021-04-01,8262323
MZ,2021,May,5,2021-05-01,222460
MZ,2021,Jun,6,2021-06-01,2387545
MZ,2021,Jul,7,2021-07-01,2619606
MZ,2021,Aug,8,2021-08-01,6554441
MZ,2021,Sep,9,2021-09-01,14512776
MZ,2021,Oct,10,2021-10-01,13191493
MZ,2021,Nov,11,2021-11-01,13916731
MZ,2021,Dec,12,2021-12-01,12997142
MZ,2022,Jan,1,2022-01-01,13117860
MZ,2022,Feb,2,2022-02-01,16105868
MZ,2022,Mar,3,2022-03-01,22651798
MZ,2022,Apr,4,2022-04-01,11990615
MZ,2022,May,5,2022-05-01,11843839
MZ,2022,Jun,6,2022-06-01,9926202
MZ,2022,Jul,7,2022-07-01,10763735
MZ,2022,Aug,8,2022-08-01,15159000
MZ,2022,Sep,9,2022-09-01,21346317
MZ,2022,Oct,10,2022-10-01,17911715
MZ,2022,Nov,11,2022-11-01,16789994
MZ,2022,Dec,12,2022-12-01,17775724
MZ,2023,Jan,1,2023-01-01,16377792
MZ,2023,Feb,2,2023-02-01,19334312
MZ,2023,Mar,3,2023-03-01,19755401
MZ,2023,Apr,4,2023-04-01,11725658
MZ,2023,May,5,2023-05-01,13254373
MZ,2023,Jun,6,2023-06-01,11227238
MZ,2023,Jul,7,2023-07-01,13481838
MZ,2023,Aug,8,2023-08-01,13152442
MZ,2023,Sep,9,2023-09-01,12094193
MZ,2023,Oct,10,2023-10-01,18271632
MZ,2023,Nov,11,2023-11-01,19299557
MZ,2023,Dec,12,2023-12-01,30233661
MZ,2024,Jan,1,2024-01-01,15805696
MZ,2024,Feb,2,2024-02-01,20801573
MZ,2024,Mar,3,2024-03-01,17118709
MZ,2024,Apr,4,2024-04-01,12798911
MZ,2024,May,5,2024-05-01,12482462
MZ,2024,Jun,6,2024-06-01,11732813
MZ,2024,Jul,7,2024-07-01,13355518
MZ,2024,Aug,8,2024-08-01,12807567
MZ,2024,Sep,9,2024-09-01,11875258
MZ,2024,Oct,10,2024-10-01,15364910
MZ,2024,Nov,11,2024-11-01,18338346
MZ,2024,Dec,12,2024-12-01,19086971
MZ,2025,Jan,1,2025-01-01,19469417
MZ,2025,Feb,2,2025-02-01,20008853
MZ,2025,Mar,3,2025-03-01,17521742
MZ,2025,Apr,4,2025-04-01,16791339
MZ,2025,May,5,2025-05-01,15457052
MZ,2025,Jun,6,2025-06-01,13750788
MZ,2025,Jul,7,2025-07-01,20974644
MZ,2025,Aug,8,2025-08-01,19396826
MZ,2025,Sep,9,2025-09-01,19547740
MZ,2025,Oct,10,2025-10-01,19913224
MZ,2025,Nov,11,2025-11-01,22189412
MZ,2025,Dec,12,2025-12-01,23273720
MZ,2026,Jan,1,2026-01-01,19725804
MZ,2026,Feb,2,2026-02-01,21351909
MZ,2026,Mar,3,2026-03-01,19767228
MZ,2026,Apr,4,2026-04-01,18247378
MZ,2026,May,5,2026-05-01,15772710
MZ,2026,Jun,6,2026-06-01,15988966
MZ,2026,Jul,7,2026-07-01,19299618
MZ,2026,Aug,8,2026-08-01,4148690
NL,2010,Jan,1,2010-01-01,17021
NL,2010,Feb,2,2010-02-01,39460
NL,2010,Mar,3,2010-03-01,59037
NL,2010,Apr,4,2010-04-01,29440
NL,2010,May,5,2010-05-01,19241
NL,2010,Jun,6,2010-06-01,54147
NL,2010,Jul,7,2010-07-01,75379
NL,2010,Aug,8,2010-08-01,109995
NL,2010,Sep,9,2010-09-01,120556
NL,2010,Oct,10,2010-10-01,109092
NL,2010,Nov,11,2010-11-01,176970
NL,2010,Dec,12,2010-12-01,150888
NL,2011,Jan,1,2011-01-01,156719
NL,2011,Feb,2,2011-02-01,148120
NL,2011,Mar,3,2011-03-01,371367
NL,2011,Apr,4,2011-04-01,315183
NL,2011,May,5,2011-05-01,882245
NL,2011,Jun,6,2011-06-01,9192929
NL,2011,Jul,7,2011-07-01,14372814
NL,2011,Aug,8,2011-08-01,15702967
NL,2011,Sep,9,2011-09-01,17462739
NL,2011,Oct,10,2011-10-01,13051445
NL,2011,Nov,11,2011-11-01,12609281
NL,2011,Dec,12,2011-12-01,10700891
NL,2012,Jan,1,2012-01-01,20197253
NL,2012,Feb,2,2012-02-01,20791134
NL,2012,Mar,3,2012-03-01,24031433
NL,2012,Apr,4,2012-04-01,17203766
NL,2012,May,5,2012-05-01,27116073
NL,2012,Jun,6,2012-06-01,23761492
NL,2012,Jul,7,2012-07-01,25080615
NL,2012,Aug,8,2012-08-01,21358976
NL,2012,Sep,9,2012-09-01,22675812
NL,2012,Oct,10,2012-10-01,22386564
NL,2012,Nov,11,2012-11-01,17398810
NL,2012,Dec,12,2012-12-01,13800821
NL,2013,Jan,1,2013-01-01,23299517
NL,2013,Feb,2,2013-02-01,17285203
NL,2013,Mar,3,2013-03-01,24392227
NL,2013,Apr,4,2013-04-01,25262371
NL,2013,May,5,2013-05-01,24638264
NL,2013,Jun,6,2013-06-01,21573398
NL,2013,Jul,7,2013-07-01,25536720
NL,2013,Aug,8,2013-08-01,20422910
NL,2013,Sep,9,2013-09-01,22658061
NL,2013,Oct,10,2013-10-01,21310291
NL,2013,Nov,11,2013-11-01,16332890
NL,2013,Dec,12,2013-12-01,17159520
NL,2014,Jan,1,2014-01-01,26802790
NL,2014,Feb,2,2014-02-01,19324053
NL,2014,Mar,3,2014-03-01,30821529
NL,2014,Apr,4,2014-04-01,25744817
NL,2014,May,5,2014-05-01,27793262
NL,2014,Jun,6,2014-06-01,23769067
NL,2014,Jul,7,2014-07-01,28246302
NL,2014,Aug,8,2014-08-01,23719879
NL,2014,Sep,9,2014-09-01,28374972
NL,2014,Oct,10,2014-10-01,18344667
NL,2014,Nov,11,2014-11-01,20322309
NL,2014,Dec,12,2014-12-01,20099821
NL,2015,Jan,1,2015-01-01,30885014
NL,2015,Feb,2,2015-02-01,29819915
NL,2015,Mar,3,2015-03-01,35318976
NL,2015,Apr,4,2015-04-01,27674135
NL,2015,May,5,2015-05-01,31696980
NL,2015,Jun,6,2015-06-01,32295972
NL,2015,Jul,7,2015-07-01,35100752
NL,2015,Aug,8,2015-08-01,29327135
NL,2015,Sep,9,2015-09-01,32894289
NL,2015,Oct,10,2015-10-01,28193224
NL,2015,Nov,11,2015-11-01,27600251
NL,2015,Dec,12,2015-12-01,27453066
NL,2016,Jan,1,2016-01-01,38442131
NL,2016,Feb,2,2016-02-01,39884482
NL,2016,Mar,3,2016-03-01,52866689
NL,2016,Apr,4,2016-04-01,40784523
NL,2016,May,5,2016-05-01,42389648
NL,2016,Jun,6,2016-06-01,43622197
NL,2016,Jul,7,2016-07-01,39571308
NL,2016,Aug,8,2016-08-01,37455872
NL,2016,Sep,9,2016-09-01,38988393
NL,2016,Oct,10,2016-10-01,32117549
NL,2016,Nov,11,2016-11-01,35116205
NL,2016,Dec,12,2016-12-01,26049921
NL,2017,Jan,1,2017-01-01,40880880
NL,2017,Feb,2,2017-02-01,24734700
NL,2017,Mar,3,2017-03-01,89472765
NL,2017,Apr,4,2017-04-01,59774646
NL,2017,May,5,2017-05-01,47953490
NL,2017,Jun,6,2017-06-01,48191711
NL,2017,Jul,7,2017-07-01,49853585
NL,2017,Aug,8,2017-08-01,48062548
NL,2017,Sep,9,2017-09-01,53501746
NL,2017,Oct,10,2017-10-01,47892699
NL,2017,Nov,11,2017-11-01,41373847
NL,2017,Dec,12,2017-12-01,44445715
NL,2018,Jan,1,2018-01-01,63512926
NL,2018,Feb,2,2018-02-01,53486516
NL,2018,Mar,3,2018-03-01,80177203
NL,2018,Apr,4,2018-04-01,63337699
NL,2018,May,5,2018-05-01,57015290
NL,2018,Jun,6,2018-06-01,57709261
NL,2018,Jul,7,2018-07-01,58813000
NL,2018,Aug,8,2018-08-01,63163304
NL,2018,Sep,9,2018-09-01,69482403
NL,2018,Oct,10,2018-10-01,70067720
NL,2018,Nov,11,2018-11-01,55187287
NL,2018,Dec,12,2018-12-01,46170583
NL,2019,Jan,1,2019-01-01,72036134
NL,2019,Feb,2,2019-02-01,67636110
NL,2019,Mar,3,2019-03-01,79982192
NL,2019,Apr,4,2019-04-01,71365861
NL,2019,May,5,2019-05-01,67446727
NL,2019,Jun,6,2019-06-01,62393068
NL,2019,Jul,7,2019-07-01,69754466
NL,2019,Aug,8,2019-08-01,60793188
NL,2019,Sep,9,2019-09-01,68070041
NL,2019,Oct,10,2019-10-01,62824072
NL,2019,Nov,11,2019-11-01,60370498
NL,2019,Dec,12,2019-12-01,48599404
NL,2020,Jan,1,2020-01-01,78516616
NL,2020,Feb,2,2020-02-01,79036114
NL,2020,Mar,3,2020-03-01,76411672
NL,2020,Apr,4,2020-04-01,4836814
NL,2020,May,5,2020-05-01,15411432
NL,2020,Jun,6,2020-06-01,44200877
NL,2020,Jul,7,2020-07-01,41432703
NL,2020,Aug,8,2020-08-01,46011816
NL,2020,Sep,9,2020-09-01,56927271
NL,2020,Oct,10,2020-10-01,46180808
NL,2020,Nov,11,2020-11-01,69199654
NL,2020,Dec,12,2020-12-01,99380431
NL,2021,Jan,1,2021-01-01,65398316
NL,2021,Feb,2,2021-02-01,77007117
NL,2021,Mar,3,2021-03-01,99315169
NL,2021,Apr,4,2021-04-01,68858526
NL,2021,May,5,2021-05-01,10328385
NL,2021,Jun,6,2021-06-01,38354688
NL,2021,Jul,7,2021-07-01,66893955
NL,2021,Aug,8,2021-08-01,51771935
NL,2021,Sep,9,2021-09-01,97100523
NL,2021,Oct,10,2021-10-01,119952534
NL,2021,Nov,11,2021-11-01,137693660
NL,2021,Dec,12,2021-12-01,74474157
NL,2022,Jan,1,2022-01-01,118323824
NL,2022,Feb,2,2022-02-01,110664867
NL,2022,Mar,3,2022-03-01,113411688
NL,2022,Apr,4,2022-04-01,86958967
NL,2022,May,5,2022-05-01,77002057
NL,2022,Jun,6,2022-06-01,76029084
NL,2022,Jul,7,2022-07-01,74756906
NL,2022,Aug,8,2022-08-01,82340970
NL,2022,Sep,9,2022-09-01,122645674
NL,2022,Oct,10,2022-10-01,151441192
NL,2022,Nov,11,2022-11-01,153254462
NL,2022,Dec,12,2022-12-01,101346617
NL,2023,Jan,1,2023-01-01,173915589
NL,2023,Feb,2,2023-02-01,128810369
NL,2023,Mar,3,2023-03-01,177953800
NL,2023,Apr,4,2023-04-01,129896760
NL,2023,May,5,2023-05-01,108415558
NL,2023,Jun,6,2023-06-01,111525518
NL,2023,Jul,7,2023-07-01,108903842
NL,2023,Aug,8,2023-08-01,105544732
NL,2023,Sep,9,2023-09-01,141215136
NL,2023,Oct,10,2023-10-01,144316521
NL,2023,Nov,11,2023-11-01,116921040
NL,2023,Dec,12,2023-12-01,110686358
NL,2024,Jan,1,2024-01-01,141892862
NL,2024,Feb,2,2024-02-01,129365618
NL,2024,Mar,3,2024-03-01,159265568
NL,2024,Apr,4,2024-04-01,165537718
NL,2024,May,5,2024-05-01,153687188
NL,2024,Jun,6,2024-06-01,107668214
NL,2024,Jul,7,2024-07-01,149136279
NL,2024,Aug,8,2024-08-01,104764370
NL,2024,Sep,9,2024-09-01,164385344
NL,2024,Oct,10,2024-10-01,170501938
NL,2024,Nov,11,2024-11-01,135638126
NL,2024,Dec,12,2024-12-01,167185072
NL,2025,Jan,1,2025-01-01,186094970
NL,2025,Feb,2,2025-02-01,141708489
NL,2025,Mar,3,2025-03-01,221219063
NL,2025,Apr,4,2025-04-01,220481472
NL,2025,May,5,2025-05-01,137160700
NL,2025,Jun,6,2025-06-01,142335918
NL,2025,Jul,7,2025-07-01,161206254
NL,2025,Aug,8,2025-08-01,106190102
NL,2025,Sep,9,2025-09-01,208388016
NL,2025,Oct,10,2025-10-01,118318466
NL,2025,Nov,11,2025-11-01,154690291
NL,2025,Dec,12,2025-12-01,186112147
NL,2026,Jan,1,2026-01-01,176856061
NL,2026,Feb,2,2026-02-01,137844639
NL,2026,Mar,3,2026-03-01,261218369
NL,2026,Apr,4,2026-04-01,207385034
NL,2026,May,5,2026-05-01,100009174
NL,2026,Jun,6,2026-06-01,159470913
NL,2026,Jul,7,2026-07-01,178409068
NL,2026,Aug,8,2026-08-01,36618440
OD,2010,Jan,1,2010-01-01,3422158326
OD,2010,Feb,2,2010-02-01,2966555757
OD,2010,Mar,3,2010-03-01,2813715947
OD,2010,Apr,4,2010-04-01,4713892976
OD,2010,May,5,2010-05-01,3533387275
OD,2010,Jun,6,2010-06-01,2159452580
OD,2010,Jul,7,2010-07-01,4331037682
OD,2010,Aug,8,2010-08-01,3244574213
OD,2010,Sep,9,2010-09-01,2067956654
OD,2010,Oct,10,2010-10-01,4428807344
OD,2010,Nov,11,2010-11-01,3495982021
OD,2010,Dec,12,2010-12-01,2745938115
OD,2011,Jan,1,2011-01-01,4718869341
OD,2011,Feb,2,2011-02-01,3076621961
OD,2011,Mar,3,2011-03-01,3700712095
OD,2011,Apr,4,2011-04-01,5754219224
OD,2011,May,5,2011-05-01,4366437348
OD,2011,Jun,6,2011-06-01,2516943309
OD,2011,Jul,7,2011-07-01,5284569622
OD,2011,Aug,8,2011-08-01,3847905810
OD,2011,Sep,9,2011-09-01,2994498059
OD,2011,Oct,10,2011-10-01,5097654821
OD,2011,Nov,11,2011-11-01,4635516958
OD,2011,Dec,12,2011-12-01,2936510793
OD,2012,Jan,1,2012-01-01,6477513688
OD,2012,Feb,2,2012-02-01,4113225436
OD,2012,Mar,3,2012-03-01,4381233316
OD,2012,Apr,4,2012-04-01,7178818610
OD,2012,May,5,2012-05-01,5488335467
OD,2012,Jun,6,2012-06-01,3750114637
OD,2012,Jul,7,2012-07-01,7094312012
OD,2012,Aug,8,2012-08-01,4046435562
OD,2012,Sep,9,2012-09-01,3655354566
OD,2012,Oct,10,2012-10-01,6827141800
OD,2012,Nov,11,2012-11-01,5253409384
OD,2012,Dec,12,2012-12-01,4354344830
OD,2013,Jan,1,2013-01-01,7188939023
OD,2013,Feb,2,2013-02-01,4901013233
OD,2013,Mar,3,2013-03-01,7439471709
OD,2013,Apr,4,2013-04-01,9058986659
OD,2013,May,5,2013-05-01,6295728239
OD,2013,Jun,6,2013-06-01,4372674272
OD,2013,Jul,7,2013-07-01,7201991826
OD,2013,Aug,8,2013-08-01,4736025015
OD,2013,Sep,9,2013-09-01,4424301541
OD,2013,Oct,10,2013-10-01,7733790539
OD,2013,Nov,11,2013-11-01,5790101557
OD,2013,Dec,12,2013-12-01,5140798497
OD,2014,Jan,1,2014-01-01,7913484538
OD,2014,Feb,2,2014-02-01,5130218045
OD,2014,Mar,3,2014-03-01,6610849582
OD,2014,Apr,4,2014-04-01,9376248465
OD,2014,May,5,2014-05-01,6783931642
OD,2014,Jun,6,2014-06-01,4975628392
OD,2014,Jul,7,2014-07-01,8425664249
OD,2014,Aug,8,2014-08-01,5312334818
OD,2014,Sep,9,2014-09-01,5318065850
OD,2014,Oct,10,2014-10-01,7818622822
OD,2014,Nov,11,2014-11-01,6521926488
OD,2014,Dec,12,2014-12-01,6072750867
OD,2015,Jan,1,2015-01-01,11423975639
OD,2015,Feb,2,2015-02-01,6178040109
OD,2015,Mar,3,2015-03-01,8708307808
OD,2015,Apr,4,2015-04-01,9762940201
OD,2015,May,5,2015-05-01,7133638911
OD,2015,Jun,6,2015-06-01,5659829374
OD,2015,Jul,7,2015-07-01,8387451531
OD,2015,Aug,8,2015-08-01,6598136521
OD,2015,Sep,9,2015-09-01,5760988815
OD,2015,Oct,10,2015-10-01,8744829091
OD,2015,Nov,11,2015-11-01,7089966092
OD,2015,Dec,12,2015-12-01,6452410614
OD,2016,Jan,1,2016-01-01,9318695973
OD,2016,Feb,2,2016-02-01,7221544047
OD,2016,Mar,3,2016-03-01,8438259082
OD,2016,Apr,4,2016-04-01,14107216574
OD,2016,May,5,2016-05-01,9230888905
OD,2016,Jun,6,2016-06-01,7581647793
OD,2016,Jul,7,2016-07-01,9027803773
OD,2016,Aug,8,2016-08-01,7061332347
OD,2016,Sep,9,2016-09-01,6542918398
OD,2016,Oct,10,2016-10-01,10265979511
OD,2016,Nov,11,2016-11-01,9470677934
OD,2016,Dec,12,2016-12-01,6167295834
OD,2017,Jan,1,2017-01-01,9874351930
OD,2017,Feb,2,2017-02-01,8156048002
OD,2017,Mar,3,2017-03-01,12844339787
OD,2017,Apr,4,2017-04-01,32777423036
OD,2017,May,5,2017-05-01,10527796557
OD,2017,Jun,6,2017-06-01,8619303626
OD,2017,Jul,7,2017-07-01,12399215382
OD,2017,Aug,8,2017-08-01,9234196592
OD,2017,Sep,9,2017-09-01,9006292137
OD,2017,Oct,10,2017-10-01,12853132946
OD,2017,Nov,11,2017-11-01,12021563145
OD,2017,Dec,12,2017-12-01,12272210741
OD,2018,Jan,1,2018-01-01,14842959172
OD,2018,Feb,2,2018-02-01,10042924723
OD,2018,Mar,3,2018-03-01,17610524568
OD,2018,Apr,4,2018-04-01,167131367266
OD,2018,May,5,2018-05-01,12299525360
OD,2018,Jun,6,2018-06-01,10337922130
OD,2018,Jul,7,2018-07-01,13812958958
OD,2018,Aug,8,2018-08-01,10059612819
OD,2018,Sep,9,2018-09-01,10353661248
OD,2018,Oct,10,2018-10-01,14973630825
OD,2018,Nov,11,2018-11-01,12271457058
OD,2018,Dec,12,2018-12-01,11036761180
OD,2019,Jan,1,2019-01-01,15048503543
OD,2019,Feb,2,2019-02-01,11533002695
OD,2019,Mar,3,2019-03-01,16061089507
OD,2019,Apr,4,2019-04-01,19407031887
OD,2019,May,5,2019-05-01,13209399878
OD,2019,Jun,6,2019-06-01,9637138110
OD,2019,Jul,7,2019-07-01,14890166418
OD,2019,Aug,8,2019-08-01,10783340957
OD,2019,Sep,9,2019-09-01,10580607583
OD,2019,Oct,10,2019-10-01,15035197405
OD,2019,Nov,11,2019-11-01,12709655514
OD,2019,Dec,12,2019-12-01,11230456934
OD,2020,Jan,1,2020-01-01,15529308049
OD,2020,Feb,2,2020-02-01,12966278676
OD,2020,Mar,3,2020-03-01,13359069846
OD,2020,Apr,4,2020-04-01,1993250627
OD,2020,May,5,2020-05-01,3998367142
OD,2020,Jun,6,2020-06-01,9372620600
OD,2020,Jul,7,2020-07-01,10249066610
OD,2020,Aug,8,2020-08-01,7241865350
OD,2020,Sep,9,2020-09-01,9070915313
OD,2020,Oct,10,2020-10-01,12515314786
OD,2020,Nov,11,2020-11-01,9972609693
OD,2020,Dec,12,2020-12-01,12194614188
OD,2021,Jan,1,2021-01-01,13234984775
OD,2021,Feb,2,2021-02-01,11779486665
OD,2021,Mar,3,2021-03-01,18793624257
OD,2021,Apr,4,2021-04-01,12393151256
OD,2021,May,5,2021-05-01,4394281295
OD,2021,Jun,6,2021-06-01,8349182899
OD,2021,Jul,7,2021-07-01,11294668339
OD,2021,Aug,8,2021-08-01,11042612445
OD,2021,Sep,9,2021-09-01,11129375318
OD,2021,Oct,10,2021-10-01,13255172901
OD,2021,Nov,11,2021-11-01,12909854594
OD,2021,Dec,12,2021-12-01,12861676801
OD,2022,Jan,1,2022-01-01,15430511593
OD,2022,Feb,2,2022-02-01,13613221287
OD,2022,Mar,3,2022-03-01,21469353028
OD,2022,Apr,4,2022-04-01,19970659220
OD,2022,May,5,2022-05-01,13943174263
OD,2022,Jun,6,2022-06-01,12899496942
OD,2022,Jul,7,2022-07-01,16083966460
OD,2022,Aug,8,2022-08-01,13566630358
OD,2022,Sep,9,2022-09-01,13181518450
OD,2022,Oct,10,2022-10-01,16323567138
OD,2022,Nov,11,2022-11-01,15498288169
OD,2022,Dec,12,2022-12-01,14180339226
OD,2023,Jan,1,2023-01-01,18054888085
OD,2023,Feb,2,2023-02-01,15378373046
OD,2023,Mar,3,2023-03-01,23778740457
OD,2023,Apr,4,2023-04-01,21008337028
OD,2023,May,5,2023-05-01,15820554147
OD,2023,Jun,6,2023-06-01,13386259218
OD,2023,Jul,7,2023-07-01,17855290160
OD,2023,Aug,8,2023-08-01,15607707307
OD,2023,Sep,9,2023-09-01,14769172912
OD,2023,Oct,10,2023-10-01,20180310655
OD,2023,Nov,11,2023-11-01,16337545537
OD,2023,Dec,12,2023-12-01,16154155435
OD,2024,Jan,1,2024-01-01,21153745791
OD,2024,Feb,2,2024-02-01,18341638709
OD,2024,Mar,3,2024-03-01,25020404135
OD,2024,Apr,4,2024-04-01,27373247895
OD,2024,May,5,2024-05-01,18867328735
OD,2024,Jun,6,2024-06-01,14922177481
OD,2024,Jul,7,2024-07-01,21191506952
OD,2024,Aug,8,2024-08-01,16680025707
OD,2024,Sep,9,2024-09-01,15747974004
OD,2024,Oct,10,2024-10-01,22047542679
OD,2024,Nov,11,2024-11-01,18445584240
OD,2024,Dec,12,2024-12-01,17035610975
OD,2025,Jan,1,2025-01-01,23099435401
OD,2025,Feb,2,2025-02-01,18404432547
OD,2025,Mar,3,2025-03-01,28467710547
OD,2025,Apr,4,2025-04-01,26153787541
OD,2025,May,5,2025-05-01,19252988563
OD,2025,Jun,6,2025-06-01,15952428957
OD,2025,Jul,7,2025-07-01,21880240883
OD,2025,Aug,8,2025-08-01,17806192936
OD,2025,Sep,9,2025-09-01,16839804321
OD,2025,Oct,10,2025-10-01,24329433675
OD,2025,Nov,11,2025-11-01,20800123148
OD,2025,Dec,12,2025-12-01,20338894095
OD,2026,Jan,1,2026-01-01,26682570117
OD,2026,Feb,2,2026-02-01,23360037672
OD,2026,Mar,3,2026-03-01,33278426379
OD,2026,Apr,4,2026-04-01,32201163149
OD,2026,May,5,2026-05-01,22077360114
OD,2026,Jun,6,2026-06-01,19923262739
OD,2026,Jul,7,2026-07-01,24468541975
OD,2026,Aug,8,2026-08-01,4284646254
PB,2010,Jan,1,2010-01-01,451890
PB,2010,Feb,2,2010-02-01,794684
PB,2010,Mar,3,2010-03-01,876060
PB,2010,Apr,4,2010-04-01,1288248
PB,2010,May,5,2010-05-01,980864
PB,2010,Jun,6,2010-06-01,1114125
PB,2010,Jul,7,2010-07-01,2406989
PB,2010,Aug,8,2010-08-01,4150932
PB,2010,Sep,9,2010-09-01,7538276
PB,2010,Oct,10,2010-10-01,6739672
PB,2010,Nov,11,2010-11-01,5052473
PB,2010,Dec,12,2010-12-01,5252055
PB,2011,Jan,1,2011-01-01,6668206
PB,2011,Feb,2,2011-02-01,5973946
PB,2011,Mar,3,2011-03-01,7975529
PB,2011,Apr,4,2011-04-01,7616913
PB,2011,May,5,2011-05-01,9242099
PB,2011,Jun,6,2011-06-01,12326494
PB,2011,Jul,7,2011-07-01,12666621
PB,2011,Aug,8,2011-08-01,10861352
PB,2011,Sep,9,2011-09-01,11612905
PB,2011,Oct,10,2011-10-01,15953413
PB,2011,Nov,11,2011-11-01,11447982
PB,2011,Dec,12,2011-12-01,14641150
PB,2012,Jan,1,2012-01-01,974268304
PB,2012,Feb,2,2012-02-01,16718437
PB,2012,Mar,3,2012-03-01,26970020
PB,2012,Apr,4,2012-04-01,97053334
PB,2012,May,5,2012-05-01,29729069
PB,2012,Jun,6,2012-06-01,40321829
PB,2012,Jul,7,2012-07-01,289558636
PB,2012,Aug,8,2012-08-01,32749569
PB,2012,Sep,9,2012-09-01,38276028
PB,2012,Oct,10,2012-10-01,196513064
PB,2012,Nov,11,2012-11-01,34328396
PB,2012,Dec,12,2012-12-01,57609462
PB,2013,Jan,1,2013-01-01,223555102
PB,2013,Feb,2,2013-02-01,42111843
PB,2013,Mar,3,2013-03-01,93979007
PB,2013,Apr,4,2013-04-01,361861224
PB,2013,May,5,2013-05-01,67036960
PB,2013,Jun,6,2013-06-01,59161774
PB,2013,Jul,7,2013-07-01,225679674
PB,2013,Aug,8,2013-08-01,41433390
PB,2013,Sep,9,2013-09-01,57849765
PB,2013,Oct,10,2013-10-01,240015168
PB,2013,Nov,11,2013-11-01,42787310
PB,2013,Dec,12,2013-12-01,73768839
PB,2014,Jan,1,2014-01-01,334911222
PB,2014,Feb,2,2014-02-01,49383628
PB,2014,Mar,3,2014-03-01,115590421
PB,2014,Apr,4,2014-04-01,407938385
PB,2014,May,5,2014-05-01,66604898
PB,2014,Jun,6,2014-06-01,74274606
PB,2014,Jul,7,2014-07-01,270944566
PB,2014,Aug,8,2014-08-01,56135948
PB,2014,Sep,9,2014-09-01,80924707
PB,2014,Oct,10,2014-10-01,256345015
PB,2014,Nov,11,2014-11-01,54761845
PB,2014,Dec,12,2014-12-01,90142039
PB,2015,Jan,1,2015-01-01,2811195127
PB,2015,Feb,2,2015-02-01,61115293
PB,2015,Mar,3,2015-03-01,1069390804
PB,2015,Apr,4,2015-04-01,438641234
PB,2015,May,5,2015-05-01,75427412
PB,2015,Jun,6,2015-06-01,93615942
PB,2015,Jul,7,2015-07-01,304603318
PB,2015,Aug,8,2015-08-01,74621649
PB,2015,Sep,9,2015-09-01,86509406
PB,2015,Oct,10,2015-10-01,298015618
PB,2015,Nov,11,2015-11-01,50999550
PB,2015,Dec,12,2015-12-01,91428985
PB,2016,Jan,1,2016-01-01,310891276
PB,2016,Feb,2,2016-02-01,73012279
PB,2016,Mar,3,2016-03-01,134631058
PB,2016,Apr,4,2016-04-01,461869082
PB,2016,May,5,2016-05-01,81536143
PB,2016,Jun,6,2016-06-01,95102674
PB,2016,Jul,7,2016-07-01,319144430
PB,2016,Aug,8,2016-08-01,71199017
PB,2016,Sep,9,2016-09-01,88447966
PB,2016,Oct,10,2016-10-01,308925365
PB,2016,Nov,11,2016-11-01,50041798
PB,2016,Dec,12,2016-12-01,86360130
PB,2017,Jan,1,2017-01-01,376988764
PB,2017,Feb,2,2017-02-01,63830836
PB,2017,Mar,3,2017-03-01,153290608
PB,2017,Apr,4,2017-04-01,501348565
PB,2017,May,5,2017-05-01,98225642
PB,2017,Jun,6,2017-06-01,110446960
PB,2017,Jul,7,2017-07-01,358454886
PB,2017,Aug,8,2017-08-01,68263559
PB,2017,Sep,9,2017-09-01,96322415
PB,2017,Oct,10,2017-10-01,435723417
PB,2017,Nov,11,2017-11-01,91985333
PB,2017,Dec,12,2017-12-01,93807668
PB,2018,Jan,1,2018-01-01,1709326272
PB,2018,Feb,2,2018-02-01,75944605
PB,2018,Mar,3,2018-03-01,1103370214
PB,2018,Apr,4,2018-04-01,535255625
PB,2018,May,5,2018-05-01,105120724
PB,2018,Jun,6,2018-06-01,115095143
PB,2018,Jul,7,2018-07-01,411430955
PB,2018,Aug,8,2018-08-01,135512348
PB,2018,Sep,9,2018-09-01,167287654
PB,2018,Oct,10,2018-10-01,510393766
PB,2018,Nov,11,2018-11-01,131846114
PB,2018,Dec,12,2018-12-01,172987091
PB,2019,Jan,1,2019-01-01,626215974
PB,2019,Feb,2,2019-02-01,149282416
PB,2019,Mar,3,2019-03-01,264275442
PB,2019,Apr,4,2019-04-01,939896749
PB,2019,May,5,2019-05-01,205106826
PB,2019,Jun,6,2019-06-01,180977942
PB,2019,Jul,7,2019-07-01,603692601
PB,2019,Aug,8,2019-08-01,164949328
PB,2019,Sep,9,2019-09-01,219664623
PB,2019,Oct,10,2019-10-01,611527489
PB,2019,Nov,11,2019-11-01,177438271
PB,2019,Dec,12,2019-12-01,226367038
PB,2020,Jan,1,2020-01-01,648074790
PB,2020,Feb,2,2020-02-01,228001028
PB,2020,Mar,3,2020-03-01,217937294
PB,2020,Apr,4,2020-04-01,98076270
PB,2020,May,5,2020-05-01,80551290
PB,2020,Jun,6,2020-06-01,312607445
PB,2020,Jul,7,2020-07-01,416793240
PB,2020,Aug,8,2020-08-01,136542795
PB,2020,Sep,9,2020-09-01,167583898
PB,2020,Oct,10,2020-10-01,409361773
PB,2020,Nov,11,2020-11-01,126355668
PB,2020,Dec,12,2020-12-01,245056084
PB,2021,Jan,1,2021-01-01,470410720
PB,2021,Feb,2,2021-02-01,177195811
PB,2021,Mar,3,2021-03-01,337492887
PB,2021,Apr,4,2021-04-01,534054370
PB,2021,May,5,2021-05-01,115412643
PB,2021,Jun,6,2021-06-01,146670097
PB,2021,Jul,7,2021-07-01,403653896
PB,2021,Aug,8,2021-08-01,160887519
PB,2021,Sep,9,2021-09-01,213085147
PB,2021,Oct,10,2021-10-01,505408408
PB,2021,Nov,11,2021-11-01,224479084
PB,2021,Dec,12,2021-12-01,260019284
PB,2022,Jan,1,2022-01-01,515452086
PB,2022,Feb,2,2022-02-01,202333576
PB,2022,Mar,3,2022-03-01,339766522
PB,2022,Apr,4,2022-04-01,683501073
PB,2022,May,5,2022-05-01,260511212
PB,2022,Jun,6,2022-06-01,302474223
PB,2022,Jul,7,2022-07-01,632473505
PB,2022,Aug,8,2022-08-01,306850309
PB,2022,Sep,9,2022-09-01,210623799
PB,2022,Oct,10,2022-10-01,551065786
PB,2022,Nov,11,2022-11-01,208899997
PB,2022,Dec,12,2022-12-01,262829762
PB,2023,Jan,1,2023-01-01,592219279
PB,2023,Feb,2,2023-02-01,202583421
PB,2023,Mar,3,2023-03-01,364073917
PB,2023,Apr,4,2023-04-01,771691127
PB,2023,May,5,2023-05-01,240243254
PB,2023,Jun,6,2023-06-01,259594640
PB,2023,Jul,7,2023-07-01,580351682
PB,2023,Aug,8,2023-08-01,205576555
PB,2023,Sep,9,2023-09-01,262726297
PB,2023,Oct,10,2023-10-01,599005556
PB,2023,Nov,11,2023-11-01,174408102
PB,2023,Dec,12,2023-12-01,298242336
PB,2024,Jan,1,2024-01-01,603550425
PB,2024,Feb,2,2024-02-01,216963582
PB,2024,Mar,3,2024-03-01,397760619
PB,2024,Apr,4,2024-04-01,818108297
PB,2024,May,5,2024-05-01,250010035
PB,2024,Jun,6,2024-06-01,157986756
PB,2024,Jul,7,2024-07-01,743738420
PB,2024,Aug,8,2024-08-01,216828748
PB,2024,Sep,9,2024-09-01,500034102
PB,2024,Oct,10,2024-10-01,569538937
PB,2024,Nov,11,2024-11-01,279733389
PB,2024,Dec,12,2024-12-01,397073049
PB,2025,Jan,1,2025-01-01,601452609
PB,2025,Feb,2,2025-02-01,262592990
PB,2025,Mar,3,2025-03-01,715778826
PB,2025,Apr,4,2025-04-01,1500396650
PB,2025,May,5,2025-05-01,363252093
PB,2025,Jun,6,2025-06-01,348292280
PB,2025,Jul,7,2025-07-01,468909761
PB,2025,Aug,8,2025-08-01,270461210
PB,2025,Sep,9,2025-09-01,287455151
PB,2025,Oct,10,2025-10-01,351921474
PB,2025,Nov,11,2025-11-01,251951531
PB,2025,Dec,12,2025-12-01,357405256
PB,2026,Jan,1,2026-01-01,436302862
PB,2026,Feb,2,2026-02-01,301125197
PB,2026,Mar,3,2026-03-01,957171916
PB,2026,Apr,4,2026-04-01,1400966170
PB,2026,May,5,2026-05-01,349611668
PB,2026,Jun,6,2026-06-01,360600319
PB,2026,Jul,7,2026-07-01,402252986
PB,2026,Aug,8,2026-08-01,54714168
PY,2010,Jan,1,2010-01-01,9887940
PY,2010,Feb,2,2010-02-01,5581782
PY,2010,Mar,3,2010-03-01,1458682
PY,2010,Apr,4,2010-04-01,21876167
PY,2010,May,5,2010-05-01,2043102
PY,2010,Jun,6,2010-06-01,2109876
PY,2010,Jul,7,2010-07-01,16151090
PY,2010,Aug,8,2010-08-01,1608975
PY,2010,Sep,9,2010-09-01,1412907
PY,2010,Oct,10,2010-10-01,5517390
PY,2010,Nov,11,2010-11-01,17162419
PY,2010,Dec,12,2010-12-01,2638902
PY,2011,Jan,1,2011-01-01,11938618
PY,2011,Feb,2,2011-02-01,10267957
PY,2011,Mar,3,2011-03-01,2784938
PY,2011,Apr,4,2011-04-01,38167919
PY,2011,May,5,2011-05-01,3634162
PY,2011,Jun,6,2011-06-01,3736932
PY,2011,Jul,7,2011-07-01,22223284
PY,2011,Aug,8,2011-08-01,2629355
PY,2011,Sep,9,2011-09-01,2798909
PY,2011,Oct,10,2011-10-01,12204580
PY,2011,Nov,11,2011-11-01,11713133
PY,2011,Dec,12,2011-12-01,2434055
PY,2012,Jan,1,2012-01-01,16365854
PY,2012,Feb,2,2012-02-01,11150912
PY,2012,Mar,3,2012-03-01,5101722
PY,2012,Apr,4,2012-04-01,41718158
PY,2012,May,5,2012-05-01,3648253
PY,2012,Jun,6,2012-06-01,3572888
PY,2012,Jul,7,2012-07-01,24746481
PY,2012,Aug,8,2012-08-01,3600571
PY,2012,Sep,9,2012-09-01,3083454
PY,2012,Oct,10,2012-10-01,23800247
PY,2012,Nov,11,2012-11-01,4199122
PY,2012,Dec,12,2012-12-01,2743203
PY,2013,Jan,1,2013-01-01,19389157
PY,2013,Feb,2,2013-02-01,8231473
PY,2013,Mar,3,2013-03-01,4762576
PY,2013,Apr,4,2013-04-01,41596065
PY,2013,May,5,2013-05-01,3196930
PY,2013,Jun,6,2013-06-01,4043213
PY,2013,Jul,7,2013-07-01,26197782
PY,2013,Aug,8,2013-08-01,5757480
PY,2013,Sep,9,2013-09-01,12125961
PY,2013,Oct,10,2013-10-01,14276044
PY,2013,Nov,11,2013-11-01,10191420
PY,2013,Dec,12,2013-12-01,14400533
PY,2014,Jan,1,2014-01-01,15421651
PY,2014,Feb,2,2014-02-01,11754191
PY,2014,Mar,3,2014-03-01,16241253
PY,2014,Apr,4,2014-04-01,39086269
PY,2014,May,5,2014-05-01,8563147
PY,2014,Jun,6,2014-06-01,16196352
PY,2014,Jul,7,2014-07-01,24696205
PY,2014,Aug,8,2014-08-01,8528958
PY,2014,Sep,9,2014-09-01,16100462
PY,2014,Oct,10,2014-10-01,18290236
PY,2014,Nov,11,2014-11-01,14188884
PY,2014,Dec,12,2014-12-01,19990348
PY,2015,Jan,1,2015-01-01,23785902
PY,2015,Feb,2,2015-02-01,7943910
PY,2015,Mar,3,2015-03-01,21668896
PY,2015,Apr,4,2015-04-01,41732636
PY,2015,May,5,2015-05-01,8761248
PY,2015,Jun,6,2015-06-01,16715085
PY,2015,Jul,7,2015-07-01,31283769
PY,2015,Aug,8,2015-08-01,9300015
PY,2015,Sep,9,2015-09-01,20174339
PY,2015,Oct,10,2015-10-01,22568724
PY,2015,Nov,11,2015-11-01,13209999
PY,2015,Dec,12,2015-12-01,22535769
PY,2016,Jan,1,2016-01-01,23467760
PY,2016,Feb,2,2016-02-01,13414830
PY,2016,Mar,3,2016-03-01,30068123
PY,2016,Apr,4,2016-04-01,42492088
PY,2016,May,5,2016-05-01,11048098
PY,2016,Jun,6,2016-06-01,21090766
PY,2016,Jul,7,2016-07-01,35169928
PY,2016,Aug,8,2016-08-01,9121517
PY,2016,Sep,9,2016-09-01,20662083
PY,2016,Oct,10,2016-10-01,29564201
PY,2016,Nov,11,2016-11-01,23382143
PY,2016,Dec,12,2016-12-01,22751517
PY,2017,Jan,1,2017-01-01,28320550
PY,2017,Feb,2,2017-02-01,17635432
PY,2017,Mar,3,2017-03-01,33813846
PY,2017,Apr,4,2017-04-01,52974957
PY,2017,May,5,2017-05-01,13500666
PY,2017,Jun,6,2017-06-01,22923215
PY,2017,Jul,7,2017-07-01,43070731
PY,2017,Aug,8,2017-08-01,12507348
PY,2017,Sep,9,2017-09-01,22451657
PY,2017,Oct,10,2017-10-01,31619216
PY,2017,Nov,11,2017-11-01,20282895
PY,2017,Dec,12,2017-12-01,26806794
PY,2018,Jan,1,2018-01-01,33091190
PY,2018,Feb,2,2018-02-01,18151969
PY,2018,Mar,3,2018-03-01,29269325
PY,2018,Apr,4,2018-04-01,56092666
PY,2018,May,5,2018-05-01,10405637
PY,2018,Jun,6,2018-06-01,14979577
PY,2018,Jul,7,2018-07-01,40796986
PY,2018,Aug,8,2018-08-01,5704425
PY,2018,Sep,9,2018-09-01,12273304
PY,2018,Oct,10,2018-10-01,37517611
PY,2018,Nov,11,2018-11-01,11063783
PY,2018,Dec,12,2018-12-01,16033678
PY,2019,Jan,1,2019-01-01,36628962
PY,2019,Feb,2,2019-02-01,23709735
PY,2019,Mar,3,2019-03-01,17801477
PY,2019,Apr,4,2019-04-01,88372826
PY,2019,May,5,2019-05-01,15202755
PY,2019,Jun,6,2019-06-01,13035234
PY,2019,Jul,7,2019-07-01,53840754
PY,2019,Aug,8,2019-08-01,8176815
PY,2019,Sep,9,2019-09-01,13462085
PY,2019,Oct,10,2019-10-01,48325821
PY,2019,Nov,11,2019-11-01,8808483
PY,2019,Dec,12,2019-12-01,14163441
PY,2020,Jan,1,2020-01-01,47797179
PY,2020,Feb,2,2020-02-01,7140194
PY,2020,Mar,3,2020-03-01,7219743
PY,2020,Apr,4,2020-04-01,820333
PY,2020,May,5,2020-05-01,4045832
PY,2020,Jun,6,2020-06-01,9655856
PY,2020,Jul,7,2020-07-01,4504959
PY,2020,Aug,8,2020-08-01,2213826
PY,2020,Sep,9,2020-09-01,11329135
PY,2020,Oct,10,2020-10-01,5387997
PY,2020,Nov,11,2020-11-01,3743790
PY,2020,Dec,12,2020-12-01,46324492
PY,2021,Jan,1,2021-01-01,16843928
PY,2021,Feb,2,2021-02-01,23184445
PY,2021,Mar,3,2021-03-01,15371177
PY,2021,Apr,4,2021-04-01,31239221
PY,2021,May,5,2021-05-01,1765236
PY,2021,Jun,6,2021-06-01,6077794
PY,2021,Jul,7,2021-07-01,11820922
PY,2021,Aug,8,2021-08-01,7895254
PY,2021,Sep,9,2021-09-01,17503240
PY,2021,Oct,10,2021-10-01,13772819
PY,2021,Nov,11,2021-11-01,5965365
PY,2021,Dec,12,2021-12-01,22035666
PY,2022,Jan,1,2022-01-01,11551550
PY,2022,Feb,2,2022-02-01,18128219
PY,2022,Mar,3,2022-03-01,18331041
PY,2022,Apr,4,2022-04-01,40583693
PY,2022,May,5,2022-05-01,10183641
PY,2022,Jun,6,2022-06-01,11219896
PY,2022,Jul,7,2022-07-01,30791401
PY,2022,Aug,8,2022-08-01,6869736
PY,2022,Sep,9,2022-09-01,9021726
PY,2022,Oct,10,2022-10-01,16195738
PY,2022,Nov,11,2022-11-01,20907413
PY,2022,Dec,12,2022-12-01,10777721
PY,2023,Jan,1,2023-01-01,28326132
PY,2023,Feb,2,2023-02-01,9878858
PY,2023,Mar,3,2023-03-01,26047718
PY,2023,Apr,4,2023-04-01,38932216
PY,2023,May,5,2023-05-01,9324639
PY,2023,Jun,6,2023-06-01,8351788
PY,2023,Jul,7,2023-07-01,32124514
PY,2023,Aug,8,2023-08-01,6961428
PY,2023,Sep,9,2023-09-01,7940716
PY,2023,Oct,10,2023-10-01,26074626
PY,2023,Nov,11,2023-11-01,14078409
PY,2023,Dec,12,2023-12-01,8317010
PY,2024,Jan,1,2024-01-01,31529442
PY,2024,Feb,2,2024-02-01,8114954
PY,2024,Mar,3,2024-03-01,15502852
PY,2024,Apr,4,2024-04-01,47951603
PY,2024,May,5,2024-05-01,9015661
PY,2024,Jun,6,2024-06-01,9491405
PY,2024,Jul,7,2024-07-01,37862761
PY,2024,Aug,8,2024-08-01,8248107
PY,2024,Sep,9,2024-09-01,9418874
PY,2024,Oct,10,2024-10-01,36062108
PY,2024,Nov,11,2024-11-01,9948483
PY,2024,Dec,12,2024-12-01,10552043
PY,2025,Jan,1,2025-01-01,30349587
PY,2025,Feb,2,2025-02-01,14876443
PY,2025,Mar,3,2025-03-01,16644566
PY,2025,Apr,4,2025-04-01,57475150
PY,2025,May,5,2025-05-01,25577713
PY,2025,Jun,6,2025-06-01,14477694
PY,2025,Jul,7,2025-07-01,31246928
PY,2025,Aug,8,2025-08-01,22218053
PY,2025,Sep,9,2025-09-01,10927790
PY,2025,Oct,10,2025-10-01,29822806
PY,2025,Nov,11,2025-11-01,23322985
PY,2025,Dec,12,2025-12-01,15077045
PY,2026,Jan,1,2026-01-01,30093129
PY,2026,Feb,2,2026-02-01,27866795
PY,2026,Mar,3,2026-03-01,25522120
PY,2026,Apr,4,2026-04-01,58272716
PY,2026,May,5,2026-05-01,37614031
PY,2026,Jun,6,2026-06-01,16321836
PY,2026,Jul,7,2026-07-01,33995530
PY,2026,Aug,8,2026-08-01,6626148
RJ,2010,Jan,1,2010-01-01,30138440
RJ,2010,Feb,2,2010-02-01,52673321
RJ,2010,Mar,3,2010-03-01,103687954
RJ,2010,Apr,4,2010-04-01,74489500
RJ,2010,May,5,2010-05-01,67977260
RJ,2010,Jun,6,2010-06-01,74756097
RJ,2010,Jul,7,2010-07-01,75896255
RJ,2010,Aug,8,2010-08-01,71987099
RJ,2010,Sep,9,2010-09-01,74965432
RJ,2010,Oct,10,2010-10-01,80220844
RJ,2010,Nov,11,2010-11-01,86303460
RJ,2010,Dec,12,2010-12-01,78174432
RJ,2011,Jan,1,2011-01-01,80125153
RJ,2011,Feb,2,2011-02-01,76701838
RJ,2011,Mar,3,2011-03-01,162997406
RJ,2011,Apr,4,2011-04-01,101425886
RJ,2011,May,5,2011-05-01,99539896
RJ,2011,Jun,6,2011-06-01,99379431
RJ,2011,Jul,7,2011-07-01,103838934
RJ,2011,Aug,8,2011-08-01,96219331
RJ,2011,Sep,9,2011-09-01,105491001
RJ,2011,Oct,10,2011-10-01,110285151
RJ,2011,Nov,11,2011-11-01,134119608
RJ,2011,Dec,12,2011-12-01,113848600
RJ,2012,Jan,1,2012-01-01,144268193
RJ,2012,Feb,2,2012-02-01,140426712
RJ,2012,Mar,3,2012-03-01,257165469
RJ,2012,Apr,4,2012-04-01,154065276
RJ,2012,May,5,2012-05-01,149388922
RJ,2012,Jun,6,2012-06-01,148002942
RJ,2012,Jul,7,2012-07-01,158643928
RJ,2012,Aug,8,2012-08-01,151840407
RJ,2012,Sep,9,2012-09-01,147163991
RJ,2012,Oct,10,2012-10-01,171692006
RJ,2012,Nov,11,2012-11-01,188999244
RJ,2012,Dec,12,2012-12-01,183003498
RJ,2013,Jan,1,2013-01-01,193553013
RJ,2013,Feb,2,2013-02-01,188525576
RJ,2013,Mar,3,2013-03-01,351617466
RJ,2013,Apr,4,2013-04-01,191841428
RJ,2013,May,5,2013-05-01,178174375
RJ,2013,Jun,6,2013-06-01,163844470
RJ,2013,Jul,7,2013-07-01,167378603
RJ,2013,Aug,8,2013-08-01,139064603
RJ,2013,Sep,9,2013-09-01,168740011
RJ,2013,Oct,10,2013-10-01,182451443
RJ,2013,Nov,11,2013-11-01,159645906
RJ,2013,Dec,12,2013-12-01,176726049
RJ,2014,Jan,1,2014-01-01,197688512
RJ,2014,Feb,2,2014-02-01,195162988
RJ,2014,Mar,3,2014-03-01,433219222
RJ,2014,Apr,4,2014-04-01,220610155
RJ,2014,May,5,2014-05-01,241647348
RJ,2014,Jun,6,2014-06-01,249465887
RJ,2014,Jul,7,2014-07-01,272547469
RJ,2014,Aug,8,2014-08-01,224487993
RJ,2014,Sep,9,2014-09-01,276741512
RJ,2014,Oct,10,2014-10-01,282332079
RJ,2014,Nov,11,2014-11-01,279317574
RJ,2014,Dec,12,2014-12-01,267363795
RJ,2015,Jan,1,2015-01-01,266078708
RJ,2015,Feb,2,2015-02-01,301512534
RJ,2015,Mar,3,2015-03-01,648503753
RJ,2015,Apr,4,2015-04-01,300035827
RJ,2015,May,5,2015-05-01,282676400
RJ,2015,Jun,6,2015-06-01,308315590
RJ,2015,Jul,7,2015-07-01,282278860
RJ,2015,Aug,8,2015-08-01,248693196
RJ,2015,Sep,9,2015-09-01,275189391
RJ,2015,Oct,10,2015-10-01,261382567
RJ,2015,Nov,11,2015-11-01,276530454
RJ,2015,Dec,12,2015-12-01,312848355
RJ,2016,Jan,1,2016-01-01,277809256
RJ,2016,Feb,2,2016-02-01,337368545
RJ,2016,Mar,3,2016-03-01,659030809
RJ,2016,Apr,4,2016-04-01,276548998
RJ,2016,May,5,2016-05-01,314873421
RJ,2016,Jun,6,2016-06-01,295073125
RJ,2016,Jul,7,2016-07-01,237138868
RJ,2016,Aug,8,2016-08-01,244016084
RJ,2016,Sep,9,2016-09-01,273111129
RJ,2016,Oct,10,2016-10-01,265760068
RJ,2016,Nov,11,2016-11-01,403102060
RJ,2016,Dec,12,2016-12-01,217169442
RJ,2017,Jan,1,2017-01-01,295612528
RJ,2017,Feb,2,2017-02-01,351015197
RJ,2017,Mar,3,2017-03-01,837034598
RJ,2017,Apr,4,2017-04-01,379163920
RJ,2017,May,5,2017-05-01,318458868
RJ,2017,Jun,6,2017-06-01,320321765
RJ,2017,Jul,7,2017-07-01,330042754
RJ,2017,Aug,8,2017-08-01,271057069
RJ,2017,Sep,9,2017-09-01,384885498
RJ,2017,Oct,10,2017-10-01,369639866
RJ,2017,Nov,11,2017-11-01,446309586
RJ,2017,Dec,12,2017-12-01,2538091451
RJ,2018,Jan,1,2018-01-01,432265950
RJ,2018,Feb,2,2018-02-01,419032646
RJ,2018,Mar,3,2018-03-01,2620715922
RJ,2018,Apr,4,2018-04-01,519889211
RJ,2018,May,5,2018-05-01,459415994
RJ,2018,Jun,6,2018-06-01,374151347
RJ,2018,Jul,7,2018-07-01,422910930
RJ,2018,Aug,8,2018-08-01,422645941
RJ,2018,Sep,9,2018-09-01,374375700
RJ,2018,Oct,10,2018-10-01,575540296
RJ,2018,Nov,11,2018-11-01,492299737
RJ,2018,Dec,12,2018-12-01,428145694
RJ,2019,Jan,1,2019-01-01,521944173
RJ,2019,Feb,2,2019-02-01,598614786
RJ,2019,Mar,3,2019-03-01,3186015896
RJ,2019,Apr,4,2019-04-01,621681963
RJ,2019,May,5,2019-05-01,560395308
RJ,2019,Jun,6,2019-06-01,463100955
RJ,2019,Jul,7,2019-07-01,586831932
RJ,2019,Aug,8,2019-08-01,561166936
RJ,2019,Sep,9,2019-09-01,575862097
RJ,2019,Oct,10,2019-10-01,624934363
RJ,2019,Nov,11,2019-11-01,686759413
RJ,2019,Dec,12,2019-12-01,656144067
RJ,2020,Jan,1,2020-01-01,737134079
RJ,2020,Feb,2,2020-02-01,816088558
RJ,2020,Mar,3,2020-03-01,3287696495
RJ,2020,Apr,4,2020-04-01,170072690
RJ,2020,May,5,2020-05-01,55460796
RJ,2020,Jun,6,2020-06-01,423999441
RJ,2020,Jul,7,2020-07-01,746577124
RJ,2020,Aug,8,2020-08-01,564996445
RJ,2020,Sep,9,2020-09-01,663782254
RJ,2020,Oct,10,2020-10-01,733544693
RJ,2020,Nov,11,2020-11-01,710577784
RJ,2020,Dec,12,2020-12-01,890187638
RJ,2021,Jan,1,2021-01-01,717899761
RJ,2021,Feb,2,2021-02-01,920229473
RJ,2021,Mar,3,2021-03-01,5910805778
RJ,2021,Apr,4,2021-04-01,637969794
RJ,2021,May,5,2021-05-01,122728579
RJ,2021,Jun,6,2021-06-01,535010842
RJ,2021,Jul,7,2021-07-01,599910780
RJ,2021,Aug,8,2021-08-01,612358037
RJ,2021,Sep,9,2021-09-01,726418437
RJ,2021,Oct,10,2021-10-01,735021881
RJ,2021,Nov,11,2021-11-01,902312729
RJ,2021,Dec,12,2021-12-01,855585405
RJ,2022,Jan,1,2022-01-01,875162744
RJ,2022,Feb,2,2022-02-01,1127677386
RJ,2022,Mar,3,2022-03-01,5840447128
RJ,2022,Apr,4,2022-04-01,1054726503
RJ,2022,May,5,2022-05-01,894928942
RJ,2022,Jun,6,2022-06-01,846982124
RJ,2022,Jul,7,2022-07-01,884142230
RJ,2022,Aug,8,2022-08-01,856848130
RJ,2022,Sep,9,2022-09-01,997948653
RJ,2022,Oct,10,2022-10-01,1012557952
RJ,2022,Nov,11,2022-11-01,1107340961
RJ,2022,Dec,12,2022-12-01,977867090
RJ,2023,Jan,1,2023-01-01,1098810525
RJ,2023,Feb,2,2023-02-01,1328278199
RJ,2023,Mar,3,2023-03-01,6598246844
RJ,2023,Apr,4,2023-04-01,1107064627
RJ,2023,May,5,2023-05-01,1121667372
RJ,2023,Jun,6,2023-06-01,1050890246
RJ,2023,Jul,7,2023-07-01,1074386899
RJ,2023,Aug,8,2023-08-01,1100945659
RJ,2023,Sep,9,2023-09-01,1148536751
RJ,2023,Oct,10,2023-10-01,1274739155
RJ,2023,Nov,11,2023-11-01,1091777931
RJ,2023,Dec,12,2023-12-01,1138323271
RJ,2024,Jan,1,2024-01-01,1192501691
RJ,2024,Feb,2,2024-02-01,1527705670
RJ,2024,Mar,3,2024-03-01,7013755632
RJ,2024,Apr,4,2024-04-01,1315694987
RJ,2024,May,5,2024-05-01,1248752522
RJ,2024,Jun,6,2024-06-01,1063714974
RJ,2024,Jul,7,2024-07-01,1264538828
RJ,2024,Aug,8,2024-08-01,1062675098
RJ,2024,Sep,9,2024-09-01,1157419920
RJ,2024,Oct,10,2024-10-01,1553591193
RJ,2024,Nov,11,2024-11-01,1307133810
RJ,2024,Dec,12,2024-12-01,1172701987
RJ,2025,Jan,1,2025-01-01,1407085473
RJ,2025,Feb,2,2025-02-01,1627644678
RJ,2025,Mar,3,2025-03-01,8435184027
RJ,2025,Apr,4,2025-04-01,1660632851
RJ,2025,May,5,2025-05-01,1372247743
RJ,2025,Jun,6,2025-06-01,1283859241
RJ,2025,Jul,7,2025-07-01,1429762152
RJ,2025,Aug,8,2025-08-01,1322030394
RJ,2025,Sep,9,2025-09-01,1303154189
RJ,2025,Oct,10,2025-10-01,1766270948
RJ,2025,Nov,11,2025-11-01,1464798627
RJ,2025,Dec,12,2025-12-01,1447882559
RJ,2026,Jan,1,2026-01-01,1590975891
RJ,2026,Feb,2,2026-02-01,2375349549
RJ,2026,Mar,3,2026-03-01,9035451852
RJ,2026,Apr,4,2026-04-01,1913790110
RJ,2026,May,5,2026-05-01,1439695463
RJ,2026,Jun,6,2026-06-01,1430009696
RJ,2026,Jul,7,2026-07-01,1196395677
RJ,2026,Aug,8,2026-08-01,264105886
SK,2010,Jan,1,2010-01-01,369733
SK,2010,Feb,2,2010-02-01,617588
SK,2010,Mar,3,2010-03-01,312573
SK,2010,Apr,4,2010-04-01,232513
SK,2010,May,5,2010-05-01,368297
SK,2010,Jun,6,2010-06-01,279372
SK,2010,Jul,7,2010-07-01,191832
SK,2010,Aug,8,2010-08-01,255045
SK,2010,Sep,9,2010-09-01,280477
SK,2010,Oct,10,2010-10-01,596786
SK,2010,Nov,11,2010-11-01,299025
SK,2010,Dec,12,2010-12-01,392633
SK,2011,Jan,1,2011-01-01,280019
SK,2011,Feb,2,2011-02-01,473160
SK,2011,Mar,3,2011-03-01,485426
SK,2011,Apr,4,2011-04-01,593295
SK,2011,May,5,2011-05-01,410511
SK,2011,Jun,6,2011-06-01,432437
SK,2011,Jul,7,2011-07-01,526550
SK,2011,Aug,8,2011-08-01,301585
SK,2011,Sep,9,2011-09-01,716563
SK,2011,Oct,10,2011-10-01,434758
SK,2011,Nov,11,2011-11-01,922954
SK,2011,Dec,12,2011-12-01,660363
SK,2012,Jan,1,2012-01-01,957867
SK,2012,Feb,2,2012-02-01,1573966
SK,2012,Mar,3,2012-03-01,1343181
SK,2012,Apr,4,2012-04-01,756953
SK,2012,May,5,2012-05-01,1201375
SK,2012,Jun,6,2012-06-01,660328
SK,2012,Jul,7,2012-07-01,513673
SK,2012,Aug,8,2012-08-01,680455
SK,2012,Sep,9,2012-09-01,596114
SK,2012,Oct,10,2012-10-01,609313
SK,2012,Nov,11,2012-11-01,588109
SK,2012,Dec,12,2012-12-01,286756
SK,2013,Jan,1,2013-01-01,584564
SK,2013,Feb,2,2013-02-01,468729
SK,2013,Mar,3,2013-03-01,759252
SK,2013,Apr,4,2013-04-01,650846
SK,2013,May,5,2013-05-01,817357
SK,2013,Jun,6,2013-06-01,1095195
SK,2013,Jul,7,2013-07-01,838934
SK,2013,Aug,8,2013-08-01,772946
SK,2013,Sep,9,2013-09-01,809668
SK,2013,Oct,10,2013-10-01,955822
SK,2013,Nov,11,2013-11-01,659431
SK,2013,Dec,12,2013-12-01,599791
SK,2014,Jan,1,2014-01-01,379968
SK,2014,Feb,2,2014-02-01,403557
SK,2014,Mar,3,2014-03-01,514793
SK,2014,Apr,4,2014-04-01,316086
SK,2014,May,5,2014-05-01,381453
SK,2014,Jun,6,2014-06-01,423707
SK,2014,Jul,7,2014-07-01,727656
SK,2014,Aug,8,2014-08-01,391013
SK,2014,Sep,9,2014-09-01,455916
SK,2014,Oct,10,2014-10-01,8596628
SK,2014,Nov,11,2014-11-01,554148
SK,2014,Dec,12,2014-12-01,201796
SK,2015,Jan,1,2015-01-01,341829
SK,2015,Feb,2,2015-02-01,529891
SK,2015,Mar,3,2015-03-01,872770
SK,2015,Apr,4,2015-04-01,831644
SK,2015,May,5,2015-05-01,1041605
SK,2015,Jun,6,2015-06-01,994747
SK,2015,Jul,7,2015-07-01,954714
SK,2015,Aug,8,2015-08-01,1224123
SK,2015,Sep,9,2015-09-01,970465
SK,2015,Oct,10,2015-10-01,607153
SK,2015,Nov,11,2015-11-01,77377250
SK,2015,Dec,12,2015-12-01,30781767
SK,2016,Jan,1,2016-01-01,1016946
SK,2016,Feb,2,2016-02-01,882744
SK,2016,Mar,3,2016-03-01,992651
SK,2016,Apr,4,2016-04-01,1146376
SK,2016,May,5,2016-05-01,774165
SK,2016,Jun,6,2016-06-01,1135759
SK,2016,Jul,7,2016-07-01,768333
SK,2016,Aug,8,2016-08-01,733451
SK,2016,Sep,9,2016-09-01,3252818
SK,2016,Oct,10,2016-10-01,1232714
SK,2016,Nov,11,2016-11-01,2182416
SK,2016,Dec,12,2016-12-01,1486715
SK,2017,Jan,1,2017-01-01,853830
SK,2017,Feb,2,2017-02-01,1729205
SK,2017,Mar,3,2017-03-01,2479701
SK,2017,Apr,4,2017-04-01,4399220
SK,2017,May,5,2017-05-01,3474509
SK,2017,Jun,6,2017-06-01,2651018
SK,2017,Jul,7,2017-07-01,5721013
SK,2017,Aug,8,2017-08-01,2232770
SK,2017,Sep,9,2017-09-01,2376089
SK,2017,Oct,10,2017-10-01,3357118
SK,2017,Nov,11,2017-11-01,4545130
SK,2017,Dec,12,2017-12-01,3700150
SK,2018,Jan,1,2018-01-01,4493915
SK,2018,Feb,2,2018-02-01,4203443
SK,2018,Mar,3,2018-03-01,5671115
SK,2018,Apr,4,2018-04-01,8007335
SK,2018,May,5,2018-05-01,6328190
SK,2018,Jun,6,2018-06-01,7544675
SK,2018,Jul,7,2018-07-01,7071544
SK,2018,Aug,8,2018-08-01,6760846
SK,2018,Sep,9,2018-09-01,6489324
SK,2018,Oct,10,2018-10-01,7136731
SK,2018,Nov,11,2018-11-01,8205566
SK,2018,Dec,12,2018-12-01,5347083
SK,2019,Jan,1,2019-01-01,6901714
SK,2019,Feb,2,2019-02-01,7228016
SK,2019,Mar,3,2019-03-01,8662822
SK,2019,Apr,4,2019-04-01,7648754
SK,2019,May,5,2019-05-01,8011200
SK,2019,Jun,6,2019-06-01,8625375
SK,2019,Jul,7,2019-07-01,9143938
SK,2019,Aug,8,2019-08-01,9179282
SK,2019,Sep,9,2019-09-01,10608026
SK,2019,Oct,10,2019-10-01,6377750
SK,2019,Nov,11,2019-11-01,9280729
SK,2019,Dec,12,2019-12-01,7096597
SK,2020,Jan,1,2020-01-01,14127237
SK,2020,Feb,2,2020-02-01,10416596
SK,2020,Mar,3,2020-03-01,9606312
SK,2020,Apr,4,2020-04-01,751434
SK,2020,May,5,2020-05-01,2224556
SK,2020,Jun,6,2020-06-01,5287460
SK,2020,Jul,7,2020-07-01,4122310
SK,2020,Aug,8,2020-08-01,3130506
SK,2020,Sep,9,2020-09-01,3830801
SK,2020,Oct,10,2020-10-01,6106262
SK,2020,Nov,11,2020-11-01,6725860
SK,2020,Dec,12,2020-12-01,13208703
SK,2021,Jan,1,2021-01-01,6603172
SK,2021,Feb,2,2021-02-01,7707503
SK,2021,Mar,3,2021-03-01,11709811
SK,2021,Apr,4,2021-04-01,6180723
SK,2021,May,5,2021-05-01,608255
SK,2021,Jun,6,2021-06-01,3756741
SK,2021,Jul,7,2021-07-01,5148241
SK,2021,Aug,8,2021-08-01,6719983
SK,2021,Sep,9,2021-09-01,15759193
SK,2021,Oct,10,2021-10-01,10856932
SK,2021,Nov,11,2021-11-01,10061979
SK,2021,Dec,12,2021-12-01,10538262
SK,2022,Jan,1,2022-01-01,7688785
SK,2022,Feb,2,2022-02-01,11670114
SK,2022,Mar,3,2022-03-01,16150747
SK,2022,Apr,4,2022-04-01,11147126
SK,2022,May,5,2022-05-01,10784503
SK,2022,Jun,6,2022-06-01,12183619
SK,2022,Jul,7,2022-07-01,9515732
SK,2022,Aug,8,2022-08-01,11165971
SK,2022,Sep,9,2022-09-01,13824047
SK,2022,Oct,10,2022-10-01,8228838
SK,2022,Nov,11,2022-11-01,11235938
SK,2022,Dec,12,2022-12-01,9145978
SK,2023,Jan,1,2023-01-01,12888166
SK,2023,Feb,2,2023-02-01,11504662
SK,2023,Mar,3,2023-03-01,17369360
SK,2023,Apr,4,2023-04-01,12383032
SK,2023,May,5,2023-05-01,13306017
SK,2023,Jun,6,2023-06-01,12690620
SK,2023,Jul,7,2023-07-01,10035761
SK,2023,Aug,8,2023-08-01,12052888
SK,2023,Sep,9,2023-09-01,15078569
SK,2023,Oct,10,2023-10-01,10997639
SK,2023,Nov,11,2023-11-01,12979979
SK,2023,Dec,12,2023-12-01,10882097
SK,2024,Jan,1,2024-01-01,17031230
SK,2024,Feb,2,2024-02-01,19188867
SK,2024,Mar,3,2024-03-01,18101628
SK,2024,Apr,4,2024-04-01,14683626
SK,2024,May,5,2024-05-01,31176618
SK,2024,Jun,6,2024-06-01,19396828
SK,2024,Jul,7,2024-07-01,15694499
SK,2024,Aug,8,2024-08-01,15042485
SK,2024,Sep,9,2024-09-01,45941974
SK,2024,Oct,10,2024-10-01,15688494
SK,2024,Nov,11,2024-11-01,15009963
SK,2024,Dec,12,2024-12-01,16536120
SK,2025,Jan,1,2025-01-01,19239483
SK,2025,Feb,2,2025-02-01,18486433
SK,2025,Mar,3,2025-03-01,26531687
SK,2025,Apr,4,2025-04-01,21753339
SK,2025,May,5,2025-05-01,18644052
SK,2025,Jun,6,2025-06-01,16405889
SK,2025,Jul,7,2025-07-01,17732120
SK,2025,Aug,8,2025-08-01,17568051
SK,2025,Sep,9,2025-09-01,21385060
SK,2025,Oct,10,2025-10-01,18082223
SK,2025,Nov,11,2025-11-01,22192495
SK,2025,Dec,12,2025-12-01,18972793
SK,2026,Jan,1,2026-01-01,24692864
SK,2026,Feb,2,2026-02-01,28050990
SK,2026,Mar,3,2026-03-01,31059148
SK,2026,Apr,4,2026-04-01,24362531
SK,2026,May,5,2026-05-01,21932559
SK,2026,Jun,6,2026-06-01,21603985
SK,2026,Jul,7,2026-07-01,21201528
SK,2026,Aug,8,2026-08-01,6291436
TN,2010,Jan,1,2010-01-01,415913717
TN,2010,Feb,2,2010-02-01,904052354
TN,2010,Mar,3,2010-03-01,550776355
TN,2010,Apr,4,2010-04-01,1321485587
TN,2010,May,5,2010-05-01,1775221525
TN,2010,Jun,6,2010-06-01,385910325
TN,2010,Jul,7,2010-07-01,622105521
TN,2010,Aug,8,2010-08-01,1001007758
TN,2010,Sep,9,2010-09-01,444206224
TN,2010,Oct,10,2010-10-01,776266234
TN,2010,Nov,11,2010-11-01,1552007195
TN,2010,Dec,12,2010-12-01,408579231
TN,2011,Jan,1,2011-01-01,500264886
TN,2011,Feb,2,2011-02-01,997805154
TN,2011,Mar,3,2011-03-01,609187971
TN,2011,Apr,4,2011-04-01,1364137364
TN,2011,May,5,2011-05-01,2017293689
TN,2011,Jun,6,2011-06-01,433391313
TN,2011,Jul,7,2011-07-01,636842401
TN,2011,Aug,8,2011-08-01,1045080456
TN,2011,Sep,9,2011-09-01,456966034
TN,2011,Oct,10,2011-10-01,667553181
TN,2011,Nov,11,2011-11-01,1783528622
TN,2011,Dec,12,2011-12-01,438646622
TN,2012,Jan,1,2012-01-01,573160305
TN,2012,Feb,2,2012-02-01,1071068446
TN,2012,Mar,3,2012-03-01,740573160
TN,2012,Apr,4,2012-04-01,1490325640
TN,2012,May,5,2012-05-01,2511445243
TN,2012,Jun,6,2012-06-01,606134791
TN,2012,Jul,7,2012-07-01,884204954
TN,2012,Aug,8,2012-08-01,1349131118
TN,2012,Sep,9,2012-09-01,560371810
TN,2012,Oct,10,2012-10-01,1020623001
TN,2012,Nov,11,2012-11-01,1925541081
TN,2012,Dec,12,2012-12-01,584262640
TN,2013,Jan,1,2013-01-01,725212593
TN,2013,Feb,2,2013-02-01,1312838103
TN,2013,Mar,3,2013-03-01,945346080
TN,2013,Apr,4,2013-04-01,1745552082
TN,2013,May,5,2013-05-01,2400290617
TN,2013,Jun,6,2013-06-01,500016868
TN,2013,Jul,7,2013-07-01,816970391
TN,2013,Aug,8,2013-08-01,1276130946
TN,2013,Sep,9,2013-09-01,513360731
TN,2013,Oct,10,2013-10-01,950056353
TN,2013,Nov,11,2013-11-01,1882114197
TN,2013,Dec,12,2013-12-01,535385735
TN,2014,Jan,1,2014-01-01,639395279
TN,2014,Feb,2,2014-02-01,1219365568
TN,2014,Mar,3,2014-03-01,735897903
TN,2014,Apr,4,2014-04-01,1733184334
TN,2014,May,5,2014-05-01,2473864599
TN,2014,Jun,6,2014-06-01,477830449
TN,2014,Jul,7,2014-07-01,764780318
TN,2014,Aug,8,2014-08-01,1279142314
TN,2014,Sep,9,2014-09-01,547232847
TN,2014,Oct,10,2014-10-01,806462108
TN,2014,Nov,11,2014-11-01,1909669009
TN,2014,Dec,12,2014-12-01,583330880
TN,2015,Jan,1,2015-01-01,646565993
TN,2015,Feb,2,2015-02-01,1332684160
TN,2015,Mar,3,2015-03-01,896528194
TN,2015,Apr,4,2015-04-01,1702286384
TN,2015,May,5,2015-05-01,2501691288
TN,2015,Jun,6,2015-06-01,539139989
TN,2015,Jul,7,2015-07-01,804124702
TN,2015,Aug,8,2015-08-01,1394128752
TN,2015,Sep,9,2015-09-01,557060688
TN,2015,Oct,10,2015-10-01,982214618
TN,2015,Nov,11,2015-11-01,1882913999
TN,2015,Dec,12,2015-12-01,561961417
TN,2016,Jan,1,2016-01-01,698937436
TN,2016,Feb,2,2016-02-01,1449197884
TN,2016,Mar,3,2016-03-01,919862311
TN,2016,Apr,4,2016-04-01,1884713429
TN,2016,May,5,2016-05-01,2620989283
TN,2016,Jun,6,2016-06-01,619369330
TN,2016,Jul,7,2016-07-01,827914073
TN,2016,Aug,8,2016-08-01,1479258037
TN,2016,Sep,9,2016-09-01,602141896
TN,2016,Oct,10,2016-10-01,964122022
TN,2016,Nov,11,2016-11-01,2005092831
TN,2016,Dec,12,2016-12-01,528462437
TN,2017,Jan,1,2017-01-01,828778849
TN,2017,Feb,2,2017-02-01,1625603695
TN,2017,Mar,3,2017-03-01,1147039398
TN,2017,Apr,4,2017-04-01,2056954690
TN,2017,May,5,2017-05-01,2867762289
TN,2017,Jun,6,2017-06-01,721627220
TN,2017,Jul,7,2017-07-01,852998955
TN,2017,Aug,8,2017-08-01,1430111807
TN,2017,Sep,9,2017-09-01,588349941
TN,2017,Oct,10,2017-10-01,1000957596
TN,2017,Nov,11,2017-11-01,2056651337
TN,2017,Dec,12,2017-12-01,637036266
TN,2018,Jan,1,2018-01-01,866876549
TN,2018,Feb,2,2018-02-01,1463637413
TN,2018,Mar,3,2018-03-01,854975199
TN,2018,Apr,4,2018-04-01,2234297686
TN,2018,May,5,2018-05-01,2781561640
TN,2018,Jun,6,2018-06-01,635857914
TN,2018,Jul,7,2018-07-01,952243482
TN,2018,Aug,8,2018-08-01,1416142935
TN,2018,Sep,9,2018-09-01,671543860
TN,2018,Oct,10,2018-10-01,1250231862
TN,2018,Nov,11,2018-11-01,2043328543
TN,2018,Dec,12,2018-12-01,721695062
TN,2019,Jan,1,2019-01-01,914298128
TN,2019,Feb,2,2019-02-01,1652886017
TN,2019,Mar,3,2019-03-01,942590497
TN,2019,Apr,4,2019-04-01,2354136196
TN,2019,May,5,2019-05-01,2997911139
TN,2019,Jun,6,2019-06-01,660522188
TN,2019,Jul,7,2019-07-01,1119178525
TN,2019,Aug,8,2019-08-01,1599742060
TN,2019,Sep,9,2019-09-01,657004374
TN,2019,Oct,10,2019-10-01,1054751566
TN,2019,Nov,11,2019-11-01,2083942492
TN,2019,Dec,12,2019-12-01,734437499
TN,2020,Jan,1,2020-01-01,1006273309
TN,2020,Feb,2,2020-02-01,1720366512
TN,2020,Mar,3,2020-03-01,703871805
TN,2020,Apr,4,2020-04-01,92779343
TN,2020,May,5,2020-05-01,1118941701
TN,2020,Jun,6,2020-06-01,1382136333
TN,2020,Jul,7,2020-07-01,990459769
TN,2020,Aug,8,2020-08-01,664844934
TN,2020,Sep,9,2020-09-01,705359714
TN,2020,Oct,10,2020-10-01,1331876638
TN,2020,Nov,11,2020-11-01,1193566806
TN,2020,Dec,12,2020-12-01,1179403289
TN,2021,Jan,1,2021-01-01,857666649
TN,2021,Feb,2,2021-02-01,1836411388
TN,2021,Mar,3,2021-03-01,1057968776
TN,2021,Apr,4,2021-04-01,1397193934
TN,2021,May,5,2021-05-01,986871696
TN,2021,Jun,6,2021-06-01,993817958
TN,2021,Jul,7,2021-07-01,998029598
TN,2021,Aug,8,2021-08-01,1736913171
TN,2021,Sep,9,2021-09-01,816951996
TN,2021,Oct,10,2021-10-01,968138306
TN,2021,Nov,11,2021-11-01,1838084903
TN,2021,Dec,12,2021-12-01,857127277
TN,2022,Jan,1,2022-01-01,924050954
TN,2022,Feb,2,2022-02-01,1886213842
TN,2022,Mar,3,2022-03-01,1153166435
TN,2022,Apr,4,2022-04-01,2080569986
TN,2022,May,5,2022-05-01,2706189046
TN,2022,Jun,6,2022-06-01,805072350
TN,2022,Jul,7,2022-07-01,1131847841
TN,2022,Aug,8,2022-08-01,1954559696
TN,2022,Sep,9,2022-09-01,781133038
TN,2022,Oct,10,2022-10-01,1105379462
TN,2022,Nov,11,2022-11-01,2105662423
TN,2022,Dec,12,2022-12-01,799645556
TN,2023,Jan,1,2023-01-01,1107786477
TN,2023,Feb,2,2023-02-01,1957179430
TN,2023,Mar,3,2023-03-01,1266436963
TN,2023,Apr,4,2023-04-01,2155745225
TN,2023,May,5,2023-05-01,2717494543
TN,2023,Jun,6,2023-06-01,711090739
TN,2023,Jul,7,2023-07-01,1119238454
TN,2023,Aug,8,2023-08-01,2108090640
TN,2023,Sep,9,2023-09-01,794768987
TN,2023,Oct,10,2023-10-01,1425733055
TN,2023,Nov,11,2023-11-01,2574111939
TN,2023,Dec,12,2023-12-01,1579432445
TN,2024,Jan,1,2024-01-01,1947090125
TN,2024,Feb,2,2024-02-01,3039670145
TN,2024,Mar,3,2024-03-01,1920653385
TN,2024,Apr,4,2024-04-01,3229219009
TN,2024,May,5,2024-05-01,4127441613
TN,2024,Jun,6,2024-06-01,1263972212
TN,2024,Jul,7,2024-07-01,2042370659
TN,2024,Aug,8,2024-08-01,2996633152
TN,2024,Sep,9,2024-09-01,1309390914
TN,2024,Oct,10,2024-10-01,1919036170
TN,2024,Nov,11,2024-11-01,3526472446
TN,2024,Dec,12,2024-12-01,1304387591
TN,2025,Jan,1,2025-01-01,2071847915
TN,2025,Feb,2,2025-02-01,2966951827
TN,2025,Mar,3,2025-03-01,1842987978
TN,2025,Apr,4,2025-04-01,3302824069
TN,2025,May,5,2025-05-01,4048593865
TN,2025,Jun,6,2025-06-01,1238022018
TN,2025,Jul,7,2025-07-01,1930765941
TN,2025,Aug,8,2025-08-01,3093769201
TN,2025,Sep,9,2025-09-01,1299808073
TN,2025,Oct,10,2025-10-01,2172060158
TN,2025,Nov,11,2025-11-01,3759124767
TN,2025,Dec,12,2025-12-01,1831878610
TN,2026,Jan,1,2026-01-01,2340552836
TN,2026,Feb,2,2026-02-01,3678496348
TN,2026,Mar,3,2026-03-01,2373705082
TN,2026,Apr,4,2026-04-01,3653163986
TN,2026,May,5,2026-05-01,4382951139
TN,2026,Jun,6,2026-06-01,1561653313
TN,2026,Jul,7,2026-07-01,2389864290
TN,2026,Aug,8,2026-08-01,705081454
TR,2010,Jan,1,2010-01-01,2182134
TR,2010,Feb,2,2010-02-01,2624012
TR,2010,Mar,3,2010-03-01,3958255
TR,2010,Apr,4,2010-04-01,2927363
TR,2010,May,5,2010-05-01,2711352
TR,2010,Jun,6,2010-06-01,2655026
TR,2010,Jul,7,2010-07-01,2918382
TR,2010,Aug,8,2010-08-01,2625296
TR,2010,Sep,9,2010-09-01,3014061
TR,2010,Oct,10,2010-10-01,2627661
TR,2010,Nov,11,2010-11-01,3156790
TR,2010,Dec,12,2010-12-01,3699245
TR,2011,Jan,1,2011-01-01,2755404
TR,2011,Feb,2,2011-02-01,2979330
TR,2011,Mar,3,2011-03-01,4273533
TR,2011,Apr,4,2011-04-01,2958046
TR,2011,May,5,2011-05-01,2886670
TR,2011,Jun,6,2011-06-01,2824784
TR,2011,Jul,7,2011-07-01,3162608
TR,2011,Aug,8,2011-08-01,3038537
TR,2011,Sep,9,2011-09-01,3778948
TR,2011,Oct,10,2011-10-01,3675382
TR,2011,Nov,11,2011-11-01,4949261
TR,2011,Dec,12,2011-12-01,5956693
TR,2012,Jan,1,2012-01-01,3879992
TR,2012,Feb,2,2012-02-01,4871725
TR,2012,Mar,3,2012-03-01,7956142
TR,2012,Apr,4,2012-04-01,3418228
TR,2012,May,5,2012-05-01,4307815
TR,2012,Jun,6,2012-06-01,4138423
TR,2012,Jul,7,2012-07-01,4199645
TR,2012,Aug,8,2012-08-01,4661955
TR,2012,Sep,9,2012-09-01,4749576
TR,2012,Oct,10,2012-10-01,3740686
TR,2012,Nov,11,2012-11-01,5515816
TR,2012,Dec,12,2012-12-01,5385711
TR,2013,Jan,1,2013-01-01,5688776
TR,2013,Feb,2,2013-02-01,3735246
TR,2013,Mar,3,2013-03-01,34693944
TR,2013,Apr,4,2013-04-01,5591114
TR,2013,May,5,2013-05-01,5605115
TR,2013,Jun,6,2013-06-01,3844500
TR,2013,Jul,7,2013-07-01,4377107
TR,2013,Aug,8,2013-08-01,4888449
TR,2013,Sep,9,2013-09-01,5455520
TR,2013,Oct,10,2013-10-01,4389518
TR,2013,Nov,11,2013-11-01,5518847
TR,2013,Dec,12,2013-12-01,5022520
TR,2014,Jan,1,2014-01-01,4831892
TR,2014,Feb,2,2014-02-01,5052362
TR,2014,Mar,3,2014-03-01,7075808
TR,2014,Apr,4,2014-04-01,4707934
TR,2014,May,5,2014-05-01,4610491
TR,2014,Jun,6,2014-06-01,4351679
TR,2014,Jul,7,2014-07-01,4516992
TR,2014,Aug,8,2014-08-01,4596797
TR,2014,Sep,9,2014-09-01,4938036
TR,2014,Oct,10,2014-10-01,4596491
TR,2014,Nov,11,2014-11-01,9952004
TR,2014,Dec,12,2014-12-01,8143137
TR,2015,Jan,1,2015-01-01,5858668
TR,2015,Feb,2,2015-02-01,6228193
TR,2015,Mar,3,2015-03-01,9618004
TR,2015,Apr,4,2015-04-01,5620130
TR,2015,May,5,2015-05-01,5808781
TR,2015,Jun,6,2015-06-01,5571405
TR,2015,Jul,7,2015-07-01,5601313
TR,2015,Aug,8,2015-08-01,5370557
TR,2015,Sep,9,2015-09-01,5433649
TR,2015,Oct,10,2015-10-01,5099392
TR,2015,Nov,11,2015-11-01,6362068
TR,2015,Dec,12,2015-12-01,6502075
TR,2016,Jan,1,2016-01-01,7177319
TR,2016,Feb,2,2016-02-01,8222220
TR,2016,Mar,3,2016-03-01,8961714
TR,2016,Apr,4,2016-04-01,5739583
TR,2016,May,5,2016-05-01,5893641
TR,2016,Jun,6,2016-06-01,5802585
TR,2016,Jul,7,2016-07-01,4319791
TR,2016,Aug,8,2016-08-01,6045374
TR,2016,Sep,9,2016-09-01,5832621
TR,2016,Oct,10,2016-10-01,5494865
TR,2016,Nov,11,2016-11-01,5040589
TR,2016,Dec,12,2016-12-01,6675730
TR,2017,Jan,1,2017-01-01,6373956
TR,2017,Feb,2,2017-02-01,6413042
TR,2017,Mar,3,2017-03-01,7533731
TR,2017,Apr,4,2017-04-01,8544767
TR,2017,May,5,2017-05-01,9336987
TR,2017,Jun,6,2017-06-01,10105903
TR,2017,Jul,7,2017-07-01,11148035
TR,2017,Aug,8,2017-08-01,13977873
TR,2017,Sep,9,2017-09-01,9970960
TR,2017,Oct,10,2017-10-01,11331100
TR,2017,Nov,11,2017-11-01,14835928
TR,2017,Dec,12,2017-12-01,12789410
TR,2018,Jan,1,2018-01-01,13584203
TR,2018,Feb,2,2018-02-01,11342387
TR,2018,Mar,3,2018-03-01,12933435
TR,2018,Apr,4,2018-04-01,13092003
TR,2018,May,5,2018-05-01,13089904
TR,2018,Jun,6,2018-06-01,11225700
TR,2018,Jul,7,2018-07-01,11868689
TR,2018,Aug,8,2018-08-01,13978935
TR,2018,Sep,9,2018-09-01,13097822
TR,2018,Oct,10,2018-10-01,10696575
TR,2018,Nov,11,2018-11-01,14293938
TR,2018,Dec,12,2018-12-01,13565903
TR,2019,Jan,1,2019-01-01,14572219
TR,2019,Feb,2,2019-02-01,15220741
TR,2019,Mar,3,2019-03-01,18274996
TR,2019,Apr,4,2019-04-01,12240296
TR,2019,May,5,2019-05-01,14787895
TR,2019,Jun,6,2019-06-01,13355157
TR,2019,Jul,7,2019-07-01,16278425
TR,2019,Aug,8,2019-08-01,16585033
TR,2019,Sep,9,2019-09-01,17660253
TR,2019,Oct,10,2019-10-01,17012135
TR,2019,Nov,11,2019-11-01,20431715
TR,2019,Dec,12,2019-12-01,14597891
TR,2020,Jan,1,2020-01-01,18303313
TR,2020,Feb,2,2020-02-01,23457379
TR,2020,Mar,3,2020-03-01,22104174
TR,2020,Apr,4,2020-04-01,1261582
TR,2020,May,5,2020-05-01,11330163
TR,2020,Jun,6,2020-06-01,15618999
TR,2020,Jul,7,2020-07-01,13516689
TR,2020,Aug,8,2020-08-01,17103859
TR,2020,Sep,9,2020-09-01,20485772
TR,2020,Oct,10,2020-10-01,18408787
TR,2020,Nov,11,2020-11-01,19726271
TR,2020,Dec,12,2020-12-01,21587601
TR,2021,Jan,1,2021-01-01,21122968
TR,2021,Feb,2,2021-02-01,25409272
TR,2021,Mar,3,2021-03-01,28985254
TR,2021,Apr,4,2021-04-01,17602629
TR,2021,May,5,2021-05-01,12808629
TR,2021,Jun,6,2021-06-01,14777077
TR,2021,Jul,7,2021-07-01,15833026
TR,2021,Aug,8,2021-08-01,18474007
TR,2021,Sep,9,2021-09-01,16307670
TR,2021,Oct,10,2021-10-01,14993528
TR,2021,Nov,11,2021-11-01,22832016
TR,2021,Dec,12,2021-12-01,25052189
TR,2022,Jan,1,2022-01-01,20400045
TR,2022,Feb,2,2022-02-01,21847599
TR,2022,Mar,3,2022-03-01,24972543
TR,2022,Apr,4,2022-04-01,17783272
TR,2022,May,5,2022-05-01,18940671
TR,2022,Jun,6,2022-06-01,19126242
TR,2022,Jul,7,2022-07-01,19770533
TR,2022,Aug,8,2022-08-01,21736874
TR,2022,Sep,9,2022-09-01,24911202
TR,2022,Oct,10,2022-10-01,17946772
TR,2022,Nov,11,2022-11-01,25213686
TR,2022,Dec,12,2022-12-01,26840467
TR,2023,Jan,1,2023-01-01,24023419
TR,2023,Feb,2,2023-02-01,22109297
TR,2023,Mar,3,2023-03-01,23794716
TR,2023,Apr,4,2023-04-01,20863383
TR,2023,May,5,2023-05-01,26145257
TR,2023,Jun,6,2023-06-01,24168597
TR,2023,Jul,7,2023-07-01,26707893
TR,2023,Aug,8,2023-08-01,26059739
TR,2023,Sep,9,2023-09-01,24339364
TR,2023,Oct,10,2023-10-01,22169764
TR,2023,Nov,11,2023-11-01,27825007
TR,2023,Dec,12,2023-12-01,26689183
TR,2024,Jan,1,2024-01-01,28328049
TR,2024,Feb,2,2024-02-01,28702822
TR,2024,Mar,3,2024-03-01,34601497
TR,2024,Apr,4,2024-04-01,22082428
TR,2024,May,5,2024-05-01,25428513
TR,2024,Jun,6,2024-06-01,23945770
TR,2024,Jul,7,2024-07-01,29555773
TR,2024,Aug,8,2024-08-01,22629870
TR,2024,Sep,9,2024-09-01,25294726
TR,2024,Oct,10,2024-10-01,25832269
TR,2024,Nov,11,2024-11-01,27875357
TR,2024,Dec,12,2024-12-01,27975132
TR,2025,Jan,1,2025-01-01,29675559
TR,2025,Feb,2,2025-02-01,30111501
TR,2025,Mar,3,2025-03-01,32439246
TR,2025,Apr,4,2025-04-01,25751796
TR,2025,May,5,2025-05-01,25624482
TR,2025,Jun,6,2025-06-01,27478856
TR,2025,Jul,7,2025-07-01,26753944
TR,2025,Aug,8,2025-08-01,24914408
TR,2025,Sep,9,2025-09-01,24715493
TR,2025,Oct,10,2025-10-01,27861647
TR,2025,Nov,11,2025-11-01,31453078
TR,2025,Dec,12,2025-12-01,34447015
TR,2026,Jan,1,2026-01-01,34846725
TR,2026,Feb,2,2026-02-01,35884082
TR,2026,Mar,3,2026-03-01,40329617
TR,2026,Apr,4,2026-04-01,28260551
TR,2026,May,5,2026-05-01,27474432
TR,2026,Jun,6,2026-06-01,33181001
TR,2026,Jul,7,2026-07-01,30828064
TR,2026,Aug,8,2026-08-01,7458630
TS,2010,Jan,1,2010-01-01,3422158326
TS,2010,Feb,2,2010-02-01,2966555757
TS,2010,Mar,3,2010-03-01,2813715947
TS,2010,Apr,4,2010-04-01,4713892976
TS,2010,May,5,2010-05-01,3533387275
TS,2010,Jun,6,2010-06-01,2159452580
TS,2010,Jul,7,2010-07-01,4331037682
TS,2010,Aug,8,2010-08-01,3244574213
TS,2010,Sep,9,2010-09-01,2067956654
TS,2010,Oct,10,2010-10-01,4428807344
TS,2010,Nov,11,2010-11-01,3495982021
TS,2010,Dec,12,2010-12-01,2745938115
TS,2011,Jan,1,2011-01-01,4718869341
TS,2011,Feb,2,2011-02-01,3076621961
TS,2011,Mar,3,2011-03-01,3700712095
TS,2011,Apr,4,2011-04-01,5754219224
TS,2011,May,5,2011-05-01,4366437348
TS,2011,Jun,6,2011-06-01,2516943309
TS,2011,Jul,7,2011-07-01,5284569622
TS,2011,Aug,8,2011-08-01,3847905810
TS,2011,Sep,9,2011-09-01,2994498059
TS,2011,Oct,10,2011-10-01,5097654821
TS,2011,Nov,11,2011-11-01,4635516958
TS,2011,Dec,12,2011-12-01,2936510793
TS,2012,Jan,1,2012-01-01,6477513688
TS,2012,Feb,2,2012-02-01,4113225436
TS,2012,Mar,3,2012-03-01,4381233316
TS,2012,Apr,4,2012-04-01,7178818610
TS,2012,May,5,2012-05-01,5488335467
TS,2012,Jun,6,2012-06-01,3750114637
TS,2012,Jul,7,2012-07-01,7094312012
TS,2012,Aug,8,2012-08-01,4046435562
TS,2012,Sep,9,2012-09-01,3655354566
TS,2012,Oct,10,2012-10-01,6827141800
TS,2012,Nov,11,2012-11-01,5253409384
TS,2012,Dec,12,2012-12-01,4354344830
TS,2013,Jan,1,2013-01-01,7188939023
TS,2013,Feb,2,2013-02-01,4901013233
TS,2013,Mar,3,2013-03-01,7439471709
TS,2013,Apr,4,2013-04-01,9058986659
TS,2013,May,5,2013-05-01,6295728239
TS,2013,Jun,6,2013-06-01,4372674272
TS,2013,Jul,7,2013-07-01,7201991826
TS,2013,Aug,8,2013-08-01,4736025015
TS,2013,Sep,9,2013-09-01,4424301541
TS,2013,Oct,10,2013-10-01,7733790539
TS,2013,Nov,11,2013-11-01,5790101557
TS,2013,Dec,12,2013-12-01,5140798497
TS,2014,Jan,1,2014-01-01,7913484538
TS,2014,Feb,2,2014-02-01,5130218045
TS,2014,Mar,3,2014-03-01,6610849582
TS,2014,Apr,4,2014-04-01,9376248465
TS,2014,May,5,2014-05-01,6783931642
TS,2014,Jun,6,2014-06-01,4975628392
TS,2014,Jul,7,2014-07-01,8425664249
TS,2014,Aug,8,2014-08-01,5312334818
TS,2014,Sep,9,2014-09-01,5318065850
TS,2014,Oct,10,2014-10-01,7818622822
TS,2014,Nov,11,2014-11-01,6521926488
TS,2014,Dec,12,2014-12-01,6072750867
TS,2015,Jan,1,2015-01-01,11423975639
TS,2015,Feb,2,2015-02-01,6178040109
TS,2015,Mar,3,2015-03-01,8708307808
TS,2015,Apr,4,2015-04-01,9762940201
TS,2015,May,5,2015-05-01,7133638911
TS,2015,Jun,6,2015-06-01,5659829374
TS,2015,Jul,7,2015-07-01,8387451531
TS,2015,Aug,8,2015-08-01,6598136521
TS,2015,Sep,9,2015-09-01,5760988815
TS,2015,Oct,10,2015-10-01,8744829091
TS,2015,Nov,11,2015-11-01,7089966092
TS,2015,Dec,12,2015-12-01,6452410614
TS,2016,Jan,1,2016-01-01,9318695973
TS,2016,Feb,2,2016-02-01,7221544047
TS,2016,Mar,3,2016-03-01,8438259082
TS,2016,Apr,4,2016-04-01,14107216574
TS,2016,May,5,2016-05-01,9230888905
TS,2016,Jun,6,2016-06-01,7581647793
TS,2016,Jul,7,2016-07-01,9027803773
TS,2016,Aug,8,2016-08-01,7061332347
TS,2016,Sep,9,2016-09-01,6542918398
TS,2016,Oct,10,2016-10-01,10265979511
TS,2016,Nov,11,2016-11-01,9470677934
TS,2016,Dec,12,2016-12-01,6167295834
TS,2017,Jan,1,2017-01-01,9874351930
TS,2017,Feb,2,2017-02-01,8156048002
TS,2017,Mar,3,2017-03-01,12844339787
TS,2017,Apr,4,2017-04-01,32777423036
TS,2017,May,5,2017-05-01,10527796557
TS,2017,Jun,6,2017-06-01,8619303626
TS,2017,Jul,7,2017-07-01,12399215382
TS,2017,Aug,8,2017-08-01,9234196592
TS,2017,Sep,9,2017-09-01,9006292137
TS,2017,Oct,10,2017-10-01,12853132946
TS,2017,Nov,11,2017-11-01,12021563145
TS,2017,Dec,12,2017-12-01,12272210741
TS,2018,Jan,1,2018-01-01,14842959172
TS,2018,Feb,2,2018-02-01,10042924723
TS,2018,Mar,3,2018-03-01,17610524568
TS,2018,Apr,4,2018-04-01,167131367266
TS,2018,May,5,2018-05-01,12299525360
TS,2018,Jun,6,2018-06-01,10337922130
TS,2018,Jul,7,2018-07-01,13812958958
TS,2018,Aug,8,2018-08-01,10059612819
TS,2018,Sep,9,2018-09-01,10353661248
TS,2018,Oct,10,2018-10-01,14973630825
TS,2018,Nov,11,2018-11-01,12271457058
TS,2018,Dec,12,2018-12-01,11036761180
TS,2019,Jan,1,2019-01-01,15048503543
TS,2019,Feb,2,2019-02-01,11533002695
TS,2019,Mar,3,2019-03-01,16061089507
TS,2019,Apr,4,2019-04-01,19407031887
TS,2019,May,5,2019-05-01,13209399878
TS,2019,Jun,6,2019-06-01,9637138110
TS,2019,Jul,7,2019-07-01,14890166418
TS,2019,Aug,8,2019-08-01,10783340957
TS,2019,Sep,9,2019-09-01,10580607583
TS,2019,Oct,10,2019-10-01,15035197405
TS,2019,Nov,11,2019-11-01,12709655514
TS,2019,Dec,12,2019-12-01,11230456934
TS,2020,Jan,1,2020-01-01,15529308049
TS,2020,Feb,2,2020-02-01,12966278676
TS,2020,Mar,3,2020-03-01,13359069846
TS,2020,Apr,4,2020-04-01,1993250627
TS,2020,May,5,2020-05-01,3998367142
TS,2020,Jun,6,2020-06-01,9372620600
TS,2020,Jul,7,2020-07-01,10249066610
TS,2020,Aug,8,2020-08-01,7241865350
TS,2020,Sep,9,2020-09-01,9070915313
TS,2020,Oct,10,2020-10-01,12515314786
TS,2020,Nov,11,2020-11-01,9972609693
TS,2020,Dec,12,2020-12-01,12194614188
TS,2021,Jan,1,2021-01-01,13234984775
TS,2021,Feb,2,2021-02-01,11779486665
TS,2021,Mar,3,2021-03-01,18793624257
TS,2021,Apr,4,2021-04-01,12393151256
TS,2021,May,5,2021-05-01,4394281295
TS,2021,Jun,6,2021-06-01,8349182899
TS,2021,Jul,7,2021-07-01,11294668339
TS,2021,Aug,8,2021-08-01,11042612445
TS,2021,Sep,9,2021-09-01,11129375318
TS,2021,Oct,10,2021-10-01,13255172901
TS,2021,Nov,11,2021-11-01,12909854594
TS,2021,Dec,12,2021-12-01,12861676801
TS,2022,Jan,1,2022-01-01,15430511593
TS,2022,Feb,2,2022-02-01,13613221287
TS,2022,Mar,3,2022-03-01,21469353028
TS,2022,Apr,4,2022-04-01,19970659220
TS,2022,May,5,2022-05-01,13943174263
TS,2022,Jun,6,2022-06-01,12899496942
TS,2022,Jul,7,2022-07-01,16083966460
TS,2022,Aug,8,2022-08-01,13566630358
TS,2022,Sep,9,2022-09-01,13181518450
TS,2022,Oct,10,2022-10-01,16323567138
TS,2022,Nov,11,2022-11-01,15498288169
TS,2022,Dec,12,2022-12-01,14180339226
TS,2023,Jan,1,2023-01-01,18054888085
TS,2023,Feb,2,2023-02-01,15378373046
TS,2023,Mar,3,2023-03-01,23778740457
TS,2023,Apr,4,2023-04-01,21008337028
TS,2023,May,5,2023-05-01,15820554147
TS,2023,Jun,6,2023-06-01,13386259218
TS,2023,Jul,7,2023-07-01,17855290160
TS,2023,Aug,8,2023-08-01,15607707307
TS,2023,Sep,9,2023-09-01,14769172912
TS,2023,Oct,10,2023-10-01,20180310655
TS,2023,Nov,11,2023-11-01,16337545537
TS,2023,Dec,12,2023-12-01,16154155435
TS,2024,Jan,1,2024-01-01,21153745791
TS,2024,Feb,2,2024-02-01,18341638709
TS,2024,Mar,3,2024-03-01,25020404135
TS,2024,Apr,4,2024-04-01,27373247895
TS,2024,May,5,2024-05-01,18867328735
TS,2024,Jun,6,2024-06-01,14922177481
TS,2024,Jul,7,2024-07-01,21191506952
TS,2024,Aug,8,2024-08-01,16680025707
TS,2024,Sep,9,2024-09-01,15747974004
TS,2024,Oct,10,2024-10-01,22047542679
TS,2024,Nov,11,2024-11-01,18445584240
TS,2024,Dec,12,2024-12-01,17035610975
TS,2025,Jan,1,2025-01-01,23099435401
TS,2025,Feb,2,2025-02-01,18404432547
TS,2025,Mar,3,2025-03-01,28467710547
TS,2025,Apr,4,2025-04-01,26153787541
TS,2025,May,5,2025-05-01,19252988563
TS,2025,Jun,6,2025-06-01,15952428957
TS,2025,Jul,7,2025-07-01,21880240883
TS,2025,Aug,8,2025-08-01,17806192936
TS,2025,Sep,9,2025-09-01,16839804321
TS,2025,Oct,10,2025-10-01,24329433675
TS,2025,Nov,11,2025-11-01,20800123148
TS,2025,Dec,12,2025-12-01,20338894095
TS,2026,Jan,1,2026-01-01,26682570117
TS,2026,Feb,2,2026-02-01,23360037672
TS,2026,Mar,3,2026-03-01,33278426379
TS,2026,Apr,4,2026-04-01,32201163149
TS,2026,May,5,2026-05-01,22077360114
TS,2026,Jun,6,2026-06-01,19923262739
TS,2026,Jul,7,2026-07-01,24468541975
TS,2026,Aug,8,2026-08-01,4284646254
UK,2010,Jan,1,2010-01-01,42843131
UK,2010,Feb,2,2010-02-01,71855685
UK,2010,Mar,3,2010-03-01,48082178
UK,2010,Apr,4,2010-04-01,97614952
UK,2010,May,5,2010-05-01,41761955
UK,2010,Jun,6,2010-06-01,44935186
UK,2010,Jul,7,2010-07-01,84889164
UK,2010,Aug,8,2010-08-01,33301885
UK,2010,Sep,9,2010-09-01,36331543
UK,2010,Oct,10,2010-10-01,96686566
UK,2010,Nov,11,2010-11-01,45634224
UK,2010,Dec,12,2010-12-01,47788186
UK,2011,Jan,1,2011-01-01,107816994
UK,2011,Feb,2,2011-02-01,40469441
UK,2011,Mar,3,2011-03-01,51119876
UK,2011,Apr,4,2011-04-01,111038485
UK,2011,May,5,2011-05-01,47433310
UK,2011,Jun,6,2011-06-01,49439234
UK,2011,Jul,7,2011-07-01,99608212
UK,2011,Aug,8,2011-08-01,33201069
UK,2011,Sep,9,2011-09-01,54221159
UK,2011,Oct,10,2011-10-01,127750714
UK,2011,Nov,11,2011-11-01,45132588
UK,2011,Dec,12,2011-12-01,59177223
UK,2012,Jan,1,2012-01-01,127956635
UK,2012,Feb,2,2012-02-01,52275902
UK,2012,Mar,3,2012-03-01,63408657
UK,2012,Apr,4,2012-04-01,127353082
UK,2012,May,5,2012-05-01,55314100
UK,2012,Jun,6,2012-06-01,55276363
UK,2012,Jul,7,2012-07-01,111492352
UK,2012,Aug,8,2012-08-01,38955231
UK,2012,Sep,9,2012-09-01,47743224
UK,2012,Oct,10,2012-10-01,120738737
UK,2012,Nov,11,2012-11-01,45529014
UK,2012,Dec,12,2012-12-01,42069360
UK,2013,Jan,1,2013-01-01,202491728
UK,2013,Feb,2,2013-02-01,111645021
UK,2013,Mar,3,2013-03-01,92363759
UK,2013,Apr,4,2013-04-01,168879189
UK,2013,May,5,2013-05-01,76349743
UK,2013,Jun,6,2013-06-01,73294541
UK,2013,Jul,7,2013-07-01,131055970
UK,2013,Aug,8,2013-08-01,45583513
UK,2013,Sep,9,2013-09-01,61856337
UK,2013,Oct,10,2013-10-01,140890979
UK,2013,Nov,11,2013-11-01,84113314
UK,2013,Dec,12,2013-12-01,105612981
UK,2014,Jan,1,2014-01-01,194492608
UK,2014,Feb,2,2014-02-01,74671542
UK,2014,Mar,3,2014-03-01,79735733
UK,2014,Apr,4,2014-04-01,158653907
UK,2014,May,5,2014-05-01,88562373
UK,2014,Jun,6,2014-06-01,67338519
UK,2014,Jul,7,2014-07-01,123382072
UK,2014,Aug,8,2014-08-01,57756586
UK,2014,Sep,9,2014-09-01,74885049
UK,2014,Oct,10,2014-10-01,121379540
UK,2014,Nov,11,2014-11-01,106082908
UK,2014,Dec,12,2014-12-01,108276331
UK,2015,Jan,1,2015-01-01,169425110
UK,2015,Feb,2,2015-02-01,88811816
UK,2015,Mar,3,2015-03-01,98211374
UK,2015,Apr,4,2015-04-01,148198145
UK,2015,May,5,2015-05-01,86582683
UK,2015,Jun,6,2015-06-01,85483409
UK,2015,Jul,7,2015-07-01,135125526
UK,2015,Aug,8,2015-08-01,71012730
UK,2015,Sep,9,2015-09-01,85743669
UK,2015,Oct,10,2015-10-01,145297307
UK,2015,Nov,11,2015-11-01,84441103
UK,2015,Dec,12,2015-12-01,120342789
UK,2016,Jan,1,2016-01-01,167879317
UK,2016,Feb,2,2016-02-01,92008608
UK,2016,Mar,3,2016-03-01,100425594
UK,2016,Apr,4,2016-04-01,152343986
UK,2016,May,5,2016-05-01,102635357
UK,2016,Jun,6,2016-06-01,99774539
UK,2016,Jul,7,2016-07-01,135078294
UK,2016,Aug,8,2016-08-01,82922927
UK,2016,Sep,9,2016-09-01,101997336
UK,2016,Oct,10,2016-10-01,141795856
UK,2016,Nov,11,2016-11-01,124839714
UK,2016,Dec,12,2016-12-01,108431490
UK,2017,Jan,1,2017-01-01,183542491
UK,2017,Feb,2,2017-02-01,108259619
UK,2017,Mar,3,2017-03-01,157412244
UK,2017,Apr,4,2017-04-01,192392633
UK,2017,May,5,2017-05-01,150247405
UK,2017,Jun,6,2017-06-01,113602536
UK,2017,Jul,7,2017-07-01,168125237
UK,2017,Aug,8,2017-08-01,104493428
UK,2017,Sep,9,2017-09-01,116810956
UK,2017,Oct,10,2017-10-01,192754355
UK,2017,Nov,11,2017-11-01,162665197
UK,2017,Dec,12,2017-12-01,159802930
UK,2018,Jan,1,2018-01-01,216540725
UK,2018,Feb,2,2018-02-01,145410139
UK,2018,Mar,3,2018-03-01,154508102
UK,2018,Apr,4,2018-04-01,213318197
UK,2018,May,5,2018-05-01,166638176
UK,2018,Jun,6,2018-06-01,132979747
UK,2018,Jul,7,2018-07-01,187980007
UK,2018,Aug,8,2018-08-01,122348766
UK,2018,Sep,9,2018-09-01,137656359
UK,2018,Oct,10,2018-10-01,206698610
UK,2018,Nov,11,2018-11-01,179905809
UK,2018,Dec,12,2018-12-01,196583720
UK,2019,Jan,1,2019-01-01,245590054
UK,2019,Feb,2,2019-02-01,180675239
UK,2019,Mar,3,2019-03-01,177806226
UK,2019,Apr,4,2019-04-01,227270598
UK,2019,May,5,2019-05-01,187202705
UK,2019,Jun,6,2019-06-01,147210249
UK,2019,Jul,7,2019-07-01,217489692
UK,2019,Aug,8,2019-08-01,157945429
UK,2019,Sep,9,2019-09-01,172329400
UK,2019,Oct,10,2019-10-01,206262617
UK,2019,Nov,11,2019-11-01,211118309
UK,2019,Dec,12,2019-12-01,174131191
UK,2020,Jan,1,2020-01-01,235420858
UK,2020,Feb,2,2020-02-01,181023478
UK,2020,Mar,3,2020-03-01,106360507
UK,2020,Apr,4,2020-04-01,15926311
UK,2020,May,5,2020-05-01,23012373
UK,2020,Jun,6,2020-06-01,69293353
UK,2020,Jul,7,2020-07-01,147108929
UK,2020,Aug,8,2020-08-01,116039492
UK,2020,Sep,9,2020-09-01,129131130
UK,2020,Oct,10,2020-10-01,169785485
UK,2020,Nov,11,2020-11-01,149916839
UK,2020,Dec,12,2020-12-01,194407423
UK,2021,Jan,1,2021-01-01,201481561
UK,2021,Feb,2,2021-02-01,171214789
UK,2021,Mar,3,2021-03-01,192243411
UK,2021,Apr,4,2021-04-01,150951584
UK,2021,May,5,2021-05-01,46238882
UK,2021,Jun,6,2021-06-01,84602248
UK,2021,Jul,7,2021-07-01,191785899
UK,2021,Aug,8,2021-08-01,183106717
UK,2021,Sep,9,2021-09-01,191620690
UK,2021,Oct,10,2021-10-01,210686799
UK,2021,Nov,11,2021-11-01,148587773
UK,2021,Dec,12,2021-12-01,216724282
UK,2022,Jan,1,2022-01-01,195220489
UK,2022,Feb,2,2022-02-01,139831973
UK,2022,Mar,3,2022-03-01,203245800
UK,2022,Apr,4,2022-04-01,241085913
UK,2022,May,5,2022-05-01,215408325
UK,2022,Jun,6,2022-06-01,182028797
UK,2022,Jul,7,2022-07-01,218921457
UK,2022,Aug,8,2022-08-01,191375092
UK,2022,Sep,9,2022-09-01,207752380
UK,2022,Oct,10,2022-10-01,224892432
UK,2022,Nov,11,2022-11-01,227187248
UK,2022,Dec,12,2022-12-01,237878036
UK,2023,Jan,1,2023-01-01,291520132
UK,2023,Feb,2,2023-02-01,249313350
UK,2023,Mar,3,2023-03-01,305275479
UK,2023,Apr,4,2023-04-01,294978781
UK,2023,May,5,2023-05-01,239092980
UK,2023,Jun,6,2023-06-01,220435628
UK,2023,Jul,7,2023-07-01,254734170
UK,2023,Aug,8,2023-08-01,218870048
UK,2023,Sep,9,2023-09-01,246482645
UK,2023,Oct,10,2023-10-01,268435087
UK,2023,Nov,11,2023-11-01,218940618
UK,2023,Dec,12,2023-12-01,262799161
UK,2024,Jan,1,2024-01-01,319623759
UK,2024,Feb,2,2024-02-01,245559846
UK,2024,Mar,3,2024-03-01,260101911
UK,2024,Apr,4,2024-04-01,290076126
UK,2024,May,5,2024-05-01,316620439
UK,2024,Jun,6,2024-06-01,224358557
UK,2024,Jul,7,2024-07-01,275361554
UK,2024,Aug,8,2024-08-01,237671023
UK,2024,Sep,9,2024-09-01,258067749
UK,2024,Oct,10,2024-10-01,286934572
UK,2024,Nov,11,2024-11-01,261735396
UK,2024,Dec,12,2024-12-01,274926665
UK,2025,Jan,1,2025-01-01,333971935
UK,2025,Feb,2,2025-02-01,252930941
UK,2025,Mar,3,2025-03-01,278242613
UK,2025,Apr,4,2025-04-01,339395111
UK,2025,May,5,2025-05-01,301280327
UK,2025,Jun,6,2025-06-01,262207064
UK,2025,Jul,7,2025-07-01,273435824
UK,2025,Aug,8,2025-08-01,234741103
UK,2025,Sep,9,2025-09-01,278388065
UK,2025,Oct,10,2025-10-01,301724010
UK,2025,Nov,11,2025-11-01,269274069
UK,2025,Dec,12,2025-12-01,321820261
UK,2026,Jan,1,2026-01-01,353408151
UK,2026,Feb,2,2026-02-01,300762155
UK,2026,Mar,3,2026-03-01,303809205
UK,2026,Apr,4,2026-04-01,380048627
UK,2026,May,5,2026-05-01,304595118
UK,2026,Jun,6,2026-06-01,280458750
UK,2026,Jul,7,2026-07-01,312149883
UK,2026,Aug,8,2026-08-01,81427557
UP,2010,Jan,1,2010-01-01,156256282
UP,2010,Feb,2,2010-02-01,66541376
UP,2010,Mar,3,2010-03-01,91598739
UP,2010,Apr,4,2010-04-01,156435066
UP,2010,May,5,2010-05-01,84308304
UP,2010,Jun,6,2010-06-01,99385989
UP,2010,Jul,7,2010-07-01,230617092
UP,2010,Aug,8,2010-08-01,131706700
UP,2010,Sep,9,2010-09-01,159083263
UP,2010,Oct,10,2010-10-01,293804203
UP,2010,Nov,11,2010-11-01,175986670
UP,2010,Dec,12,2010-12-01,279484303
UP,2011,Jan,1,2011-01-01,533343753
UP,2011,Feb,2,2011-02-01,250910938
UP,2011,Mar,3,2011-03-01,315995271
UP,2011,Apr,4,2011-04-01,568523532
UP,2011,May,5,2011-05-01,249785399
UP,2011,Jun,6,2011-06-01,293383588
UP,2011,Jul,7,2011-07-01,598153863
UP,2011,Aug,8,2011-08-01,270034766
UP,2011,Sep,9,2011-09-01,367716596
UP,2011,Oct,10,2011-10-01,600492124
UP,2011,Nov,11,2011-11-01,331381794
UP,2011,Dec,12,2011-12-01,455074481
UP,2012,Jan,1,2012-01-01,738021949
UP,2012,Feb,2,2012-02-01,325039524
UP,2012,Mar,3,2012-03-01,440609319
UP,2012,Apr,4,2012-04-01,703206162
UP,2012,May,5,2012-05-01,415722670
UP,2012,Jun,6,2012-06-01,434630453
UP,2012,Jul,7,2012-07-01,719425745
UP,2012,Aug,8,2012-08-01,416145475
UP,2012,Sep,9,2012-09-01,503241237
UP,2012,Oct,10,2012-10-01,840114739
UP,2012,Nov,11,2012-11-01,494481945
UP,2012,Dec,12,2012-12-01,657366341
UP,2013,Jan,1,2013-01-01,1027164837
UP,2013,Feb,2,2013-02-01,541938799
UP,2013,Mar,3,2013-03-01,601090693
UP,2013,Apr,4,2013-04-01,947641036
UP,2013,May,5,2013-05-01,533229491
UP,2013,Jun,6,2013-06-01,545811265
UP,2013,Jul,7,2013-07-01,920178552
UP,2013,Aug,8,2013-08-01,517751664
UP,2013,Sep,9,2013-09-01,624331172
UP,2013,Oct,10,2013-10-01,897094485
UP,2013,Nov,11,2013-11-01,476437487
UP,2013,Dec,12,2013-12-01,767567049
UP,2014,Jan,1,2014-01-01,1031399166
UP,2014,Feb,2,2014-02-01,559032294
UP,2014,Mar,3,2014-03-01,650570313
UP,2014,Apr,4,2014-04-01,887715797
UP,2014,May,5,2014-05-01,581458508
UP,2014,Jun,6,2014-06-01,617753569
UP,2014,Jul,7,2014-07-01,918163365
UP,2014,Aug,8,2014-08-01,580909055
UP,2014,Sep,9,2014-09-01,661121859
UP,2014,Oct,10,2014-10-01,876687500
UP,2014,Nov,11,2014-11-01,622569220
UP,2014,Dec,12,2014-12-01,764443296
UP,2015,Jan,1,2015-01-01,1000275675
UP,2015,Feb,2,2015-02-01,635489616
UP,2015,Mar,3,2015-03-01,731248101
UP,2015,Apr,4,2015-04-01,978198692
UP,2015,May,5,2015-05-01,627600452
UP,2015,Jun,6,2015-06-01,710300139
UP,2015,Jul,7,2015-07-01,997798214
UP,2015,Aug,8,2015-08-01,652094039
UP,2015,Sep,9,2015-09-01,740244298
UP,2015,Oct,10,2015-10-01,977462849
UP,2015,Nov,11,2015-11-01,677298964
UP,2015,Dec,12,2015-12-01,944303026
UP,2016,Jan,1,2016-01-01,1230054266
UP,2016,Feb,2,2016-02-01,818971926
UP,2016,Mar,3,2016-03-01,898895929
UP,2016,Apr,4,2016-04-01,1057771174
UP,2016,May,5,2016-05-01,804995201
UP,2016,Jun,6,2016-06-01,825765939
UP,2016,Jul,7,2016-07-01,990120405
UP,2016,Aug,8,2016-08-01,705887657
UP,2016,Sep,9,2016-09-01,793947558
UP,2016,Oct,10,2016-10-01,988007354
UP,2016,Nov,11,2016-11-01,1009865936
UP,2016,Dec,12,2016-12-01,682646766
UP,2017,Jan,1,2017-01-01,1120249280
UP,2017,Feb,2,2017-02-01,911202678
UP,2017,Mar,3,2017-03-01,1255949784
UP,2017,Apr,4,2017-04-01,1227410565
UP,2017,May,5,2017-05-01,1007527741
UP,2017,Jun,6,2017-06-01,1021045851
UP,2017,Jul,7,2017-07-01,1328290014
UP,2017,Aug,8,2017-08-01,1110280765
UP,2017,Sep,9,2017-09-01,1055375888
UP,2017,Oct,10,2017-10-01,1418025658
UP,2017,Nov,11,2017-11-01,1128682814
UP,2017,Dec,12,2017-12-01,1208303181
UP,2018,Jan,1,2018-01-01,1571963405
UP,2018,Feb,2,2018-02-01,1238310407
UP,2018,Mar,3,2018-03-01,1314856061
UP,2018,Apr,4,2018-04-01,1557768857
UP,2018,May,5,2018-05-01,1417378653
UP,2018,Jun,6,2018-06-01,1277892121
UP,2018,Jul,7,2018-07-01,1598599015
UP,2018,Aug,8,2018-08-01,1266057353
UP,2018,Sep,9,2018-09-01,1531574792
UP,2018,Oct,10,2018-10-01,1714486139
UP,2018,Nov,11,2018-11-01,1322259448
UP,2018,Dec,12,2018-12-01,1463072226
UP,2019,Jan,1,2019-01-01,1699757633
UP,2019,Feb,2,2019-02-01,1369975479
UP,2019,Mar,3,2019-03-01,1553222219
UP,2019,Apr,4,2019-04-01,1728214458
UP,2019,May,5,2019-05-01,1411791728
UP,2019,Jun,6,2019-06-01,1297271710
UP,2019,Jul,7,2019-07-01,1587723090
UP,2019,Aug,8,2019-08-01,1334065620
UP,2019,Sep,9,2019-09-01,1376768338
UP,2019,Oct,10,2019-10-01,1517385254
UP,2019,Nov,11,2019-11-01,1454121793
UP,2019,Dec,12,2019-12-01,1396553745
UP,2020,Jan,1,2020-01-01,1678296097
UP,2020,Feb,2,2020-02-01,1477173246
UP,2020,Mar,3,2020-03-01,1161109413
UP,2020,Apr,4,2020-04-01,286834530
UP,2020,May,5,2020-05-01,358534878
UP,2020,Jun,6,2020-06-01,927785831
UP,2020,Jul,7,2020-07-01,1071396364
UP,2020,Aug,8,2020-08-01,991664733
UP,2020,Sep,9,2020-09-01,1204886852
UP,2020,Oct,10,2020-10-01,1344235809
UP,2020,Nov,11,2020-11-01,1070344872
UP,2020,Dec,12,2020-12-01,1398993916
UP,2021,Jan,1,2021-01-01,1409291705
UP,2021,Feb,2,2021-02-01,1244271838
UP,2021,Mar,3,2021-03-01,1593325086
UP,2021,Apr,4,2021-04-01,972524806
UP,2021,May,5,2021-05-01,527285606
UP,2021,Jun,6,2021-06-01,1079318337
UP,2021,Jul,7,2021-07-01,1182936660
UP,2021,Aug,8,2021-08-01,1082154398
UP,2021,Sep,9,2021-09-01,1358659088
UP,2021,Oct,10,2021-10-01,1394807775
UP,2021,Nov,11,2021-11-01,1479741854
UP,2021,Dec,12,2021-12-01,1522683831
UP,2022,Jan,1,2022-01-01,1566151525
UP,2022,Feb,2,2022-02-01,1230956374
UP,2022,Mar,3,2022-03-01,1687730803
UP,2022,Apr,4,2022-04-01,1512038806
UP,2022,May,5,2022-05-01,1367481952
UP,2022,Jun,6,2022-06-01,1398075263
UP,2022,Jul,7,2022-07-01,1826727463
UP,2022,Aug,8,2022-08-01,1644566838
UP,2022,Sep,9,2022-09-01,1666543817
UP,2022,Oct,10,2022-10-01,1550271950
UP,2022,Nov,11,2022-11-01,1621785977
UP,2022,Dec,12,2022-12-01,1625466260
UP,2023,Jan,1,2023-01-01,1854543131
UP,2023,Feb,2,2023-02-01,1704330715
UP,2023,Mar,3,2023-03-01,1908100968
UP,2023,Apr,4,2023-04-01,1709696438
UP,2023,May,5,2023-05-01,1582594244
UP,2023,Jun,6,2023-06-01,1499589757
UP,2023,Jul,7,2023-07-01,1675140561
UP,2023,Aug,8,2023-08-01,1537457106
UP,2023,Sep,9,2023-09-01,1645500500
UP,2023,Oct,10,2023-10-01,1841147450
UP,2023,Nov,11,2023-11-01,1597535340
UP,2023,Dec,12,2023-12-01,1739275945
UP,2024,Jan,1,2024-01-01,1827143833
UP,2024,Feb,2,2024-02-01,1700077393
UP,2024,Mar,3,2024-03-01,1816625508
UP,2024,Apr,4,2024-04-01,1752579385
UP,2024,May,5,2024-05-01,1720188980
UP,2024,Jun,6,2024-06-01,1628240296
UP,2024,Jul,7,2024-07-01,1781426800
UP,2024,Aug,8,2024-08-01,1637150027
UP,2024,Sep,9,2024-09-01,1665150525
UP,2024,Oct,10,2024-10-01,1835380482
UP,2024,Nov,11,2024-11-01,1783603872
UP,2024,Dec,12,2024-12-01,1869324891
UP,2025,Jan,1,2025-01-01,2151321249
UP,2025,Feb,2,2025-02-01,1915933903
UP,2025,Mar,3,2025-03-01,1836950463
UP,2025,Apr,4,2025-04-01,1895439320
UP,2025,May,5,2025-05-01,1715309700
UP,2025,Jun,6,2025-06-01,1568392664
UP,2025,Jul,7,2025-07-01,1866256668
UP,2025,Aug,8,2025-08-01,1530215712
UP,2025,Sep,9,2025-09-01,1573576049
UP,2025,Oct,10,2025-10-01,1902394261
UP,2025,Nov,11,2025-11-01,1758198042
UP,2025,Dec,12,2025-12-01,1819497158
UP,2026,Jan,1,2026-01-01,1927524497
UP,2026,Feb,2,2026-02-01,2501868064
UP,2026,Mar,3,2026-03-01,3637333870
UP,2026,Apr,4,2026-04-01,3771795347
UP,2026,May,5,2026-05-01,2884546113
UP,2026,Jun,6,2026-06-01,2363249165
UP,2026,Jul,7,2026-07-01,2627394816
UP,2026,Aug,8,2026-08-01,427011058
WB,2010,Jan,1,2010-01-01,194953038
WB,2010,Feb,2,2010-02-01,203543296
WB,2010,Mar,3,2010-03-01,234630031
WB,2010,Apr,4,2010-04-01,199122245
WB,2010,May,5,2010-05-01,205356535
WB,2010,Jun,6,2010-06-01,212446987
WB,2010,Jul,7,2010-07-01,220389434
WB,2010,Aug,8,2010-08-01,224214346
WB,2010,Sep,9,2010-09-01,220030961
WB,2010,Oct,10,2010-10-01,203769544
WB,2010,Nov,11,2010-11-01,230332373
WB,2010,Dec,12,2010-12-01,258207100
WB,2011,Jan,1,2011-01-01,260275695
WB,2011,Feb,2,2011-02-01,250800718
WB,2011,Mar,3,2011-03-01,303240425
WB,2011,Apr,4,2011-04-01,238360573
WB,2011,May,5,2011-05-01,267567719
WB,2011,Jun,6,2011-06-01,265007512
WB,2011,Jul,7,2011-07-01,257758092
WB,2011,Aug,8,2011-08-01,270788646
WB,2011,Sep,9,2011-09-01,310159979
WB,2011,Oct,10,2011-10-01,213583580
WB,2011,Nov,11,2011-11-01,296525195
WB,2011,Dec,12,2011-12-01,304416260
WB,2012,Jan,1,2012-01-01,286995783
WB,2012,Feb,2,2012-02-01,292136196
WB,2012,Mar,3,2012-03-01,317360982
WB,2012,Apr,4,2012-04-01,291225659
WB,2012,May,5,2012-05-01,292733060
WB,2012,Jun,6,2012-06-01,287676351
WB,2012,Jul,7,2012-07-01,296276555
WB,2012,Aug,8,2012-08-01,287488505
WB,2012,Sep,9,2012-09-01,267656069
WB,2012,Oct,10,2012-10-01,286416331
WB,2012,Nov,11,2012-11-01,309357815
WB,2012,Dec,12,2012-12-01,330893153
WB,2013,Jan,1,2013-01-01,338819094
WB,2013,Feb,2,2013-02-01,314441988
WB,2013,Mar,3,2013-03-01,329235506
WB,2013,Apr,4,2013-04-01,361737798
WB,2013,May,5,2013-05-01,327008005
WB,2013,Jun,6,2013-06-01,295685098
WB,2013,Jul,7,2013-07-01,320518351
WB,2013,Aug,8,2013-08-01,303731450
WB,2013,Sep,9,2013-09-01,329450488
WB,2013,Oct,10,2013-10-01,314210198
WB,2013,Nov,11,2013-11-01,316249939
WB,2013,Dec,12,2013-12-01,356203712
WB,2014,Jan,1,2014-01-01,354701749
WB,2014,Feb,2,2014-02-01,329971433
WB,2014,Mar,3,2014-03-01,347318322
WB,2014,Apr,4,2014-04-01,314652994
WB,2014,May,5,2014-05-01,324156131
WB,2014,Jun,6,2014-06-01,332518184
WB,2014,Jul,7,2014-07-01,339553692
WB,2014,Aug,8,2014-08-01,335035345
WB,2014,Sep,9,2014-09-01,358214272
WB,2014,Oct,10,2014-10-01,300419281
WB,2014,Nov,11,2014-11-01,346661388
WB,2014,Dec,12,2014-12-01,394549717
WB,2015,Jan,1,2015-01-01,362133493
WB,2015,Feb,2,2015-02-01,376970823
WB,2015,Mar,3,2015-03-01,399851676
WB,2015,Apr,4,2015-04-01,342189470
WB,2015,May,5,2015-05-01,363087787
WB,2015,Jun,6,2015-06-01,384891290
WB,2015,Jul,7,2015-07-01,381441137
WB,2015,Aug,8,2015-08-01,375068811
WB,2015,Sep,9,2015-09-01,368576884
WB,2015,Oct,10,2015-10-01,340629929
WB,2015,Nov,11,2015-11-01,383023012
WB,2015,Dec,12,2015-12-01,440594190
WB,2016,Jan,1,2016-01-01,389963869
WB,2016,Feb,2,2016-02-01,444275997
WB,2016,Mar,3,2016-03-01,431676468
WB,2016,Apr,4,2016-04-01,357079549
WB,2016,May,5,2016-05-01,433185651
WB,2016,Jun,6,2016-06-01,415491426
WB,2016,Jul,7,2016-07-01,374120366
WB,2016,Aug,8,2016-08-01,428044435
WB,2016,Sep,9,2016-09-01,407661476
WB,2016,Oct,10,2016-10-01,351395462
WB,2016,Nov,11,2016-11-01,453510115
WB,2016,Dec,12,2016-12-01,401637411
WB,2017,Jan,1,2017-01-01,413576139
WB,2017,Feb,2,2017-02-01,416473789
WB,2017,Mar,3,2017-03-01,524060972
WB,2017,Apr,4,2017-04-01,403433938
WB,2017,May,5,2017-05-01,452087370
WB,2017,Jun,6,2017-06-01,417213243
WB,2017,Jul,7,2017-07-01,427520592
WB,2017,Aug,8,2017-08-01,461608129
WB,2017,Sep,9,2017-09-01,405724165
WB,2017,Oct,10,2017-10-01,401949659
WB,2017,Nov,11,2017-11-01,509867455
WB,2017,Dec,12,2017-12-01,491166643
WB,2018,Jan,1,2018-01-01,496792441
WB,2018,Feb,2,2018-02-01,520053081
WB,2018,Mar,3,2018-03-01,528563377
WB,2018,Apr,4,2018-04-01,501485564
WB,2018,May,5,2018-05-01,521697608
WB,2018,Jun,6,2018-06-01,473008333
WB,2018,Jul,7,2018-07-01,548998186
WB,2018,Aug,8,2018-08-01,562142065
WB,2018,Sep,9,2018-09-01,482303728
WB,2018,Oct,10,2018-10-01,482449690
WB,2018,Nov,11,2018-11-01,548259638
WB,2018,Dec,12,2018-12-01,592838408
WB,2019,Jan,1,2019-01-01,816479541
WB,2019,Feb,2,2019-02-01,621446297
WB,2019,Mar,3,2019-03-01,599514358
WB,2019,Apr,4,2019-04-01,539606316
WB,2019,May,5,2019-05-01,542686161
WB,2019,Jun,6,2019-06-01,535839433
WB,2019,Jul,7,2019-07-01,659429308
WB,2019,Aug,8,2019-08-01,585612752
WB,2019,Sep,9,2019-09-01,626979521
WB,2019,Oct,10,2019-10-01,422405107
WB,2019,Nov,11,2019-11-01,656475732
WB,2019,Dec,12,2019-12-01,656922048
WB,2020,Jan,1,2020-01-01,623473266
WB,2020,Feb,2,2020-02-01,829855767
WB,2020,Mar,3,2020-03-01,598609631
WB,2020,Apr,4,2020-04-01,40813163
WB,2020,May,5,2020-05-01,156806628
WB,2020,Jun,6,2020-06-01,638069687
WB,2020,Jul,7,2020-07-01,532833903
WB,2020,Aug,8,2020-08-01,585613138
WB,2020,Sep,9,2020-09-01,667145648
WB,2020,Oct,10,2020-10-01,445889010
WB,2020,Nov,11,2020-11-01,556681424
WB,2020,Dec,12,2020-12-01,702815908
WB,2021,Jan,1,2021-01-01,618954171
WB,2021,Feb,2,2021-02-01,604977220
WB,2021,Mar,3,2021-03-01,656880332
WB,2021,Apr,4,2021-04-01,380093393
WB,2021,May,5,2021-05-01,233201236
WB,2021,Jun,6,2021-06-01,428318525
WB,2021,Jul,7,2021-07-01,647242754
WB,2021,Aug,8,2021-08-01,647240014
WB,2021,Sep,9,2021-09-01,538341131
WB,2021,Oct,10,2021-10-01,298464476
WB,2021,Nov,11,2021-11-01,473456430
WB,2021,Dec,12,2021-12-01,782465689
WB,2022,Jan,1,2022-01-01,693503733
WB,2022,Feb,2,2022-02-01,817922737
WB,2022,Mar,3,2022-03-01,932658452
WB,2022,Apr,4,2022-04-01,837410097
WB,2022,May,5,2022-05-01,816992966
WB,2022,Jun,6,2022-06-01,842938181
WB,2022,Jul,7,2022-07-01,791055289
WB,2022,Aug,8,2022-08-01,793351740
WB,2022,Sep,9,2022-09-01,815389368
WB,2022,Oct,10,2022-10-01,573740515
WB,2022,Nov,11,2022-11-01,921691816
WB,2022,Dec,12,2022-12-01,897485570
WB,2023,Jan,1,2023-01-01,865768959
WB,2023,Feb,2,2023-02-01,935141458
WB,2023,Mar,3,2023-03-01,980552314
WB,2023,Apr,4,2023-04-01,817019417
WB,2023,May,5,2023-05-01,897263922
WB,2023,Jun,6,2023-06-01,796698365
WB,2023,Jul,7,2023-07-01,834554451
WB,2023,Aug,8,2023-08-01,891698332
WB,2023,Sep,9,2023-09-01,851476280
WB,2023,Oct,10,2023-10-01,804511052
WB,2023,Nov,11,2023-11-01,885584578
WB,2023,Dec,12,2023-12-01,941670318
WB,2024,Jan,1,2024-01-01,1292130188
WB,2024,Feb,2,2024-02-01,1132095577
WB,2024,Mar,3,2024-03-01,1013459505
WB,2024,Apr,4,2024-04-01,806931256
WB,2024,May,5,2024-05-01,822383406
WB,2024,Jun,6,2024-06-01,804960052
WB,2024,Jul,7,2024-07-01,924547870
WB,2024,Aug,8,2024-08-01,849278046
WB,2024,Sep,9,2024-09-01,861960486
WB,2024,Oct,10,2024-10-01,776018226
WB,2024,Nov,11,2024-11-01,888478256
WB,2024,Dec,12,2024-12-01,959469576
WB,2025,Jan,1,2025-01-01,973824669
WB,2025,Feb,2,2025-02-01,908215286
WB,2025,Mar,3,2025-03-01,976101059
WB,2025,Apr,4,2025-04-01,934985138
WB,2025,May,5,2025-05-01,941920714
WB,2025,Jun,6,2025-06-01,859308908
WB,2025,Jul,7,2025-07-01,935309364
WB,2025,Aug,8,2025-08-01,891839638
WB,2025,Sep,9,2025-09-01,880106969
WB,2025,Oct,10,2025-10-01,822810987
WB,2025,Nov,11,2025-11-01,1044489756
WB,2025,Dec,12,2025-12-01,1148448646
WB,2026,Jan,1,2026-01-01,1073231539
WB,2026,Feb,2,2026-02-01,1111262480
WB,2026,Mar,3,2026-03-01,1068634025
WB,2026,Apr,4,2026-04-01,959927773
WB,2026,May,5,2026-05-01,926745125
WB,2026,Jun,6,2026-06-01,1080564934
WB,2026,Jul,7,2026-07-01,1097565135
WB,2026,Aug,8,2026-08-01,244221466
