State,Year,Month,MonthNum,Date,EV_Transactions
AN,2010,Jan,1,2010-01-01,561
AN,2010,Feb,2,2010-02-01,694
AN,2010,Mar,3,2010-03-01,1385
AN,2010,Apr,4,2010-04-01,967
AN,2010,May,5,2010-05-01,698
AN,2010,Jun,6,2010-06-01,653
AN,2010,Jul,7,2010-07-01,716
AN,2010,Aug,8,2010-08-01,761
AN,2010,Sep,9,2010-09-01,672
AN,2010,Oct,10,2010-10-01,660
AN,2010,Nov,11,2010-11-01,633
AN,2010,Dec,12,2010-12-01,752
AN,2011,Jan,1,2011-01-01,628
AN,2011,Feb,2,2011-02-01,765
AN,2011,Mar,3,2011-03-01,1487
AN,2011,Apr,4,2011-04-01,967
AN,2011,May,5,2011-05-01,723
AN,2011,Jun,6,2011-06-01,645
AN,2011,Jul,7,2011-07-01,798
AN,2011,Aug,8,2011-08-01,779
AN,2011,Sep,9,2011-09-01,753
AN,2011,Oct,10,2011-10-01,692
AN,2011,Nov,11,2011-11-01,774
AN,2011,Dec,12,2011-12-01,710
AN,2012,Jan,1,2012-01-01,776
AN,2012,Feb,2,2012-02-01,860
AN,2012,Mar,3,2012-03-01,1529
AN,2012,Apr,4,2012-04-01,902
AN,2012,May,5,2012-05-01,872
AN,2012,Jun,6,2012-06-01,929
AN,2012,Jul,7,2012-07-01,968
AN,2012,Aug,8,2012-08-01,744
AN,2012,Sep,9,2012-09-01,833
AN,2012,Oct,10,2012-10-01,877
AN,2012,Nov,11,2012-11-01,560
AN,2012,Dec,12,2012-12-01,585
AN,2013,Jan,1,2013-01-01,787
AN,2013,Feb,2,2013-02-01,817
AN,2013,Mar,3,2013-03-01,1325
AN,2013,Apr,4,2013-04-01,1261
AN,2013,May,5,2013-05-01,771
AN,2013,Jun,6,2013-06-01,704
AN,2013,Jul,7,2013-07-01,960
AN,2013,Aug,8,2013-08-01,897
AN,2013,Sep,9,2013-09-01,935
AN,2013,Oct,10,2013-10-01,1056
AN,2013,Nov,11,2013-11-01,628
AN,2013,Dec,12,2013-12-01,830
AN,2014,Jan,1,2014-01-01,745
AN,2014,Feb,2,2014-02-01,855
AN,2014,Mar,3,2014-03-01,1399
AN,2014,Apr,4,2014-04-01,994
AN,2014,May,5,2014-05-01,998
AN,2014,Jun,6,2014-06-01,677
AN,2014,Jul,7,2014-07-01,988
AN,2014,Aug,8,2014-08-01,780
AN,2014,Sep,9,2014-09-01,1155
AN,2014,Oct,10,2014-10-01,1048
AN,2014,Nov,11,2014-11-01,1059
AN,2014,Dec,12,2014-12-01,1140
AN,2015,Jan,1,2015-01-01,891
AN,2015,Feb,2,2015-02-01,1152
AN,2015,Mar,3,2015-03-01,1714
AN,2015,Apr,4,2015-04-01,1230
AN,2015,May,5,2015-05-01,976
AN,2015,Jun,6,2015-06-01,1152
AN,2015,Jul,7,2015-07-01,1178
AN,2015,Aug,8,2015-08-01,966
AN,2015,Sep,9,2015-09-01,1220
AN,2015,Oct,10,2015-10-01,1183
AN,2015,Nov,11,2015-11-01,1128
AN,2015,Dec,12,2015-12-01,1250
AN,2016,Jan,1,2016-01-01,980
AN,2016,Feb,2,2016-02-01,1222
AN,2016,Mar,3,2016-03-01,1731
AN,2016,Apr,4,2016-04-01,1375
AN,2016,May,5,2016-05-01,937
AN,2016,Jun,6,2016-06-01,1320
AN,2016,Jul,7,2016-07-01,1006
AN,2016,Aug,8,2016-08-01,1440
AN,2016,Sep,9,2016-09-01,1258
AN,2016,Oct,10,2016-10-01,1439
AN,2016,Nov,11,2016-11-01,1223
AN,2016,Dec,12,2016-12-01,1197
AN,2017,Jan,1,2017-01-01,1338
AN,2017,Feb,2,2017-02-01,1601
AN,2017,Mar,3,2017-03-01,2359
AN,2017,Apr,4,2017-04-01,1420
AN,2017,May,5,2017-05-01,1326
AN,2017,Jun,6,2017-06-01,1516
AN,2017,Jul,7,2017-07-01,1498
AN,2017,Aug,8,2017-08-01,2009
AN,2017,Sep,9,2017-09-01,1505
AN,2017,Oct,10,2017-10-01,1920
AN,2017,Nov,11,2017-11-01,1458
AN,2017,Dec,12,2017-12-01,1353
AN,2018,Jan,1,2018-01-01,1535
AN,2018,Feb,2,2018-02-01,1680
AN,2018,Mar,3,2018-03-01,2074
AN,2018,Apr,4,2018-04-01,1666
AN,2018,May,5,2018-05-01,1402
AN,2018,Jun,6,2018-06-01,1328
AN,2018,Jul,7,2018-07-01,1564
AN,2018,Aug,8,2018-08-01,1535
AN,2018,Sep,9,2018-09-01,1443
AN,2018,Oct,10,2018-10-01,1669
AN,2018,Nov,11,2018-11-01,1418
AN,2018,Dec,12,2018-12-01,1573
AN,2019,Jan,1,2019-01-01,1669
AN,2019,Feb,2,2019-02-01,1613
AN,2019,Mar,3,2019-03-01,1897
AN,2019,Apr,4,2019-04-01,1693
AN,2019,May,5,2019-05-01,1182
AN,2019,Jun,6,2019-06-01,1056
AN,2019,Jul,7,2019-07-01,1651
AN,2019,Aug,8,2019-08-01,1251
AN,2019,Sep,9,2019-09-01,1172
AN,2019,Oct,10,2019-10-01,1488
AN,2019,Nov,11,2019-11-01,1561
AN,2019,Dec,12,2019-12-01,1365
AN,2020,Jan,1,2020-01-01,1274
AN,2020,Feb,2,2020-02-01,1203
AN,2020,Mar,3,2020-03-01,985
AN,2020,Apr,4,2020-04-01,184
AN,2020,May,5,2020-05-01,357
AN,2020,Jun,6,2020-06-01,1385
AN,2020,Jul,7,2020-07-01,1112
AN,2020,Aug,8,2020-08-01,12
AN,2020,Sep,9,2020-09-01,342
AN,2020,Oct,10,2020-10-01,1069
AN,2020,Nov,11,2020-11-01,1320
AN,2020,Dec,12,2020-12-01,2451
AN,2021,Jan,1,2021-01-01,1523
AN,2021,Feb,2,2021-02-01,1721
AN,2021,Mar,3,2021-03-01,2955
AN,2021,Apr,4,2021-04-01,1494
AN,2021,May,5,2021-05-01,57
AN,2021,Jun,6,2021-06-01,75
AN,2021,Jul,7,2021-07-01,696
AN,2021,Aug,8,2021-08-01,977
AN,2021,Sep,9,2021-09-01,1698
AN,2021,Oct,10,2021-10-01,1757
AN,2021,Nov,11,2021-11-01,3009
AN,2021,Dec,12,2021-12-01,3427
AN,2022,Jan,1,2022-01-01,2437
AN,2022,Feb,2,2022-02-01,1643
AN,2022,Mar,3,2022-03-01,2155
AN,2022,Apr,4,2022-04-01,1527
AN,2022,May,5,2022-05-01,1079
AN,2022,Jun,6,2022-06-01,1586
AN,2022,Jul,7,2022-07-01,1315
AN,2022,Aug,8,2022-08-01,1283
AN,2022,Sep,9,2022-09-01,1492
AN,2022,Oct,10,2022-10-01,1815
AN,2022,Nov,11,2022-11-01,2018
AN,2022,Dec,12,2022-12-01,2288
AN,2023,Jan,1,2023-01-01,2503
AN,2023,Feb,2,2023-02-01,2238
AN,2023,Mar,3,2023-03-01,3291
AN,2023,Apr,4,2023-04-01,1899
AN,2023,May,5,2023-05-01,1583
AN,2023,Jun,6,2023-06-01,1541
AN,2023,Jul,7,2023-07-01,1873
AN,2023,Aug,8,2023-08-01,2164
AN,2023,Sep,9,2023-09-01,1822
AN,2023,Oct,10,2023-10-01,2231
AN,2023,Nov,11,2023-11-01,2549
AN,2023,Dec,12,2023-12-01,2996
AN,2024,Jan,1,2024-01-01,2728
AN,2024,Feb,2,2024-02-01,2359
AN,2024,Mar,3,2024-03-01,2269
AN,2024,Apr,4,2024-04-01,1982
AN,2024,May,5,2024-05-01,1688
AN,2024,Jun,6,2024-06-01,1225
AN,2024,Jul,7,2024-07-01,1704
AN,2024,Aug,8,2024-08-01,1768
AN,2024,Sep,9,2024-09-01,1795
AN,2024,Oct,10,2024-10-01,1931
AN,2024,Nov,11,2024-11-01,2388
AN,2024,Dec,12,2024-12-01,2454
AN,2025,Jan,1,2025-01-01,2268
AN,2025,Feb,2,2025-02-01,2106
AN,2025,Mar,3,2025-03-01,2461
AN,2025,Apr,4,2025-04-01,1988
AN,2025,May,5,2025-05-01,1576
AN,2025,Jun,6,2025-06-01,1474
AN,2025,Jul,7,2025-07-01,2252
AN,2025,Aug,8,2025-08-01,1876
AN,2025,Sep,9,2025-09-01,2142
AN,2025,Oct,10,2025-10-01,2288
AN,2025,Nov,11,2025-11-01,2256
AN,2025,Dec,12,2025-12-01,2981
AN,2026,Jan,1,2026-01-01,2546
AN,2026,Feb,2,2026-02-01,2552
AN,2026,Mar,3,2026-03-01,2675
AN,2026,Apr,4,2026-04-01,1974
AN,2026,May,5,2026-05-01,1604
AN,2026,Jun,6,2026-06-01,1973
AN,2026,Jul,7,2026-07-01,2342
AN,2026,Aug,8,2026-08-01,436
AN,2026,Sep,9,2026-09-01,3472
AN,2026,Oct,10,2026-10-01,3257
AN,2026,Nov,11,2026-11-01,3727
AN,2026,Dec,12,2026-12-01,3090
AP,2010,Jan,1,2010-01-01,304100
AP,2010,Feb,2,2010-02-01,44676
AP,2010,Mar,3,2010-03-01,38776
AP,2010,Apr,4,2010-04-01,410518
AP,2010,May,5,2010-05-01,31207
AP,2010,Jun,6,2010-06-01,25385
AP,2010,Jul,7,2010-07-01,316567
AP,2010,Aug,8,2010-08-01,29821
AP,2010,Sep,9,2010-09-01,22250
AP,2010,Oct,10,2010-10-01,346499
AP,2010,Nov,11,2010-11-01,34719
AP,2010,Dec,12,2010-12-01,28571
AP,2011,Jan,1,2011-01-01,327964
AP,2011,Feb,2,2011-02-01,42342
AP,2011,Mar,3,2011-03-01,33928
AP,2011,Apr,4,2011-04-01,451174
AP,2011,May,5,2011-05-01,38141
AP,2011,Jun,6,2011-06-01,27579
AP,2011,Jul,7,2011-07-01,334578
AP,2011,Aug,8,2011-08-01,35589
AP,2011,Sep,9,2011-09-01,26678
AP,2011,Oct,10,2011-10-01,363938
AP,2011,Nov,11,2011-11-01,47715
AP,2011,Dec,12,2011-12-01,26683
AP,2012,Jan,1,2012-01-01,340455
AP,2012,Feb,2,2012-02-01,36286
AP,2012,Mar,3,2012-03-01,28820
AP,2012,Apr,4,2012-04-01,469976
AP,2012,May,5,2012-05-01,39810
AP,2012,Jun,6,2012-06-01,29872
AP,2012,Jul,7,2012-07-01,354626
AP,2012,Aug,8,2012-08-01,39648
AP,2012,Sep,9,2012-09-01,28674
AP,2012,Oct,10,2012-10-01,395235
AP,2012,Nov,11,2012-11-01,40679
AP,2012,Dec,12,2012-12-01,31357
AP,2013,Jan,1,2013-01-01,343227
AP,2013,Feb,2,2013-02-01,58419
AP,2013,Mar,3,2013-03-01,66088
AP,2013,Apr,4,2013-04-01,458991
AP,2013,May,5,2013-05-01,102839
AP,2013,Jun,6,2013-06-01,80027
AP,2013,Jul,7,2013-07-01,319876
AP,2013,Aug,8,2013-08-01,34109
AP,2013,Sep,9,2013-09-01,8045
AP,2013,Oct,10,2013-10-01,332318
AP,2013,Nov,11,2013-11-01,117832
AP,2013,Dec,12,2013-12-01,76685
AP,2014,Jan,1,2014-01-01,329548
AP,2014,Feb,2,2014-02-01,68310
AP,2014,Mar,3,2014-03-01,72715
AP,2014,Apr,4,2014-04-01,442446
AP,2014,May,5,2014-05-01,75771
AP,2014,Jun,6,2014-06-01,62641
AP,2014,Jul,7,2014-07-01,341639
AP,2014,Aug,8,2014-08-01,67448
AP,2014,Sep,9,2014-09-01,49811
AP,2014,Oct,10,2014-10-01,344406
AP,2014,Nov,11,2014-11-01,80834
AP,2014,Dec,12,2014-12-01,60154
AP,2015,Jan,1,2015-01-01,327257
AP,2015,Feb,2,2015-02-01,68559
AP,2015,Mar,3,2015-03-01,58946
AP,2015,Apr,4,2015-04-01,486769
AP,2015,May,5,2015-05-01,75374
AP,2015,Jun,6,2015-06-01,58020
AP,2015,Jul,7,2015-07-01,332147
AP,2015,Aug,8,2015-08-01,60588
AP,2015,Sep,9,2015-09-01,38662
AP,2015,Oct,10,2015-10-01,374446
AP,2015,Nov,11,2015-11-01,71821
AP,2015,Dec,12,2015-12-01,51288
AP,2016,Jan,1,2016-01-01,335290
AP,2016,Feb,2,2016-02-01,77051
AP,2016,Mar,3,2016-03-01,57103
AP,2016,Apr,4,2016-04-01,985928
AP,2016,May,5,2016-05-01,135929
AP,2016,Jun,6,2016-06-01,88369
AP,2016,Jul,7,2016-07-01,383614
AP,2016,Aug,8,2016-08-01,76233
AP,2016,Sep,9,2016-09-01,50909
AP,2016,Oct,10,2016-10-01,406138
AP,2016,Nov,11,2016-11-01,83595
AP,2016,Dec,12,2016-12-01,58959
AP,2017,Jan,1,2017-01-01,377937
AP,2017,Feb,2,2017-02-01,110908
AP,2017,Mar,3,2017-03-01,74895
AP,2017,Apr,4,2017-04-01,1559354
AP,2017,May,5,2017-05-01,156619
AP,2017,Jun,6,2017-06-01,84477
AP,2017,Jul,7,2017-07-01,514432
AP,2017,Aug,8,2017-08-01,89329
AP,2017,Sep,9,2017-09-01,50588
AP,2017,Oct,10,2017-10-01,407776
AP,2017,Nov,11,2017-11-01,85239
AP,2017,Dec,12,2017-12-01,54693
AP,2018,Jan,1,2018-01-01,360256
AP,2018,Feb,2,2018-02-01,76796
AP,2018,Mar,3,2018-03-01,53857
AP,2018,Apr,4,2018-04-01,559617
AP,2018,May,5,2018-05-01,113992
AP,2018,Jun,6,2018-06-01,61614
AP,2018,Jul,7,2018-07-01,673313
AP,2018,Aug,8,2018-08-01,97521
AP,2018,Sep,9,2018-09-01,61552
AP,2018,Oct,10,2018-10-01,511703
AP,2018,Nov,11,2018-11-01,106950
AP,2018,Dec,12,2018-12-01,79882
AP,2019,Jan,1,2019-01-01,365182
AP,2019,Feb,2,2019-02-01,96014
AP,2019,Mar,3,2019-03-01,82015
AP,2019,Apr,4,2019-04-01,587037
AP,2019,May,5,2019-05-01,124999
AP,2019,Jun,6,2019-06-01,89513
AP,2019,Jul,7,2019-07-01,357703
AP,2019,Aug,8,2019-08-01,97954
AP,2019,Sep,9,2019-09-01,74874
AP,2019,Oct,10,2019-10-01,345493
AP,2019,Nov,11,2019-11-01,100736
AP,2019,Dec,12,2019-12-01,72232
AP,2020,Jan,1,2020-01-01,298457
AP,2020,Feb,2,2020-02-01,88055
AP,2020,Mar,3,2020-03-01,54700
AP,2020,Apr,4,2020-04-01,97521
AP,2020,May,5,2020-05-01,120940
AP,2020,Jun,6,2020-06-01,294378
AP,2020,Jul,7,2020-07-01,223686
AP,2020,Aug,8,2020-08-01,57765
AP,2020,Sep,9,2020-09-01,76663
AP,2020,Oct,10,2020-10-01,260847
AP,2020,Nov,11,2020-11-01,99841
AP,2020,Dec,12,2020-12-01,77676
AP,2021,Jan,1,2021-01-01,257274
AP,2021,Feb,2,2021-02-01,79343
AP,2021,Mar,3,2021-03-01,80625
AP,2021,Apr,4,2021-04-01,323783
AP,2021,May,5,2021-05-01,68996
AP,2021,Jun,6,2021-06-01,171208
AP,2021,Jul,7,2021-07-01,203440
AP,2021,Aug,8,2021-08-01,152861
AP,2021,Sep,9,2021-09-01,82332
AP,2021,Oct,10,2021-10-01,266613
AP,2021,Nov,11,2021-11-01,94888
AP,2021,Dec,12,2021-12-01,77610
AP,2022,Jan,1,2022-01-01,248140
AP,2022,Feb,2,2022-02-01,95948
AP,2022,Mar,3,2022-03-01,75102
AP,2022,Apr,4,2022-04-01,529602
AP,2022,May,5,2022-05-01,114320
AP,2022,Jun,6,2022-06-01,75533
AP,2022,Jul,7,2022-07-01,257762
AP,2022,Aug,8,2022-08-01,75154
AP,2022,Sep,9,2022-09-01,66705
AP,2022,Oct,10,2022-10-01,277557
AP,2022,Nov,11,2022-11-01,82295
AP,2022,Dec,12,2022-12-01,59904
AP,2023,Jan,1,2023-01-01,256480
AP,2023,Feb,2,2023-02-01,85900
AP,2023,Mar,3,2023-03-01,74520
AP,2023,Apr,4,2023-04-01,550022
AP,2023,May,5,2023-05-01,122391
AP,2023,Jun,6,2023-06-01,77627
AP,2023,Jul,7,2023-07-01,275036
AP,2023,Aug,8,2023-08-01,84128
AP,2023,Sep,9,2023-09-01,57041
AP,2023,Oct,10,2023-10-01,287580
AP,2023,Nov,11,2023-11-01,76576
AP,2023,Dec,12,2023-12-01,52214
AP,2024,Jan,1,2024-01-01,244121
AP,2024,Feb,2,2024-02-01,98775
AP,2024,Mar,3,2024-03-01,82057
AP,2024,Apr,4,2024-04-01,1073168
AP,2024,May,5,2024-05-01,162162
AP,2024,Jun,6,2024-06-01,109978
AP,2024,Jul,7,2024-07-01,367972
AP,2024,Aug,8,2024-08-01,112598
AP,2024,Sep,9,2024-09-01,83198
AP,2024,Oct,10,2024-10-01,484014
AP,2024,Nov,11,2024-11-01,247157
AP,2024,Dec,12,2024-12-01,286876
AP,2025,Jan,1,2025-01-01,691436
AP,2025,Feb,2,2025-02-01,335386
AP,2025,Mar,3,2025-03-01,341693
AP,2025,Apr,4,2025-04-01,1039756
AP,2025,May,5,2025-05-01,355736
AP,2025,Jun,6,2025-06-01,304665
AP,2025,Jul,7,2025-07-01,812349
AP,2025,Aug,8,2025-08-01,304343
AP,2025,Sep,9,2025-09-01,358991
AP,2025,Oct,10,2025-10-01,782456
AP,2025,Nov,11,2025-11-01,349234
AP,2025,Dec,12,2025-12-01,306037
AP,2026,Jan,1,2026-01-01,736852
AP,2026,Feb,2,2026-02-01,366157
AP,2026,Mar,3,2026-03-01,335266
AP,2026,Apr,4,2026-04-01,1011641
AP,2026,May,5,2026-05-01,316489
AP,2026,Jun,6,2026-06-01,338864
AP,2026,Jul,7,2026-07-01,795225
AP,2026,Aug,8,2026-08-01,86152
AP,2026,Sep,9,2026-09-01,262779
AP,2026,Oct,10,2026-10-01,315645
AP,2026,Nov,11,2026-11-01,301087
AP,2026,Dec,12,2026-12-01,292178
AR,2010,Jan,1,2010-01-01,12
AR,2010,Feb,2,2010-02-01,39
AR,2010,Mar,3,2010-03-01,285
AR,2010,Apr,4,2010-04-01,209
AR,2010,May,5,2010-05-01,200
AR,2010,Jun,6,2010-06-01,240
AR,2010,Jul,7,2010-07-01,215
AR,2010,Aug,8,2010-08-01,271
AR,2010,Sep,9,2010-09-01,137
AR,2010,Oct,10,2010-10-01,184
AR,2010,Nov,11,2010-11-01,337
AR,2010,Dec,12,2010-12-01,168
AR,2011,Jan,1,2011-01-01,210
AR,2011,Feb,2,2011-02-01,217
AR,2011,Mar,3,2011-03-01,332
AR,2011,Apr,4,2011-04-01,218
AR,2011,May,5,2011-05-01,256
AR,2011,Jun,6,2011-06-01,278
AR,2011,Jul,7,2011-07-01,251
AR,2011,Aug,8,2011-08-01,324
AR,2011,Sep,9,2011-09-01,325
AR,2011,Oct,10,2011-10-01,299
AR,2011,Nov,11,2011-11-01,455
AR,2011,Dec,12,2011-12-01,518
AR,2012,Jan,1,2012-01-01,353
AR,2012,Feb,2,2012-02-01,371
AR,2012,Mar,3,2012-03-01,540
AR,2012,Apr,4,2012-04-01,320
AR,2012,May,5,2012-05-01,311
AR,2012,Jun,6,2012-06-01,376
AR,2012,Jul,7,2012-07-01,365
AR,2012,Aug,8,2012-08-01,393
AR,2012,Sep,9,2012-09-01,347
AR,2012,Oct,10,2012-10-01,347
AR,2012,Nov,11,2012-11-01,282
AR,2012,Dec,12,2012-12-01,331
AR,2013,Jan,1,2013-01-01,469
AR,2013,Feb,2,2013-02-01,501
AR,2013,Mar,3,2013-03-01,338
AR,2013,Apr,4,2013-04-01,467
AR,2013,May,5,2013-05-01,372
AR,2013,Jun,6,2013-06-01,309
AR,2013,Jul,7,2013-07-01,391
AR,2013,Aug,8,2013-08-01,448
AR,2013,Sep,9,2013-09-01,377
AR,2013,Oct,10,2013-10-01,318
AR,2013,Nov,11,2013-11-01,381
AR,2013,Dec,12,2013-12-01,493
AR,2014,Jan,1,2014-01-01,512
AR,2014,Feb,2,2014-02-01,365
AR,2014,Mar,3,2014-03-01,587
AR,2014,Apr,4,2014-04-01,352
AR,2014,May,5,2014-05-01,498
AR,2014,Jun,6,2014-06-01,595
AR,2014,Jul,7,2014-07-01,439
AR,2014,Aug,8,2014-08-01,372
AR,2014,Sep,9,2014-09-01,527
AR,2014,Oct,10,2014-10-01,383
AR,2014,Nov,11,2014-11-01,287
AR,2014,Dec,12,2014-12-01,369
AR,2015,Jan,1,2015-01-01,476
AR,2015,Feb,2,2015-02-01,379
AR,2015,Mar,3,2015-03-01,399
AR,2015,Apr,4,2015-04-01,479
AR,2015,May,5,2015-05-01,548
AR,2015,Jun,6,2015-06-01,450
AR,2015,Jul,7,2015-07-01,531
AR,2015,Aug,8,2015-08-01,480
AR,2015,Sep,9,2015-09-01,458
AR,2015,Oct,10,2015-10-01,606
AR,2015,Nov,11,2015-11-01,585
AR,2015,Dec,12,2015-12-01,565
AR,2016,Jan,1,2016-01-01,533
AR,2016,Feb,2,2016-02-01,946
AR,2016,Mar,3,2016-03-01,723
AR,2016,Apr,4,2016-04-01,885
AR,2016,May,5,2016-05-01,768
AR,2016,Jun,6,2016-06-01,747
AR,2016,Jul,7,2016-07-01,775
AR,2016,Aug,8,2016-08-01,805
AR,2016,Sep,9,2016-09-01,1027
AR,2016,Oct,10,2016-10-01,803
AR,2016,Nov,11,2016-11-01,713
AR,2016,Dec,12,2016-12-01,970
AR,2017,Jan,1,2017-01-01,1114
AR,2017,Feb,2,2017-02-01,1263
AR,2017,Mar,3,2017-03-01,1681
AR,2017,Apr,4,2017-04-01,1231
AR,2017,May,5,2017-05-01,905
AR,2017,Jun,6,2017-06-01,1073
AR,2017,Jul,7,2017-07-01,973
AR,2017,Aug,8,2017-08-01,1049
AR,2017,Sep,9,2017-09-01,949
AR,2017,Oct,10,2017-10-01,2346
AR,2017,Nov,11,2017-11-01,853
AR,2017,Dec,12,2017-12-01,1217
AR,2018,Jan,1,2018-01-01,1268
AR,2018,Feb,2,2018-02-01,1259
AR,2018,Mar,3,2018-03-01,1479
AR,2018,Apr,4,2018-04-01,1154
AR,2018,May,5,2018-05-01,1455
AR,2018,Jun,6,2018-06-01,1683
AR,2018,Jul,7,2018-07-01,1333
AR,2018,Aug,8,2018-08-01,1668
AR,2018,Sep,9,2018-09-01,1351
AR,2018,Oct,10,2018-10-01,1497
AR,2018,Nov,11,2018-11-01,1470
AR,2018,Dec,12,2018-12-01,1497
AR,2019,Jan,1,2019-01-01,2071
AR,2019,Feb,2,2019-02-01,2639
AR,2019,Mar,3,2019-03-01,2116
AR,2019,Apr,4,2019-04-01,1401
AR,2019,May,5,2019-05-01,2030
AR,2019,Jun,6,2019-06-01,1782
AR,2019,Jul,7,2019-07-01,2377
AR,2019,Aug,8,2019-08-01,1643
AR,2019,Sep,9,2019-09-01,1685
AR,2019,Oct,10,2019-10-01,1794
AR,2019,Nov,11,2019-11-01,2413
AR,2019,Dec,12,2019-12-01,1992
AR,2020,Jan,1,2020-01-01,2460
AR,2020,Feb,2,2020-02-01,2632
AR,2020,Mar,3,2020-03-01,3113
AR,2020,Apr,4,2020-04-01,653
AR,2020,May,5,2020-05-01,852
AR,2020,Jun,6,2020-06-01,1428
AR,2020,Jul,7,2020-07-01,986
AR,2020,Aug,8,2020-08-01,1287
AR,2020,Sep,9,2020-09-01,1573
AR,2020,Oct,10,2020-10-01,1674
AR,2020,Nov,11,2020-11-01,2171
AR,2020,Dec,12,2020-12-01,2460
AR,2021,Jan,1,2021-01-01,2283
AR,2021,Feb,2,2021-02-01,2096
AR,2021,Mar,3,2021-03-01,2526
AR,2021,Apr,4,2021-04-01,1925
AR,2021,May,5,2021-05-01,1310
AR,2021,Jun,6,2021-06-01,1894
AR,2021,Jul,7,2021-07-01,1791
AR,2021,Aug,8,2021-08-01,2174
AR,2021,Sep,9,2021-09-01,2446
AR,2021,Oct,10,2021-10-01,2568
AR,2021,Nov,11,2021-11-01,2358
AR,2021,Dec,12,2021-12-01,2794
AR,2022,Jan,1,2022-01-01,2601
AR,2022,Feb,2,2022-02-01,4133
AR,2022,Mar,3,2022-03-01,3794
AR,2022,Apr,4,2022-04-01,4162
AR,2022,May,5,2022-05-01,3426
AR,2022,Jun,6,2022-06-01,3167
AR,2022,Jul,7,2022-07-01,2973
AR,2022,Aug,8,2022-08-01,3017
AR,2022,Sep,9,2022-09-01,2591
AR,2022,Oct,10,2022-10-01,2235
AR,2022,Nov,11,2022-11-01,3139
AR,2022,Dec,12,2022-12-01,2698
AR,2023,Jan,1,2023-01-01,2743
AR,2023,Feb,2,2023-02-01,2754
AR,2023,Mar,3,2023-03-01,3681
AR,2023,Apr,4,2023-04-01,2922
AR,2023,May,5,2023-05-01,3608
AR,2023,Jun,6,2023-06-01,3235
AR,2023,Jul,7,2023-07-01,2938
AR,2023,Aug,8,2023-08-01,3849
AR,2023,Sep,9,2023-09-01,3490
AR,2023,Oct,10,2023-10-01,3252
AR,2023,Nov,11,2023-11-01,3286
AR,2023,Dec,12,2023-12-01,3734
AR,2024,Jan,1,2024-01-01,3313
AR,2024,Feb,2,2024-02-01,3706
AR,2024,Mar,3,2024-03-01,4095
AR,2024,Apr,4,2024-04-01,3579
AR,2024,May,5,2024-05-01,5057
AR,2024,Jun,6,2024-06-01,3639
AR,2024,Jul,7,2024-07-01,3496
AR,2024,Aug,8,2024-08-01,3811
AR,2024,Sep,9,2024-09-01,3733
AR,2024,Oct,10,2024-10-01,4358
AR,2024,Nov,11,2024-11-01,3832
AR,2024,Dec,12,2024-12-01,3611
AR,2025,Jan,1,2025-01-01,4228
AR,2025,Feb,2,2025-02-01,4648
AR,2025,Mar,3,2025-03-01,7292
AR,2025,Apr,4,2025-04-01,7431
AR,2025,May,5,2025-05-01,7260
AR,2025,Jun,6,2025-06-01,6782
AR,2025,Jul,7,2025-07-01,7602
AR,2025,Aug,8,2025-08-01,7371
AR,2025,Sep,9,2025-09-01,8156
AR,2025,Oct,10,2025-10-01,9946
AR,2025,Nov,11,2025-11-01,8936
AR,2025,Dec,12,2025-12-01,9586
AR,2026,Jan,1,2026-01-01,9243
AR,2026,Feb,2,2026-02-01,9349
AR,2026,Mar,3,2026-03-01,8481
AR,2026,Apr,4,2026-04-01,7568
AR,2026,May,5,2026-05-01,6140
AR,2026,Jun,6,2026-06-01,5723
AR,2026,Jul,7,2026-07-01,7353
AR,2026,Aug,8,2026-08-01,1577
AR,2026,Sep,9,2026-09-01,13824
AR,2026,Oct,10,2026-10-01,13451
AR,2026,Nov,11,2026-11-01,13542
AR,2026,Dec,12,2026-12-01,13000
AS,2010,Jan,1,2010-01-01,3449
AS,2010,Feb,2,2010-02-01,3510
AS,2010,Mar,3,2010-03-01,4062
AS,2010,Apr,4,2010-04-01,3858
AS,2010,May,5,2010-05-01,3250
AS,2010,Jun,6,2010-06-01,3477
AS,2010,Jul,7,2010-07-01,4365
AS,2010,Aug,8,2010-08-01,3094
AS,2010,Sep,9,2010-09-01,4211
AS,2010,Oct,10,2010-10-01,5225
AS,2010,Nov,11,2010-11-01,3839
AS,2010,Dec,12,2010-12-01,5735
AS,2011,Jan,1,2011-01-01,5357
AS,2011,Feb,2,2011-02-01,5282
AS,2011,Mar,3,2011-03-01,7061
AS,2011,Apr,4,2011-04-01,6912
AS,2011,May,5,2011-05-01,6227
AS,2011,Jun,6,2011-06-01,7833
AS,2011,Jul,7,2011-07-01,9752
AS,2011,Aug,8,2011-08-01,5715
AS,2011,Sep,9,2011-09-01,6137
AS,2011,Oct,10,2011-10-01,5791
AS,2011,Nov,11,2011-11-01,6350
AS,2011,Dec,12,2011-12-01,7881
AS,2012,Jan,1,2012-01-01,8760
AS,2012,Feb,2,2012-02-01,7749
AS,2012,Mar,3,2012-03-01,10289
AS,2012,Apr,4,2012-04-01,9854
AS,2012,May,5,2012-05-01,7082
AS,2012,Jun,6,2012-06-01,9547
AS,2012,Jul,7,2012-07-01,11366
AS,2012,Aug,8,2012-08-01,7555
AS,2012,Sep,9,2012-09-01,10219
AS,2012,Oct,10,2012-10-01,14396
AS,2012,Nov,11,2012-11-01,9754
AS,2012,Dec,12,2012-12-01,11867
AS,2013,Jan,1,2013-01-01,13309
AS,2013,Feb,2,2013-02-01,9788
AS,2013,Mar,3,2013-03-01,12674
AS,2013,Apr,4,2013-04-01,17185
AS,2013,May,5,2013-05-01,10990
AS,2013,Jun,6,2013-06-01,12168
AS,2013,Jul,7,2013-07-01,17457
AS,2013,Aug,8,2013-08-01,9998
AS,2013,Sep,9,2013-09-01,13279
AS,2013,Oct,10,2013-10-01,16359
AS,2013,Nov,11,2013-11-01,12894
AS,2013,Dec,12,2013-12-01,15926
AS,2014,Jan,1,2014-01-01,18961
AS,2014,Feb,2,2014-02-01,13320
AS,2014,Mar,3,2014-03-01,20521
AS,2014,Apr,4,2014-04-01,18213
AS,2014,May,5,2014-05-01,16236
AS,2014,Jun,6,2014-06-01,17536
AS,2014,Jul,7,2014-07-01,21974
AS,2014,Aug,8,2014-08-01,13193
AS,2014,Sep,9,2014-09-01,18394
AS,2014,Oct,10,2014-10-01,17943
AS,2014,Nov,11,2014-11-01,16205
AS,2014,Dec,12,2014-12-01,20801
AS,2015,Jan,1,2015-01-01,24993
AS,2015,Feb,2,2015-02-01,18387
AS,2015,Mar,3,2015-03-01,30400
AS,2015,Apr,4,2015-04-01,26659
AS,2015,May,5,2015-05-01,18890
AS,2015,Jun,6,2015-06-01,22482
AS,2015,Jul,7,2015-07-01,29230
AS,2015,Aug,8,2015-08-01,17466
AS,2015,Sep,9,2015-09-01,18551
AS,2015,Oct,10,2015-10-01,30105
AS,2015,Nov,11,2015-11-01,18188
AS,2015,Dec,12,2015-12-01,25976
AS,2016,Jan,1,2016-01-01,29980
AS,2016,Feb,2,2016-02-01,22231
AS,2016,Mar,3,2016-03-01,32050
AS,2016,Apr,4,2016-04-01,30080
AS,2016,May,5,2016-05-01,23400
AS,2016,Jun,6,2016-06-01,29145
AS,2016,Jul,7,2016-07-01,33444
AS,2016,Aug,8,2016-08-01,23159
AS,2016,Sep,9,2016-09-01,32180
AS,2016,Oct,10,2016-10-01,35973
AS,2016,Nov,11,2016-11-01,20839
AS,2016,Dec,12,2016-12-01,32680
AS,2017,Jan,1,2017-01-01,34989
AS,2017,Feb,2,2017-02-01,34400
AS,2017,Mar,3,2017-03-01,59397
AS,2017,Apr,4,2017-04-01,46465
AS,2017,May,5,2017-05-01,38788
AS,2017,Jun,6,2017-06-01,41119
AS,2017,Jul,7,2017-07-01,48846
AS,2017,Aug,8,2017-08-01,37233
AS,2017,Sep,9,2017-09-01,35877
AS,2017,Oct,10,2017-10-01,52784
AS,2017,Nov,11,2017-11-01,48525
AS,2017,Dec,12,2017-12-01,57648
AS,2018,Jan,1,2018-01-01,60807
AS,2018,Feb,2,2018-02-01,53792
AS,2018,Mar,3,2018-03-01,80527
AS,2018,Apr,4,2018-04-01,63838
AS,2018,May,5,2018-05-01,58091
AS,2018,Jun,6,2018-06-01,64503
AS,2018,Jul,7,2018-07-01,65562
AS,2018,Aug,8,2018-08-01,49992
AS,2018,Sep,9,2018-09-01,63059
AS,2018,Oct,10,2018-10-01,77340
AS,2018,Nov,11,2018-11-01,68676
AS,2018,Dec,12,2018-12-01,83711
AS,2019,Jan,1,2019-01-01,60189
AS,2019,Feb,2,2019-02-01,60116
AS,2019,Mar,3,2019-03-01,80273
AS,2019,Apr,4,2019-04-01,64720
AS,2019,May,5,2019-05-01,58232
AS,2019,Jun,6,2019-06-01,60042
AS,2019,Jul,7,2019-07-01,72322
AS,2019,Aug,8,2019-08-01,51473
AS,2019,Sep,9,2019-09-01,71871
AS,2019,Oct,10,2019-10-01,85906
AS,2019,Nov,11,2019-11-01,66849
AS,2019,Dec,12,2019-12-01,61011
AS,2020,Jan,1,2020-01-01,68937
AS,2020,Feb,2,2020-02-01,72981
AS,2020,Mar,3,2020-03-01,76260
AS,2020,Apr,4,2020-04-01,1686
AS,2020,May,5,2020-05-01,15563
AS,2020,Jun,6,2020-06-01,53000
AS,2020,Jul,7,2020-07-01,35421
AS,2020,Aug,8,2020-08-01,39241
AS,2020,Sep,9,2020-09-01,41610
AS,2020,Oct,10,2020-10-01,54510
AS,2020,Nov,11,2020-11-01,45257
AS,2020,Dec,12,2020-12-01,81676
AS,2021,Jan,1,2021-01-01,62621
AS,2021,Feb,2,2021-02-01,52216
AS,2021,Mar,3,2021-03-01,86176
AS,2021,Apr,4,2021-04-01,57889
AS,2021,May,5,2021-05-01,15683
AS,2021,Jun,6,2021-06-01,24489
AS,2021,Jul,7,2021-07-01,46061
AS,2021,Aug,8,2021-08-01,48309
AS,2021,Sep,9,2021-09-01,69200
AS,2021,Oct,10,2021-10-01,67465
AS,2021,Nov,11,2021-11-01,60018
AS,2021,Dec,12,2021-12-01,95045
AS,2022,Jan,1,2022-01-01,91360
AS,2022,Feb,2,2022-02-01,101738
AS,2022,Mar,3,2022-03-01,154524
AS,2022,Apr,4,2022-04-01,96527
AS,2022,May,5,2022-05-01,69915
AS,2022,Jun,6,2022-06-01,82111
AS,2022,Jul,7,2022-07-01,100185
AS,2022,Aug,8,2022-08-01,84736
AS,2022,Sep,9,2022-09-01,117330
AS,2022,Oct,10,2022-10-01,107433
AS,2022,Nov,11,2022-11-01,100035
AS,2022,Dec,12,2022-12-01,140432
AS,2023,Jan,1,2023-01-01,124732
AS,2023,Feb,2,2023-02-01,117065
AS,2023,Mar,3,2023-03-01,199502
AS,2023,Apr,4,2023-04-01,122016
AS,2023,May,5,2023-05-01,111413
AS,2023,Jun,6,2023-06-01,125072
AS,2023,Jul,7,2023-07-01,154697
AS,2023,Aug,8,2023-08-01,130279
AS,2023,Sep,9,2023-09-01,175218
AS,2023,Oct,10,2023-10-01,162171
AS,2023,Nov,11,2023-11-01,115993
AS,2023,Dec,12,2023-12-01,153123
AS,2024,Jan,1,2024-01-01,148795
AS,2024,Feb,2,2024-02-01,130622
AS,2024,Mar,3,2024-03-01,198140
AS,2024,Apr,4,2024-04-01,136897
AS,2024,May,5,2024-05-01,116800
AS,2024,Jun,6,2024-06-01,138179
AS,2024,Jul,7,2024-07-01,151917
AS,2024,Aug,8,2024-08-01,116467
AS,2024,Sep,9,2024-09-01,148194
AS,2024,Oct,10,2024-10-01,141267
AS,2024,Nov,11,2024-11-01,102824
AS,2024,Dec,12,2024-12-01,138933
AS,2025,Jan,1,2025-01-01,148266
AS,2025,Feb,2,2025-02-01,94602
AS,2025,Mar,3,2025-03-01,159323
AS,2025,Apr,4,2025-04-01,139112
AS,2025,May,5,2025-05-01,106898
AS,2025,Jun,6,2025-06-01,130734
AS,2025,Jul,7,2025-07-01,153674
AS,2025,Aug,8,2025-08-01,110882
AS,2025,Sep,9,2025-09-01,127161
AS,2025,Oct,10,2025-10-01,153324
AS,2025,Nov,11,2025-11-01,114294
AS,2025,Dec,12,2025-12-01,147102
AS,2026,Jan,1,2026-01-01,137505
AS,2026,Feb,2,2026-02-01,111903
AS,2026,Mar,3,2026-03-01,151231
AS,2026,Apr,4,2026-04-01,132318
AS,2026,May,5,2026-05-01,119188
AS,2026,Jun,6,2026-06-01,142951
AS,2026,Jul,7,2026-07-01,142225
AS,2026,Aug,8,2026-08-01,22276
AS,2026,Sep,9,2026-09-01,100013
AS,2026,Oct,10,2026-10-01,109727
AS,2026,Nov,11,2026-11-01,111958
AS,2026,Dec,12,2026-12-01,100319
BR,2010,Jan,1,2010-01-01,11455
BR,2010,Feb,2,2010-02-01,12500
BR,2010,Mar,3,2010-03-01,15422
BR,2010,Apr,4,2010-04-01,13318
BR,2010,May,5,2010-05-01,14918
BR,2010,Jun,6,2010-06-01,16653
BR,2010,Jul,7,2010-07-01,17055
BR,2010,Aug,8,2010-08-01,16987
BR,2010,Sep,9,2010-09-01,18835
BR,2010,Oct,10,2010-10-01,18346
BR,2010,Nov,11,2010-11-01,18018
BR,2010,Dec,12,2010-12-01,23825
BR,2011,Jan,1,2011-01-01,25321
BR,2011,Feb,2,2011-02-01,27115
BR,2011,Mar,3,2011-03-01,30126
BR,2011,Apr,4,2011-04-01,27252
BR,2011,May,5,2011-05-01,33408
BR,2011,Jun,6,2011-06-01,37097
BR,2011,Jul,7,2011-07-01,40534
BR,2011,Aug,8,2011-08-01,36994
BR,2011,Sep,9,2011-09-01,45485
BR,2011,Oct,10,2011-10-01,43872
BR,2011,Nov,11,2011-11-01,47906
BR,2011,Dec,12,2011-12-01,49241
BR,2012,Jan,1,2012-01-01,53886
BR,2012,Feb,2,2012-02-01,54596
BR,2012,Mar,3,2012-03-01,59584
BR,2012,Apr,4,2012-04-01,48714
BR,2012,May,5,2012-05-01,62007
BR,2012,Jun,6,2012-06-01,59568
BR,2012,Jul,7,2012-07-01,66297
BR,2012,Aug,8,2012-08-01,64897
BR,2012,Sep,9,2012-09-01,70574
BR,2012,Oct,10,2012-10-01,76767
BR,2012,Nov,11,2012-11-01,75302
BR,2012,Dec,12,2012-12-01,82429
BR,2013,Jan,1,2013-01-01,81670
BR,2013,Feb,2,2013-02-01,77653
BR,2013,Mar,3,2013-03-01,103699
BR,2013,Apr,4,2013-04-01,62645
BR,2013,May,5,2013-05-01,64067
BR,2013,Jun,6,2013-06-01,67384
BR,2013,Jul,7,2013-07-01,81807
BR,2013,Aug,8,2013-08-01,71202
BR,2013,Sep,9,2013-09-01,79950
BR,2013,Oct,10,2013-10-01,83368
BR,2013,Nov,11,2013-11-01,76751
BR,2013,Dec,12,2013-12-01,78836
BR,2014,Jan,1,2014-01-01,67306
BR,2014,Feb,2,2014-02-01,62807
BR,2014,Mar,3,2014-03-01,74571
BR,2014,Apr,4,2014-04-01,64578
BR,2014,May,5,2014-05-01,64920
BR,2014,Jun,6,2014-06-01,70864
BR,2014,Jul,7,2014-07-01,88959
BR,2014,Aug,8,2014-08-01,68497
BR,2014,Sep,9,2014-09-01,80645
BR,2014,Oct,10,2014-10-01,70029
BR,2014,Nov,11,2014-11-01,77391
BR,2014,Dec,12,2014-12-01,72214
BR,2015,Jan,1,2015-01-01,70332
BR,2015,Feb,2,2015-02-01,64362
BR,2015,Mar,3,2015-03-01,68532
BR,2015,Apr,4,2015-04-01,58965
BR,2015,May,5,2015-05-01,59809
BR,2015,Jun,6,2015-06-01,70130
BR,2015,Jul,7,2015-07-01,72610
BR,2015,Aug,8,2015-08-01,71128
BR,2015,Sep,9,2015-09-01,72873
BR,2015,Oct,10,2015-10-01,70574
BR,2015,Nov,11,2015-11-01,71999
BR,2015,Dec,12,2015-12-01,79249
BR,2016,Jan,1,2016-01-01,71650
BR,2016,Feb,2,2016-02-01,75772
BR,2016,Mar,3,2016-03-01,78773
BR,2016,Apr,4,2016-04-01,64841
BR,2016,May,5,2016-05-01,68083
BR,2016,Jun,6,2016-06-01,81673
BR,2016,Jul,7,2016-07-01,78794
BR,2016,Aug,8,2016-08-01,75644
BR,2016,Sep,9,2016-09-01,98544
BR,2016,Oct,10,2016-10-01,110806
BR,2016,Nov,11,2016-11-01,106165
BR,2016,Dec,12,2016-12-01,113687
BR,2017,Jan,1,2017-01-01,99961
BR,2017,Feb,2,2017-02-01,100315
BR,2017,Mar,3,2017-03-01,128144
BR,2017,Apr,4,2017-04-01,103092
BR,2017,May,5,2017-05-01,83806
BR,2017,Jun,6,2017-06-01,92557
BR,2017,Jul,7,2017-07-01,108508
BR,2017,Aug,8,2017-08-01,95033
BR,2017,Sep,9,2017-09-01,93553
BR,2017,Oct,10,2017-10-01,111547
BR,2017,Nov,11,2017-11-01,128956
BR,2017,Dec,12,2017-12-01,136011
BR,2018,Jan,1,2018-01-01,111566
BR,2018,Feb,2,2018-02-01,104380
BR,2018,Mar,3,2018-03-01,130828
BR,2018,Apr,4,2018-04-01,123892
BR,2018,May,5,2018-05-01,139738
BR,2018,Jun,6,2018-06-01,145251
BR,2018,Jul,7,2018-07-01,149056
BR,2018,Aug,8,2018-08-01,161032
BR,2018,Sep,9,2018-09-01,170341
BR,2018,Oct,10,2018-10-01,190117
BR,2018,Nov,11,2018-11-01,172851
BR,2018,Dec,12,2018-12-01,195328
BR,2019,Jan,1,2019-01-01,169069
BR,2019,Feb,2,2019-02-01,162836
BR,2019,Mar,3,2019-03-01,176952
BR,2019,Apr,4,2019-04-01,144424
BR,2019,May,5,2019-05-01,136427
BR,2019,Jun,6,2019-06-01,143952
BR,2019,Jul,7,2019-07-01,184486
BR,2019,Aug,8,2019-08-01,166326
BR,2019,Sep,9,2019-09-01,205410
BR,2019,Oct,10,2019-10-01,204760
BR,2019,Nov,11,2019-11-01,213903
BR,2019,Dec,12,2019-12-01,221223
BR,2020,Jan,1,2020-01-01,240036
BR,2020,Feb,2,2020-02-01,259811
BR,2020,Mar,3,2020-03-01,198579
BR,2020,Apr,4,2020-04-01,13417
BR,2020,May,5,2020-05-01,43278
BR,2020,Jun,6,2020-06-01,175461
BR,2020,Jul,7,2020-07-01,120308
BR,2020,Aug,8,2020-08-01,159876
BR,2020,Sep,9,2020-09-01,206423
BR,2020,Oct,10,2020-10-01,160836
BR,2020,Nov,11,2020-11-01,140892
BR,2020,Dec,12,2020-12-01,197111
BR,2021,Jan,1,2021-01-01,182478
BR,2021,Feb,2,2021-02-01,187195
BR,2021,Mar,3,2021-03-01,215187
BR,2021,Apr,4,2021-04-01,130993
BR,2021,May,5,2021-05-01,50574
BR,2021,Jun,6,2021-06-01,148030
BR,2021,Jul,7,2021-07-01,154563
BR,2021,Aug,8,2021-08-01,147887
BR,2021,Sep,9,2021-09-01,179009
BR,2021,Oct,10,2021-10-01,164417
BR,2021,Nov,11,2021-11-01,161493
BR,2021,Dec,12,2021-12-01,187281
BR,2022,Jan,1,2022-01-01,177495
BR,2022,Feb,2,2022-02-01,176976
BR,2022,Mar,3,2022-03-01,198400
BR,2022,Apr,4,2022-04-01,154315
BR,2022,May,5,2022-05-01,167849
BR,2022,Jun,6,2022-06-01,206498
BR,2022,Jul,7,2022-07-01,209333
BR,2022,Aug,8,2022-08-01,201241
BR,2022,Sep,9,2022-09-01,210505
BR,2022,Oct,10,2022-10-01,182804
BR,2022,Nov,11,2022-11-01,210943
BR,2022,Dec,12,2022-12-01,196989
BR,2023,Jan,1,2023-01-01,200773
BR,2023,Feb,2,2023-02-01,193920
BR,2023,Mar,3,2023-03-01,209597
BR,2023,Apr,4,2023-04-01,183524
BR,2023,May,5,2023-05-01,202067
BR,2023,Jun,6,2023-06-01,203544
BR,2023,Jul,7,2023-07-01,221281
BR,2023,Aug,8,2023-08-01,216568
BR,2023,Sep,9,2023-09-01,246731
BR,2023,Oct,10,2023-10-01,246829
BR,2023,Nov,11,2023-11-01,228170
BR,2023,Dec,12,2023-12-01,248041
BR,2024,Jan,1,2024-01-01,230230
BR,2024,Feb,2,2024-02-01,217332
BR,2024,Mar,3,2024-03-01,224296
BR,2024,Apr,4,2024-04-01,206436
BR,2024,May,5,2024-05-01,217069
BR,2024,Jun,6,2024-06-01,221571
BR,2024,Jul,7,2024-07-01,229001
BR,2024,Aug,8,2024-08-01,236271
BR,2024,Sep,9,2024-09-01,251468
BR,2024,Oct,10,2024-10-01,255245
BR,2024,Nov,11,2024-11-01,238988
BR,2024,Dec,12,2024-12-01,232713
BR,2025,Jan,1,2025-01-01,253977
BR,2025,Feb,2,2025-02-01,216456
BR,2025,Mar,3,2025-03-01,247203
BR,2025,Apr,4,2025-04-01,214263
BR,2025,May,5,2025-05-01,216293
BR,2025,Jun,6,2025-06-01,202158
BR,2025,Jul,7,2025-07-01,237621
BR,2025,Aug,8,2025-08-01,222089
BR,2025,Sep,9,2025-09-01,148372
BR,2025,Oct,10,2025-10-01,295110
BR,2025,Nov,11,2025-11-01,256796
BR,2025,Dec,12,2025-12-01,263603
BR,2026,Jan,1,2026-01-01,259611
BR,2026,Feb,2,2026-02-01,243196
BR,2026,Mar,3,2026-03-01,237485
BR,2026,Apr,4,2026-04-01,201151
BR,2026,May,5,2026-05-01,238676
BR,2026,Jun,6,2026-06-01,239924
BR,2026,Jul,7,2026-07-01,218278
BR,2026,Aug,8,2026-08-01,35992
BR,2026,Sep,9,2026-09-01,196066
BR,2026,Oct,10,2026-10-01,180347
BR,2026,Nov,11,2026-11-01,204148
BR,2026,Dec,12,2026-12-01,184692
CG,2010,Jan,1,2010-01-01,11058
CG,2010,Feb,2,2010-02-01,8502
CG,2010,Mar,3,2010-03-01,10349
CG,2010,Apr,4,2010-04-01,10375
CG,2010,May,5,2010-05-01,10322
CG,2010,Jun,6,2010-06-01,11772
CG,2010,Jul,7,2010-07-01,14791
CG,2010,Aug,8,2010-08-01,12692
CG,2010,Sep,9,2010-09-01,13865
CG,2010,Oct,10,2010-10-01,18609
CG,2010,Nov,11,2010-11-01,15691
CG,2010,Dec,12,2010-12-01,18872
CG,2011,Jan,1,2011-01-01,23609
CG,2011,Feb,2,2011-02-01,20350
CG,2011,Mar,3,2011-03-01,21758
CG,2011,Apr,4,2011-04-01,24362
CG,2011,May,5,2011-05-01,23014
CG,2011,Jun,6,2011-06-01,20975
CG,2011,Jul,7,2011-07-01,22442
CG,2011,Aug,8,2011-08-01,21114
CG,2011,Sep,9,2011-09-01,22735
CG,2011,Oct,10,2011-10-01,24159
CG,2011,Nov,11,2011-11-01,25563
CG,2011,Dec,12,2011-12-01,13926
CG,2012,Jan,1,2012-01-01,30330
CG,2012,Feb,2,2012-02-01,25854
CG,2012,Mar,3,2012-03-01,29241
CG,2012,Apr,4,2012-04-01,29419
CG,2012,May,5,2012-05-01,25788
CG,2012,Jun,6,2012-06-01,25067
CG,2012,Jul,7,2012-07-01,30585
CG,2012,Aug,8,2012-08-01,25569
CG,2012,Sep,9,2012-09-01,27794
CG,2012,Oct,10,2012-10-01,33370
CG,2012,Nov,11,2012-11-01,30490
CG,2012,Dec,12,2012-12-01,27132
CG,2013,Jan,1,2013-01-01,34533
CG,2013,Feb,2,2013-02-01,36025
CG,2013,Mar,3,2013-03-01,36405
CG,2013,Apr,4,2013-04-01,44305
CG,2013,May,5,2013-05-01,38646
CG,2013,Jun,6,2013-06-01,33669
CG,2013,Jul,7,2013-07-01,41420
CG,2013,Aug,8,2013-08-01,33122
CG,2013,Sep,9,2013-09-01,33931
CG,2013,Oct,10,2013-10-01,43978
CG,2013,Nov,11,2013-11-01,32888
CG,2013,Dec,12,2013-12-01,37311
CG,2014,Jan,1,2014-01-01,51637
CG,2014,Feb,2,2014-02-01,37341
CG,2014,Mar,3,2014-03-01,39745
CG,2014,Apr,4,2014-04-01,47113
CG,2014,May,5,2014-05-01,40828
CG,2014,Jun,6,2014-06-01,36900
CG,2014,Jul,7,2014-07-01,46582
CG,2014,Aug,8,2014-08-01,32609
CG,2014,Sep,9,2014-09-01,37937
CG,2014,Oct,10,2014-10-01,43915
CG,2014,Nov,11,2014-11-01,33566
CG,2014,Dec,12,2014-12-01,33477
CG,2015,Jan,1,2015-01-01,46583
CG,2015,Feb,2,2015-02-01,35465
CG,2015,Mar,3,2015-03-01,38330
CG,2015,Apr,4,2015-04-01,48839
CG,2015,May,5,2015-05-01,35418
CG,2015,Jun,6,2015-06-01,36881
CG,2015,Jul,7,2015-07-01,53057
CG,2015,Aug,8,2015-08-01,35806
CG,2015,Sep,9,2015-09-01,37022
CG,2015,Oct,10,2015-10-01,47526
CG,2015,Nov,11,2015-11-01,32400
CG,2015,Dec,12,2015-12-01,39202
CG,2016,Jan,1,2016-01-01,49840
CG,2016,Feb,2,2016-02-01,40292
CG,2016,Mar,3,2016-03-01,38645
CG,2016,Apr,4,2016-04-01,48612
CG,2016,May,5,2016-05-01,38118
CG,2016,Jun,6,2016-06-01,37036
CG,2016,Jul,7,2016-07-01,46182
CG,2016,Aug,8,2016-08-01,34172
CG,2016,Sep,9,2016-09-01,36547
CG,2016,Oct,10,2016-10-01,44315
CG,2016,Nov,11,2016-11-01,32669
CG,2016,Dec,12,2016-12-01,38773
CG,2017,Jan,1,2017-01-01,47303
CG,2017,Feb,2,2017-02-01,40236
CG,2017,Mar,3,2017-03-01,45790
CG,2017,Apr,4,2017-04-01,49106
CG,2017,May,5,2017-05-01,41029
CG,2017,Jun,6,2017-06-01,39796
CG,2017,Jul,7,2017-07-01,48782
CG,2017,Aug,8,2017-08-01,40240
CG,2017,Sep,9,2017-09-01,40203
CG,2017,Oct,10,2017-10-01,46226
CG,2017,Nov,11,2017-11-01,41946
CG,2017,Dec,12,2017-12-01,42997
CG,2018,Jan,1,2018-01-01,53856
CG,2018,Feb,2,2018-02-01,44310
CG,2018,Mar,3,2018-03-01,44149
CG,2018,Apr,4,2018-04-01,50484
CG,2018,May,5,2018-05-01,43029
CG,2018,Jun,6,2018-06-01,42582
CG,2018,Jul,7,2018-07-01,50050
CG,2018,Aug,8,2018-08-01,44113
CG,2018,Sep,9,2018-09-01,77900
CG,2018,Oct,10,2018-10-01,90543
CG,2018,Nov,11,2018-11-01,75851
CG,2018,Dec,12,2018-12-01,84153
CG,2019,Jan,1,2019-01-01,100842
CG,2019,Feb,2,2019-02-01,93708
CG,2019,Mar,3,2019-03-01,94810
CG,2019,Apr,4,2019-04-01,104817
CG,2019,May,5,2019-05-01,99215
CG,2019,Jun,6,2019-06-01,86811
CG,2019,Jul,7,2019-07-01,98569
CG,2019,Aug,8,2019-08-01,79341
CG,2019,Sep,9,2019-09-01,79582
CG,2019,Oct,10,2019-10-01,90990
CG,2019,Nov,11,2019-11-01,95888
CG,2019,Dec,12,2019-12-01,89454
CG,2020,Jan,1,2020-01-01,101488
CG,2020,Feb,2,2020-02-01,104178
CG,2020,Mar,3,2020-03-01,72209
CG,2020,Apr,4,2020-04-01,15028
CG,2020,May,5,2020-05-01,28240
CG,2020,Jun,6,2020-06-01,54083
CG,2020,Jul,7,2020-07-01,57414
CG,2020,Aug,8,2020-08-01,41365
CG,2020,Sep,9,2020-09-01,42959
CG,2020,Oct,10,2020-10-01,60066
CG,2020,Nov,11,2020-11-01,58227
CG,2020,Dec,12,2020-12-01,80637
CG,2021,Jan,1,2021-01-01,67958
CG,2021,Feb,2,2021-02-01,73492
CG,2021,Mar,3,2021-03-01,78148
CG,2021,Apr,4,2021-04-01,34304
CG,2021,May,5,2021-05-01,30890
CG,2021,Jun,6,2021-06-01,68485
CG,2021,Jul,7,2021-07-01,68259
CG,2021,Aug,8,2021-08-01,67675
CG,2021,Sep,9,2021-09-01,75231
CG,2021,Oct,10,2021-10-01,77083
CG,2021,Nov,11,2021-11-01,88278
CG,2021,Dec,12,2021-12-01,95245
CG,2022,Jan,1,2022-01-01,93140
CG,2022,Feb,2,2022-02-01,100436
CG,2022,Mar,3,2022-03-01,106127
CG,2022,Apr,4,2022-04-01,90198
CG,2022,May,5,2022-05-01,89858
CG,2022,Jun,6,2022-06-01,98246
CG,2022,Jul,7,2022-07-01,82930
CG,2022,Aug,8,2022-08-01,80905
CG,2022,Sep,9,2022-09-01,100955
CG,2022,Oct,10,2022-10-01,91464
CG,2022,Nov,11,2022-11-01,113728
CG,2022,Dec,12,2022-12-01,111034
CG,2023,Jan,1,2023-01-01,105098
CG,2023,Feb,2,2023-02-01,113238
CG,2023,Mar,3,2023-03-01,120167
CG,2023,Apr,4,2023-04-01,99440
CG,2023,May,5,2023-05-01,101442
CG,2023,Jun,6,2023-06-01,106938
CG,2023,Jul,7,2023-07-01,100232
CG,2023,Aug,8,2023-08-01,94307
CG,2023,Sep,9,2023-09-01,102417
CG,2023,Oct,10,2023-10-01,107417
CG,2023,Nov,11,2023-11-01,105560
CG,2023,Dec,12,2023-12-01,110627
CG,2024,Jan,1,2024-01-01,114555
CG,2024,Feb,2,2024-02-01,123165
CG,2024,Mar,3,2024-03-01,112233
CG,2024,Apr,4,2024-04-01,105001
CG,2024,May,5,2024-05-01,105723
CG,2024,Jun,6,2024-06-01,98054
CG,2024,Jul,7,2024-07-01,100558
CG,2024,Aug,8,2024-08-01,90744
CG,2024,Sep,9,2024-09-01,97380
CG,2024,Oct,10,2024-10-01,107097
CG,2024,Nov,11,2024-11-01,102775
CG,2024,Dec,12,2024-12-01,105306
CG,2025,Jan,1,2025-01-01,119440
CG,2025,Feb,2,2025-02-01,102269
CG,2025,Mar,3,2025-03-01,104769
CG,2025,Apr,4,2025-04-01,105101
CG,2025,May,5,2025-05-01,100487
CG,2025,Jun,6,2025-06-01,93627
CG,2025,Jul,7,2025-07-01,97046
CG,2025,Aug,8,2025-08-01,90482
CG,2025,Sep,9,2025-09-01,101095
CG,2025,Oct,10,2025-10-01,110118
CG,2025,Nov,11,2025-11-01,111560
CG,2025,Dec,12,2025-12-01,110375
CG,2026,Jan,1,2026-01-01,125146
CG,2026,Feb,2,2026-02-01,119096
CG,2026,Mar,3,2026-03-01,113021
CG,2026,Apr,4,2026-04-01,111135
CG,2026,May,5,2026-05-01,100970
CG,2026,Jun,6,2026-06-01,105212
CG,2026,Jul,7,2026-07-01,100159
CG,2026,Aug,8,2026-08-01,22235
CG,2026,Sep,9,2026-09-01,155645
CG,2026,Oct,10,2026-10-01,161284
CG,2026,Nov,11,2026-11-01,110331
CG,2026,Dec,12,2026-12-01,134530
CH,2010,Jan,1,2010-01-01,53
CH,2010,Feb,2,2010-02-01,55
CH,2010,Mar,3,2010-03-01,10
CH,2010,Apr,4,2010-04-01,7
CH,2010,May,5,2010-05-01,3
CH,2010,Jun,6,2010-06-01,11
CH,2010,Jul,7,2010-07-01,552
CH,2010,Aug,8,2010-08-01,707
CH,2010,Sep,9,2010-09-01,765
CH,2010,Oct,10,2010-10-01,737
CH,2010,Nov,11,2010-11-01,923
CH,2010,Dec,12,2010-12-01,590
CH,2011,Jan,1,2011-01-01,783
CH,2011,Feb,2,2011-02-01,590
CH,2011,Mar,3,2011-03-01,1105
CH,2011,Apr,4,2011-04-01,1557
CH,2011,May,5,2011-05-01,1635
CH,2011,Jun,6,2011-06-01,1605
CH,2011,Jul,7,2011-07-01,1643
CH,2011,Aug,8,2011-08-01,1408
CH,2011,Sep,9,2011-09-01,1923
CH,2011,Oct,10,2011-10-01,1315
CH,2011,Nov,11,2011-11-01,1413
CH,2011,Dec,12,2011-12-01,1908
CH,2012,Jan,1,2012-01-01,2041
CH,2012,Feb,2,2012-02-01,2019
CH,2012,Mar,3,2012-03-01,2257
CH,2012,Apr,4,2012-04-01,2010
CH,2012,May,5,2012-05-01,2221
CH,2012,Jun,6,2012-06-01,1547
CH,2012,Jul,7,2012-07-01,1758
CH,2012,Aug,8,2012-08-01,1656
CH,2012,Sep,9,2012-09-01,1616
CH,2012,Oct,10,2012-10-01,1869
CH,2012,Nov,11,2012-11-01,1552
CH,2012,Dec,12,2012-12-01,1983
CH,2013,Jan,1,2013-01-01,2374
CH,2013,Feb,2,2013-02-01,1838
CH,2013,Mar,3,2013-03-01,2534
CH,2013,Apr,4,2013-04-01,2534
CH,2013,May,5,2013-05-01,2401
CH,2013,Jun,6,2013-06-01,1863
CH,2013,Jul,7,2013-07-01,2351
CH,2013,Aug,8,2013-08-01,2103
CH,2013,Sep,9,2013-09-01,2265
CH,2013,Oct,10,2013-10-01,2252
CH,2013,Nov,11,2013-11-01,1779
CH,2013,Dec,12,2013-12-01,2262
CH,2014,Jan,1,2014-01-01,2523
CH,2014,Feb,2,2014-02-01,2459
CH,2014,Mar,3,2014-03-01,2866
CH,2014,Apr,4,2014-04-01,2418
CH,2014,May,5,2014-05-01,2319
CH,2014,Jun,6,2014-06-01,2134
CH,2014,Jul,7,2014-07-01,2455
CH,2014,Aug,8,2014-08-01,2286
CH,2014,Sep,9,2014-09-01,3157
CH,2014,Oct,10,2014-10-01,2168
CH,2014,Nov,11,2014-11-01,2670
CH,2014,Dec,12,2014-12-01,5414
CH,2015,Jan,1,2015-01-01,2894
CH,2015,Feb,2,2015-02-01,3811
CH,2015,Mar,3,2015-03-01,4362
CH,2015,Apr,4,2015-04-01,2962
CH,2015,May,5,2015-05-01,3151
CH,2015,Jun,6,2015-06-01,2856
CH,2015,Jul,7,2015-07-01,3209
CH,2015,Aug,8,2015-08-01,3305
CH,2015,Sep,9,2015-09-01,3375
CH,2015,Oct,10,2015-10-01,3053
CH,2015,Nov,11,2015-11-01,2771
CH,2015,Dec,12,2015-12-01,3588
CH,2016,Jan,1,2016-01-01,3748
CH,2016,Feb,2,2016-02-01,4188
CH,2016,Mar,3,2016-03-01,4846
CH,2016,Apr,4,2016-04-01,3945
CH,2016,May,5,2016-05-01,4046
CH,2016,Jun,6,2016-06-01,2697
CH,2016,Jul,7,2016-07-01,2360
CH,2016,Aug,8,2016-08-01,2201
CH,2016,Sep,9,2016-09-01,2969
CH,2016,Oct,10,2016-10-01,2986
CH,2016,Nov,11,2016-11-01,2323
CH,2016,Dec,12,2016-12-01,2753
CH,2017,Jan,1,2017-01-01,2704
CH,2017,Feb,2,2017-02-01,2920
CH,2017,Mar,3,2017-03-01,3472
CH,2017,Apr,4,2017-04-01,2493
CH,2017,May,5,2017-05-01,3021
CH,2017,Jun,6,2017-06-01,2466
CH,2017,Jul,7,2017-07-01,2420
CH,2017,Aug,8,2017-08-01,2053
CH,2017,Sep,9,2017-09-01,2526
CH,2017,Oct,10,2017-10-01,2106
CH,2017,Nov,11,2017-11-01,2882
CH,2017,Dec,12,2017-12-01,2709
CH,2018,Jan,1,2018-01-01,3283
CH,2018,Feb,2,2018-02-01,3281
CH,2018,Mar,3,2018-03-01,3361
CH,2018,Apr,4,2018-04-01,3082
CH,2018,May,5,2018-05-01,2858
CH,2018,Jun,6,2018-06-01,2432
CH,2018,Jul,7,2018-07-01,2324
CH,2018,Aug,8,2018-08-01,2243
CH,2018,Sep,9,2018-09-01,2214
CH,2018,Oct,10,2018-10-01,2801
CH,2018,Nov,11,2018-11-01,2645
CH,2018,Dec,12,2018-12-01,2968
CH,2019,Jan,1,2019-01-01,3359
CH,2019,Feb,2,2019-02-01,3448
CH,2019,Mar,3,2019-03-01,3831
CH,2019,Apr,4,2019-04-01,3487
CH,2019,May,5,2019-05-01,3837
CH,2019,Jun,6,2019-06-01,2552
CH,2019,Jul,7,2019-07-01,3076
CH,2019,Aug,8,2019-08-01,3769
CH,2019,Sep,9,2019-09-01,3493
CH,2019,Oct,10,2019-10-01,2963
CH,2019,Nov,11,2019-11-01,3319
CH,2019,Dec,12,2019-12-01,2718
CH,2020,Jan,1,2020-01-01,3572
CH,2020,Feb,2,2020-02-01,5295
CH,2020,Mar,3,2020-03-01,3452
CH,2020,Apr,4,2020-04-01,379
CH,2020,May,5,2020-05-01,175
CH,2020,Jun,6,2020-06-01,1575
CH,2020,Jul,7,2020-07-01,1001
CH,2020,Aug,8,2020-08-01,1729
CH,2020,Sep,9,2020-09-01,1703
CH,2020,Oct,10,2020-10-01,1695
CH,2020,Nov,11,2020-11-01,1759
CH,2020,Dec,12,2020-12-01,2674
CH,2021,Jan,1,2021-01-01,3178
CH,2021,Feb,2,2021-02-01,3221
CH,2021,Mar,3,2021-03-01,3757
CH,2021,Apr,4,2021-04-01,2513
CH,2021,May,5,2021-05-01,2181
CH,2021,Jun,6,2021-06-01,2952
CH,2021,Jul,7,2021-07-01,2742
CH,2021,Aug,8,2021-08-01,2401
CH,2021,Sep,9,2021-09-01,2983
CH,2021,Oct,10,2021-10-01,2919
CH,2021,Nov,11,2021-11-01,2982
CH,2021,Dec,12,2021-12-01,3362
CH,2022,Jan,1,2022-01-01,2367
CH,2022,Feb,2,2022-02-01,2753
CH,2022,Mar,3,2022-03-01,3380
CH,2022,Apr,4,2022-04-01,3605
CH,2022,May,5,2022-05-01,3084
CH,2022,Jun,6,2022-06-01,2932
CH,2022,Jul,7,2022-07-01,2499
CH,2022,Aug,8,2022-08-01,2565
CH,2022,Sep,9,2022-09-01,2763
CH,2022,Oct,10,2022-10-01,2689
CH,2022,Nov,11,2022-11-01,3024
CH,2022,Dec,12,2022-12-01,2861
CH,2023,Jan,1,2023-01-01,3014
CH,2023,Feb,2,2023-02-01,3477
CH,2023,Mar,3,2023-03-01,3491
CH,2023,Apr,4,2023-04-01,3137
CH,2023,May,5,2023-05-01,3253
CH,2023,Jun,6,2023-06-01,2748
CH,2023,Jul,7,2023-07-01,3121
CH,2023,Aug,8,2023-08-01,3117
CH,2023,Sep,9,2023-09-01,3435
CH,2023,Oct,10,2023-10-01,3432
CH,2023,Nov,11,2023-11-01,3421
CH,2023,Dec,12,2023-12-01,3728
CH,2024,Jan,1,2024-01-01,3080
CH,2024,Feb,2,2024-02-01,2946
CH,2024,Mar,3,2024-03-01,3358
CH,2024,Apr,4,2024-04-01,2984
CH,2024,May,5,2024-05-01,3032
CH,2024,Jun,6,2024-06-01,2502
CH,2024,Jul,7,2024-07-01,3371
CH,2024,Aug,8,2024-08-01,2857
CH,2024,Sep,9,2024-09-01,3045
CH,2024,Oct,10,2024-10-01,2799
CH,2024,Nov,11,2024-11-01,2968
CH,2024,Dec,12,2024-12-01,3703
CH,2025,Jan,1,2025-01-01,3687
CH,2025,Feb,2,2025-02-01,3304
CH,2025,Mar,3,2025-03-01,3730
CH,2025,Apr,4,2025-04-01,3863
CH,2025,May,5,2025-05-01,3461
CH,2025,Jun,6,2025-06-01,3109
CH,2025,Jul,7,2025-07-01,3696
CH,2025,Aug,8,2025-08-01,2818
CH,2025,Sep,9,2025-09-01,3169
CH,2025,Oct,10,2025-10-01,2942
CH,2025,Nov,11,2025-11-01,2991
CH,2025,Dec,12,2025-12-01,3624
CH,2026,Jan,1,2026-01-01,3341
CH,2026,Feb,2,2026-02-01,3504
CH,2026,Mar,3,2026-03-01,3892
CH,2026,Apr,4,2026-04-01,3172
CH,2026,May,5,2026-05-01,3484
CH,2026,Jun,6,2026-06-01,3846
CH,2026,Jul,7,2026-07-01,2989
CH,2026,Aug,8,2026-08-01,523
CH,2026,Sep,9,2026-09-01,17792
CH,2026,Oct,10,2026-10-01,17388
CH,2026,Nov,11,2026-11-01,16385
CH,2026,Dec,12,2026-12-01,16976
DD,2010,Jan,1,2010-01-01,2107
DD,2010,Feb,2,2010-02-01,2593
DD,2010,Mar,3,2010-03-01,5934
DD,2010,Apr,4,2010-04-01,5544
DD,2010,May,5,2010-05-01,2729
DD,2010,Jun,6,2010-06-01,2342
DD,2010,Jul,7,2010-07-01,2403
DD,2010,Aug,8,2010-08-01,2267
DD,2010,Sep,9,2010-09-01,2541
DD,2010,Oct,10,2010-10-01,2783
DD,2010,Nov,11,2010-11-01,2534
DD,2010,Dec,12,2010-12-01,2561
DD,2011,Jan,1,2011-01-01,2348
DD,2011,Feb,2,2011-02-01,2333
DD,2011,Mar,3,2011-03-01,2887
DD,2011,Apr,4,2011-04-01,7691
DD,2011,May,5,2011-05-01,2622
DD,2011,Jun,6,2011-06-01,2095
DD,2011,Jul,7,2011-07-01,4150
DD,2011,Aug,8,2011-08-01,2596
DD,2011,Sep,9,2011-09-01,2770
DD,2011,Oct,10,2011-10-01,2309
DD,2011,Nov,11,2011-11-01,2865
DD,2011,Dec,12,2011-12-01,2345
DD,2012,Jan,1,2012-01-01,2238
DD,2012,Feb,2,2012-02-01,2186
DD,2012,Mar,3,2012-03-01,5083
DD,2012,Apr,4,2012-04-01,5911
DD,2012,May,5,2012-05-01,2727
DD,2012,Jun,6,2012-06-01,2452
DD,2012,Jul,7,2012-07-01,2146
DD,2012,Aug,8,2012-08-01,2233
DD,2012,Sep,9,2012-09-01,2362
DD,2012,Oct,10,2012-10-01,2628
DD,2012,Nov,11,2012-11-01,2096
DD,2012,Dec,12,2012-12-01,2123
DD,2013,Jan,1,2013-01-01,2432
DD,2013,Feb,2,2013-02-01,2231
DD,2013,Mar,3,2013-03-01,4103
DD,2013,Apr,4,2013-04-01,6414
DD,2013,May,5,2013-05-01,2648
DD,2013,Jun,6,2013-06-01,2178
DD,2013,Jul,7,2013-07-01,2140
DD,2013,Aug,8,2013-08-01,2203
DD,2013,Sep,9,2013-09-01,2265
DD,2013,Oct,10,2013-10-01,2348
DD,2013,Nov,11,2013-11-01,1860
DD,2013,Dec,12,2013-12-01,2298
DD,2014,Jan,1,2014-01-01,2115
DD,2014,Feb,2,2014-02-01,2021
DD,2014,Mar,3,2014-03-01,4577
DD,2014,Apr,4,2014-04-01,4883
DD,2014,May,5,2014-05-01,2792
DD,2014,Jun,6,2014-06-01,2223
DD,2014,Jul,7,2014-07-01,2172
DD,2014,Aug,8,2014-08-01,2143
DD,2014,Sep,9,2014-09-01,2527
DD,2014,Oct,10,2014-10-01,2307
DD,2014,Nov,11,2014-11-01,2415
DD,2014,Dec,12,2014-12-01,2450
DD,2015,Jan,1,2015-01-01,2228
DD,2015,Feb,2,2015-02-01,2251
DD,2015,Mar,3,2015-03-01,4526
DD,2015,Apr,4,2015-04-01,5703
DD,2015,May,5,2015-05-01,2411
DD,2015,Jun,6,2015-06-01,2148
DD,2015,Jul,7,2015-07-01,2241
DD,2015,Aug,8,2015-08-01,2551
DD,2015,Sep,9,2015-09-01,2373
DD,2015,Oct,10,2015-10-01,2491
DD,2015,Nov,11,2015-11-01,2042
DD,2015,Dec,12,2015-12-01,2392
DD,2016,Jan,1,2016-01-01,2295
DD,2016,Feb,2,2016-02-01,2579
DD,2016,Mar,3,2016-03-01,5029
DD,2016,Apr,4,2016-04-01,5630
DD,2016,May,5,2016-05-01,3159
DD,2016,Jun,6,2016-06-01,2473
DD,2016,Jul,7,2016-07-01,2311
DD,2016,Aug,8,2016-08-01,2143
DD,2016,Sep,9,2016-09-01,2289
DD,2016,Oct,10,2016-10-01,2347
DD,2016,Nov,11,2016-11-01,2284
DD,2016,Dec,12,2016-12-01,2422
DD,2017,Jan,1,2017-01-01,2137
DD,2017,Feb,2,2017-02-01,2383
DD,2017,Mar,3,2017-03-01,6862
DD,2017,Apr,4,2017-04-01,6062
DD,2017,May,5,2017-05-01,2922
DD,2017,Jun,6,2017-06-01,2376
DD,2017,Jul,7,2017-07-01,2529
DD,2017,Aug,8,2017-08-01,2257
DD,2017,Sep,9,2017-09-01,2606
DD,2017,Oct,10,2017-10-01,2464
DD,2017,Nov,11,2017-11-01,2837
DD,2017,Dec,12,2017-12-01,1688
DD,2018,Jan,1,2018-01-01,3170
DD,2018,Feb,2,2018-02-01,2225
DD,2018,Mar,3,2018-03-01,5733
DD,2018,Apr,4,2018-04-01,8329
DD,2018,May,5,2018-05-01,3947
DD,2018,Jun,6,2018-06-01,2807
DD,2018,Jul,7,2018-07-01,3107
DD,2018,Aug,8,2018-08-01,3138
DD,2018,Sep,9,2018-09-01,3128
DD,2018,Oct,10,2018-10-01,3771
DD,2018,Nov,11,2018-11-01,3910
DD,2018,Dec,12,2018-12-01,3985
DD,2019,Jan,1,2019-01-01,3855
DD,2019,Feb,2,2019-02-01,3971
DD,2019,Mar,3,2019-03-01,7181
DD,2019,Apr,4,2019-04-01,8217
DD,2019,May,5,2019-05-01,4978
DD,2019,Jun,6,2019-06-01,3572
DD,2019,Jul,7,2019-07-01,4012
DD,2019,Aug,8,2019-08-01,3470
DD,2019,Sep,9,2019-09-01,4328
DD,2019,Oct,10,2019-10-01,3963
DD,2019,Nov,11,2019-11-01,3936
DD,2019,Dec,12,2019-12-01,3596
DD,2020,Jan,1,2020-01-01,3263
DD,2020,Feb,2,2020-02-01,2084
DD,2020,Mar,3,2020-03-01,5493
DD,2020,Apr,4,2020-04-01,190
DD,2020,May,5,2020-05-01,5343
DD,2020,Jun,6,2020-06-01,4015
DD,2020,Jul,7,2020-07-01,3106
DD,2020,Aug,8,2020-08-01,2789
DD,2020,Sep,9,2020-09-01,4092
DD,2020,Oct,10,2020-10-01,4315
DD,2020,Nov,11,2020-11-01,3255
DD,2020,Dec,12,2020-12-01,4053
DD,2021,Jan,1,2021-01-01,4541
DD,2021,Feb,2,2021-02-01,4293
DD,2021,Mar,3,2021-03-01,8100
DD,2021,Apr,4,2021-04-01,7878
DD,2021,May,5,2021-05-01,3126
DD,2021,Jun,6,2021-06-01,3738
DD,2021,Jul,7,2021-07-01,4081
DD,2021,Aug,8,2021-08-01,4490
DD,2021,Sep,9,2021-09-01,5617
DD,2021,Oct,10,2021-10-01,5903
DD,2021,Nov,11,2021-11-01,6204
DD,2021,Dec,12,2021-12-01,6199
DD,2022,Jan,1,2022-01-01,8008
DD,2022,Feb,2,2022-02-01,6478
DD,2022,Mar,3,2022-03-01,11670
DD,2022,Apr,4,2022-04-01,11354
DD,2022,May,5,2022-05-01,5398
DD,2022,Jun,6,2022-06-01,4934
DD,2022,Jul,7,2022-07-01,4685
DD,2022,Aug,8,2022-08-01,4990
DD,2022,Sep,9,2022-09-01,6242
DD,2022,Oct,10,2022-10-01,6505
DD,2022,Nov,11,2022-11-01,7316
DD,2022,Dec,12,2022-12-01,6430
DD,2023,Jan,1,2023-01-01,7376
DD,2023,Feb,2,2023-02-01,7539
DD,2023,Mar,3,2023-03-01,14771
DD,2023,Apr,4,2023-04-01,15130
DD,2023,May,5,2023-05-01,8176
DD,2023,Jun,6,2023-06-01,7697
DD,2023,Jul,7,2023-07-01,8728
DD,2023,Aug,8,2023-08-01,8717
DD,2023,Sep,9,2023-09-01,9116
DD,2023,Oct,10,2023-10-01,12091
DD,2023,Nov,11,2023-11-01,10975
DD,2023,Dec,12,2023-12-01,12954
DD,2024,Jan,1,2024-01-01,13751
DD,2024,Feb,2,2024-02-01,13043
DD,2024,Mar,3,2024-03-01,18180
DD,2024,Apr,4,2024-04-01,35916
DD,2024,May,5,2024-05-01,11333
DD,2024,Jun,6,2024-06-01,9016
DD,2024,Jul,7,2024-07-01,13516
DD,2024,Aug,8,2024-08-01,11377
DD,2024,Sep,9,2024-09-01,11267
DD,2024,Oct,10,2024-10-01,16091
DD,2024,Nov,11,2024-11-01,10412
DD,2024,Dec,12,2024-12-01,10254
DD,2025,Jan,1,2025-01-01,12693
DD,2025,Feb,2,2025-02-01,11513
DD,2025,Mar,3,2025-03-01,30867
DD,2025,Apr,4,2025-04-01,34107
DD,2025,May,5,2025-05-01,12897
DD,2025,Jun,6,2025-06-01,11621
DD,2025,Jul,7,2025-07-01,14951
DD,2025,Aug,8,2025-08-01,10571
DD,2025,Sep,9,2025-09-01,11991
DD,2025,Oct,10,2025-10-01,15781
DD,2025,Nov,11,2025-11-01,10259
DD,2025,Dec,12,2025-12-01,13558
DD,2026,Jan,1,2026-01-01,13324
DD,2026,Feb,2,2026-02-01,10293
DD,2026,Mar,3,2026-03-01,34821
DD,2026,Apr,4,2026-04-01,34029
DD,2026,May,5,2026-05-01,11570
DD,2026,Jun,6,2026-06-01,13035
DD,2026,Jul,7,2026-07-01,15535
DD,2026,Aug,8,2026-08-01,4046
DD,2026,Sep,9,2026-09-01,10298
DD,2026,Oct,10,2026-10-01,9078
DD,2026,Nov,11,2026-11-01,8993
DD,2026,Dec,12,2026-12-01,7708
DL,2010,Jan,1,2010-01-01,3364
DL,2010,Feb,2,2010-02-01,3025
DL,2010,Mar,3,2010-03-01,6425
DL,2010,Apr,4,2010-04-01,5249
DL,2010,May,5,2010-05-01,5082
DL,2010,Jun,6,2010-06-01,8631
DL,2010,Jul,7,2010-07-01,5244
DL,2010,Aug,8,2010-08-01,4466
DL,2010,Sep,9,2010-09-01,3617
DL,2010,Oct,10,2010-10-01,3615
DL,2010,Nov,11,2010-11-01,3826
DL,2010,Dec,12,2010-12-01,4395
DL,2011,Jan,1,2011-01-01,4985
DL,2011,Feb,2,2011-02-01,8029
DL,2011,Mar,3,2011-03-01,8214
DL,2011,Apr,4,2011-04-01,11073
DL,2011,May,5,2011-05-01,9212
DL,2011,Jun,6,2011-06-01,12386
DL,2011,Jul,7,2011-07-01,5889
DL,2011,Aug,8,2011-08-01,22228
DL,2011,Sep,9,2011-09-01,25437
DL,2011,Oct,10,2011-10-01,18510
DL,2011,Nov,11,2011-11-01,19153
DL,2011,Dec,12,2011-12-01,21491
DL,2012,Jan,1,2012-01-01,17858
DL,2012,Feb,2,2012-02-01,15898
DL,2012,Mar,3,2012-03-01,18811
DL,2012,Apr,4,2012-04-01,23934
DL,2012,May,5,2012-05-01,31223
DL,2012,Jun,6,2012-06-01,30141
DL,2012,Jul,7,2012-07-01,25012
DL,2012,Aug,8,2012-08-01,26655
DL,2012,Sep,9,2012-09-01,23222
DL,2012,Oct,10,2012-10-01,30287
DL,2012,Nov,11,2012-11-01,51991
DL,2012,Dec,12,2012-12-01,91093
DL,2013,Jan,1,2013-01-01,91034
DL,2013,Feb,2,2013-02-01,82534
DL,2013,Mar,3,2013-03-01,93950
DL,2013,Apr,4,2013-04-01,120484
DL,2013,May,5,2013-05-01,89897
DL,2013,Jun,6,2013-06-01,69107
DL,2013,Jul,7,2013-07-01,76597
DL,2013,Aug,8,2013-08-01,67926
DL,2013,Sep,9,2013-09-01,69864
DL,2013,Oct,10,2013-10-01,73731
DL,2013,Nov,11,2013-11-01,64014
DL,2013,Dec,12,2013-12-01,66709
DL,2014,Jan,1,2014-01-01,79982
DL,2014,Feb,2,2014-02-01,74532
DL,2014,Mar,3,2014-03-01,97021
DL,2014,Apr,4,2014-04-01,117313
DL,2014,May,5,2014-05-01,84328
DL,2014,Jun,6,2014-06-01,81013
DL,2014,Jul,7,2014-07-01,84812
DL,2014,Aug,8,2014-08-01,80734
DL,2014,Sep,9,2014-09-01,93014
DL,2014,Oct,10,2014-10-01,84909
DL,2014,Nov,11,2014-11-01,91273
DL,2014,Dec,12,2014-12-01,90834
DL,2015,Jan,1,2015-01-01,97702
DL,2015,Feb,2,2015-02-01,86599
DL,2015,Mar,3,2015-03-01,111357
DL,2015,Apr,4,2015-04-01,130811
DL,2015,May,5,2015-05-01,97735
DL,2015,Jun,6,2015-06-01,97227
DL,2015,Jul,7,2015-07-01,101296
DL,2015,Aug,8,2015-08-01,88827
DL,2015,Sep,9,2015-09-01,92800
DL,2015,Oct,10,2015-10-01,98866
DL,2015,Nov,11,2015-11-01,89744
DL,2015,Dec,12,2015-12-01,95823
DL,2016,Jan,1,2016-01-01,96179
DL,2016,Feb,2,2016-02-01,107726
DL,2016,Mar,3,2016-03-01,134102
DL,2016,Apr,4,2016-04-01,114019
DL,2016,May,5,2016-05-01,111909
DL,2016,Jun,6,2016-06-01,103517
DL,2016,Jul,7,2016-07-01,98566
DL,2016,Aug,8,2016-08-01,96380
DL,2016,Sep,9,2016-09-01,92881
DL,2016,Oct,10,2016-10-01,99184
DL,2016,Nov,11,2016-11-01,80849
DL,2016,Dec,12,2016-12-01,79925
DL,2017,Jan,1,2017-01-01,94390
DL,2017,Feb,2,2017-02-01,89565
DL,2017,Mar,3,2017-03-01,110252
DL,2017,Apr,4,2017-04-01,112735
DL,2017,May,5,2017-05-01,92529
DL,2017,Jun,6,2017-06-01,70754
DL,2017,Jul,7,2017-07-01,74744
DL,2017,Aug,8,2017-08-01,73919
DL,2017,Sep,9,2017-09-01,75141
DL,2017,Oct,10,2017-10-01,80473
DL,2017,Nov,11,2017-11-01,105702
DL,2017,Dec,12,2017-12-01,97537
DL,2018,Jan,1,2018-01-01,118698
DL,2018,Feb,2,2018-02-01,111146
DL,2018,Mar,3,2018-03-01,112732
DL,2018,Apr,4,2018-04-01,130824
DL,2018,May,5,2018-05-01,110613
DL,2018,Jun,6,2018-06-01,91082
DL,2018,Jul,7,2018-07-01,97111
DL,2018,Aug,8,2018-08-01,91007
DL,2018,Sep,9,2018-09-01,94280
DL,2018,Oct,10,2018-10-01,114155
DL,2018,Nov,11,2018-11-01,96989
DL,2018,Dec,12,2018-12-01,100411
DL,2019,Jan,1,2019-01-01,108126
DL,2019,Feb,2,2019-02-01,101537
DL,2019,Mar,3,2019-03-01,116145
DL,2019,Apr,4,2019-04-01,140616
DL,2019,May,5,2019-05-01,107597
DL,2019,Jun,6,2019-06-01,88363
DL,2019,Jul,7,2019-07-01,94720
DL,2019,Aug,8,2019-08-01,88077
DL,2019,Sep,9,2019-09-01,104447
DL,2019,Oct,10,2019-10-01,105717
DL,2019,Nov,11,2019-11-01,98025
DL,2019,Dec,12,2019-12-01,75786
DL,2020,Jan,1,2020-01-01,86774
DL,2020,Feb,2,2020-02-01,74328
DL,2020,Mar,3,2020-03-01,58017
DL,2020,Apr,4,2020-04-01,9638
DL,2020,May,5,2020-05-01,20527
DL,2020,Jun,6,2020-06-01,48249
DL,2020,Jul,7,2020-07-01,61793
DL,2020,Aug,8,2020-08-01,57584
DL,2020,Sep,9,2020-09-01,57835
DL,2020,Oct,10,2020-10-01,64852
DL,2020,Nov,11,2020-11-01,54409
DL,2020,Dec,12,2020-12-01,87428
DL,2021,Jan,1,2021-01-01,81120
DL,2021,Feb,2,2021-02-01,97218
DL,2021,Mar,3,2021-03-01,133545
DL,2021,Apr,4,2021-04-01,77770
DL,2021,May,5,2021-05-01,10512
DL,2021,Jun,6,2021-06-01,74016
DL,2021,Jul,7,2021-07-01,91041
DL,2021,Aug,8,2021-08-01,79537
DL,2021,Sep,9,2021-09-01,122016
DL,2021,Oct,10,2021-10-01,109200
DL,2021,Nov,11,2021-11-01,109403
DL,2021,Dec,12,2021-12-01,101254
DL,2022,Jan,1,2022-01-01,96738
DL,2022,Feb,2,2022-02-01,103346
DL,2022,Mar,3,2022-03-01,129926
DL,2022,Apr,4,2022-04-01,139776
DL,2022,May,5,2022-05-01,80264
DL,2022,Jun,6,2022-06-01,88027
DL,2022,Jul,7,2022-07-01,87115
DL,2022,Aug,8,2022-08-01,77919
DL,2022,Sep,9,2022-09-01,91057
DL,2022,Oct,10,2022-10-01,96759
DL,2022,Nov,11,2022-11-01,94139
DL,2022,Dec,12,2022-12-01,112631
DL,2023,Jan,1,2023-01-01,116989
DL,2023,Feb,2,2023-02-01,109251
DL,2023,Mar,3,2023-03-01,156124
DL,2023,Apr,4,2023-04-01,147621
DL,2023,May,5,2023-05-01,86126
DL,2023,Jun,6,2023-06-01,99077
DL,2023,Jul,7,2023-07-01,86040
DL,2023,Aug,8,2023-08-01,91482
DL,2023,Sep,9,2023-09-01,104545
DL,2023,Oct,10,2023-10-01,118983
DL,2023,Nov,11,2023-11-01,105926
DL,2023,Dec,12,2023-12-01,104529
DL,2024,Jan,1,2024-01-01,126816
DL,2024,Feb,2,2024-02-01,117142
DL,2024,Mar,3,2024-03-01,136865
DL,2024,Apr,4,2024-04-01,150511
DL,2024,May,5,2024-05-01,98698
DL,2024,Jun,6,2024-06-01,87930
DL,2024,Jul,7,2024-07-01,91843
DL,2024,Aug,8,2024-08-01,82305
DL,2024,Sep,9,2024-09-01,109178
DL,2024,Oct,10,2024-10-01,124480
DL,2024,Nov,11,2024-11-01,123950
DL,2024,Dec,12,2024-12-01,115806
DL,2025,Jan,1,2025-01-01,127602
DL,2025,Feb,2,2025-02-01,127634
DL,2025,Mar,3,2025-03-01,156923
DL,2025,Apr,4,2025-04-01,160856
DL,2025,May,5,2025-05-01,117710
DL,2025,Jun,6,2025-06-01,95332
DL,2025,Jul,7,2025-07-01,108295
DL,2025,Aug,8,2025-08-01,97515
DL,2025,Sep,9,2025-09-01,115892
DL,2025,Oct,10,2025-10-01,118702
DL,2025,Nov,11,2025-11-01,113257
DL,2025,Dec,12,2025-12-01,102831
DL,2026,Jan,1,2026-01-01,108637
DL,2026,Feb,2,2026-02-01,101429
DL,2026,Mar,3,2026-03-01,130801
DL,2026,Apr,4,2026-04-01,175348
DL,2026,May,5,2026-05-01,89092
DL,2026,Jun,6,2026-06-01,91702
DL,2026,Jul,7,2026-07-01,96332
DL,2026,Aug,8,2026-08-01,18722
DL,2026,Sep,9,2026-09-01,195496
DL,2026,Oct,10,2026-10-01,169319
DL,2026,Nov,11,2026-11-01,166515
DL,2026,Dec,12,2026-12-01,151106
DN,2010,Jan,1,2010-01-01,1969975
DN,2010,Feb,2,2010-02-01,1622627
DN,2010,Mar,3,2010-03-01,1775358
DN,2010,Apr,4,2010-04-01,2438023
DN,2010,May,5,2010-05-01,1752469
DN,2010,Jun,6,2010-06-01,1522774
DN,2010,Jul,7,2010-07-01,2424960
DN,2010,Aug,8,2010-08-01,1868506
DN,2010,Sep,9,2010-09-01,1586009
DN,2010,Oct,10,2010-10-01,2393482
DN,2010,Nov,11,2010-11-01,1842260
DN,2010,Dec,12,2010-12-01,1776418
DN,2011,Jan,1,2011-01-01,2619618
DN,2011,Feb,2,2011-02-01,1985417
DN,2011,Mar,3,2011-03-01,2358180
DN,2011,Apr,4,2011-04-01,2935968
DN,2011,May,5,2011-05-01,2370476
DN,2011,Jun,6,2011-06-01,2039414
DN,2011,Jul,7,2011-07-01,2945380
DN,2011,Aug,8,2011-08-01,2340800
DN,2011,Sep,9,2011-09-01,2196479
DN,2011,Oct,10,2011-10-01,2832650
DN,2011,Nov,11,2011-11-01,2491428
DN,2011,Dec,12,2011-12-01,2312659
DN,2012,Jan,1,2012-01-01,3211738
DN,2012,Feb,2,2012-02-01,2483183
DN,2012,Mar,3,2012-03-01,2730791
DN,2012,Apr,4,2012-04-01,3535930
DN,2012,May,5,2012-05-01,2727420
DN,2012,Jun,6,2012-06-01,2374045
DN,2012,Jul,7,2012-07-01,3487262
DN,2012,Aug,8,2012-08-01,2607024
DN,2012,Sep,9,2012-09-01,2364231
DN,2012,Oct,10,2012-10-01,3543989
DN,2012,Nov,11,2012-11-01,2798445
DN,2012,Dec,12,2012-12-01,2719021
DN,2013,Jan,1,2013-01-01,3770000
DN,2013,Feb,2,2013-02-01,2891115
DN,2013,Mar,3,2013-03-01,3101347
DN,2013,Apr,4,2013-04-01,4195969
DN,2013,May,5,2013-05-01,3129817
DN,2013,Jun,6,2013-06-01,2582614
DN,2013,Jul,7,2013-07-01,3740043
DN,2013,Aug,8,2013-08-01,2806720
DN,2013,Sep,9,2013-09-01,2712262
DN,2013,Oct,10,2013-10-01,3771212
DN,2013,Nov,11,2013-11-01,2910232
DN,2013,Dec,12,2013-12-01,2999849
DN,2014,Jan,1,2014-01-01,3962752
DN,2014,Feb,2,2014-02-01,2950438
DN,2014,Mar,3,2014-03-01,3341406
DN,2014,Apr,4,2014-04-01,4180100
DN,2014,May,5,2014-05-01,3327474
DN,2014,Jun,6,2014-06-01,2963097
DN,2014,Jul,7,2014-07-01,4052009
DN,2014,Aug,8,2014-08-01,3152390
DN,2014,Sep,9,2014-09-01,3196080
DN,2014,Oct,10,2014-10-01,3800958
DN,2014,Nov,11,2014-11-01,3377779
DN,2014,Dec,12,2014-12-01,3401850
DN,2015,Jan,1,2015-01-01,4179551
DN,2015,Feb,2,2015-02-01,3431088
DN,2015,Mar,3,2015-03-01,3837650
DN,2015,Apr,4,2015-04-01,4490765
DN,2015,May,5,2015-05-01,3578587
DN,2015,Jun,6,2015-06-01,3378836
DN,2015,Jul,7,2015-07-01,4352990
DN,2015,Aug,8,2015-08-01,3480404
DN,2015,Sep,9,2015-09-01,3278022
DN,2015,Oct,10,2015-10-01,4258044
DN,2015,Nov,11,2015-11-01,3432437
DN,2015,Dec,12,2015-12-01,3632538
DN,2016,Jan,1,2016-01-01,4423218
DN,2016,Feb,2,2016-02-01,3975119
DN,2016,Mar,3,2016-03-01,4180668
DN,2016,Apr,4,2016-04-01,5338914
DN,2016,May,5,2016-05-01,4156345
DN,2016,Jun,6,2016-06-01,3666810
DN,2016,Jul,7,2016-07-01,4339940
DN,2016,Aug,8,2016-08-01,3825099
DN,2016,Sep,9,2016-09-01,3501512
DN,2016,Oct,10,2016-10-01,4441885
DN,2016,Nov,11,2016-11-01,3740319
DN,2016,Dec,12,2016-12-01,3453773
DN,2017,Jan,1,2017-01-01,4611729
DN,2017,Feb,2,2017-02-01,4023680
DN,2017,Mar,3,2017-03-01,4928686
DN,2017,Apr,4,2017-04-01,6150115
DN,2017,May,5,2017-05-01,4409384
DN,2017,Jun,6,2017-06-01,3670973
DN,2017,Jul,7,2017-07-01,4870761
DN,2017,Aug,8,2017-08-01,4004418
DN,2017,Sep,9,2017-09-01,3548520
DN,2017,Oct,10,2017-10-01,4807042
DN,2017,Nov,11,2017-11-01,4469748
DN,2017,Dec,12,2017-12-01,4058092
DN,2018,Jan,1,2018-01-01,5270561
DN,2018,Feb,2,2018-02-01,4530679
DN,2018,Mar,3,2018-03-01,4940918
DN,2018,Apr,4,2018-04-01,5887364
DN,2018,May,5,2018-05-01,5030486
DN,2018,Jun,6,2018-06-01,4104361
DN,2018,Jul,7,2018-07-01,5520225
DN,2018,Aug,8,2018-08-01,4533993
DN,2018,Sep,9,2018-09-01,4824206
DN,2018,Oct,10,2018-10-01,6158159
DN,2018,Nov,11,2018-11-01,4881320
DN,2018,Dec,12,2018-12-01,4842962
DN,2019,Jan,1,2019-01-01,5910688
DN,2019,Feb,2,2019-02-01,4880609
DN,2019,Mar,3,2019-03-01,5389586
DN,2019,Apr,4,2019-04-01,6192271
DN,2019,May,5,2019-05-01,5288967
DN,2019,Jun,6,2019-06-01,4294011
DN,2019,Jul,7,2019-07-01,5804783
DN,2019,Aug,8,2019-08-01,4653356
DN,2019,Sep,9,2019-09-01,4566397
DN,2019,Oct,10,2019-10-01,5310373
DN,2019,Nov,11,2019-11-01,5150736
DN,2019,Dec,12,2019-12-01,4598250
DN,2020,Jan,1,2020-01-01,5640959
DN,2020,Feb,2,2020-02-01,5186242
DN,2020,Mar,3,2020-03-01,4148199
DN,2020,Apr,4,2020-04-01,468943
DN,2020,May,5,2020-05-01,1363710
DN,2020,Jun,6,2020-06-01,3726111
DN,2020,Jul,7,2020-07-01,3500955
DN,2020,Aug,8,2020-08-01,3031602
DN,2020,Sep,9,2020-09-01,3648135
DN,2020,Oct,10,2020-10-01,4037286
DN,2020,Nov,11,2020-11-01,3697323
DN,2020,Dec,12,2020-12-01,4708473
DN,2021,Jan,1,2021-01-01,4619712
DN,2021,Feb,2,2021-02-01,4621676
DN,2021,Mar,3,2021-03-01,5286072
DN,2021,Apr,4,2021-04-01,3863292
DN,2021,May,5,2021-05-01,1337467
DN,2021,Jun,6,2021-06-01,2905463
DN,2021,Jul,7,2021-07-01,4290175
DN,2021,Aug,8,2021-08-01,4517138
DN,2021,Sep,9,2021-09-01,4708455
DN,2021,Oct,10,2021-10-01,4744605
DN,2021,Nov,11,2021-11-01,4800095
DN,2021,Dec,12,2021-12-01,5214777
DN,2022,Jan,1,2022-01-01,5149100
DN,2022,Feb,2,2022-02-01,5015891
DN,2022,Mar,3,2022-03-01,5774348
DN,2022,Apr,4,2022-04-01,5784207
DN,2022,May,5,2022-05-01,4720694
DN,2022,Jun,6,2022-06-01,4721124
DN,2022,Jul,7,2022-07-01,5368640
DN,2022,Aug,8,2022-08-01,4906473
DN,2022,Sep,9,2022-09-01,5101663
DN,2022,Oct,10,2022-10-01,5397402
DN,2022,Nov,11,2022-11-01,5905677
DN,2022,Dec,12,2022-12-01,5729877
DN,2023,Jan,1,2023-01-01,6460107
DN,2023,Feb,2,2023-02-01,5918372
DN,2023,Mar,3,2023-03-01,6897826
DN,2023,Apr,4,2023-04-01,6933766
DN,2023,May,5,2023-05-01,6138463
DN,2023,Jun,6,2023-06-01,5583441
DN,2023,Jul,7,2023-07-01,6589063
DN,2023,Aug,8,2023-08-01,6184569
DN,2023,Sep,9,2023-09-01,6056260
DN,2023,Oct,10,2023-10-01,7300243
DN,2023,Nov,11,2023-11-01,6478763
DN,2023,Dec,12,2023-12-01,6746975
DN,2024,Jan,1,2024-01-01,7980932
DN,2024,Feb,2,2024-02-01,7071417
DN,2024,Mar,3,2024-03-01,7248040
DN,2024,Apr,4,2024-04-01,8080675
DN,2024,May,5,2024-05-01,6683666
DN,2024,Jun,6,2024-06-01,5770451
DN,2024,Jul,7,2024-07-01,7449803
DN,2024,Aug,8,2024-08-01,6348539
DN,2024,Sep,9,2024-09-01,6253122
DN,2024,Oct,10,2024-10-01,7418714
DN,2024,Nov,11,2024-11-01,6783962
DN,2024,Dec,12,2024-12-01,6902743
DN,2025,Jan,1,2025-01-01,8396369
DN,2025,Feb,2,2025-02-01,6887598
DN,2025,Mar,3,2025-03-01,7576643
DN,2025,Apr,4,2025-04-01,8275416
DN,2025,May,5,2025-05-01,6878690
DN,2025,Jun,6,2025-06-01,6191446
DN,2025,Jul,7,2025-07-01,7738579
DN,2025,Aug,8,2025-08-01,6434516
DN,2025,Sep,9,2025-09-01,6556969
DN,2025,Oct,10,2025-10-01,7905556
DN,2025,Nov,11,2025-11-01,7484460
DN,2025,Dec,12,2025-12-01,7768437
DN,2026,Jan,1,2026-01-01,8675694
DN,2026,Feb,2,2026-02-01,7490252
DN,2026,Mar,3,2026-03-01,7870232
DN,2026,Apr,4,2026-04-01,8605497
DN,2026,May,5,2026-05-01,6747859
DN,2026,Jun,6,2026-06-01,6727340
DN,2026,Jul,7,2026-07-01,7856180
DN,2026,Aug,8,2026-08-01,1534268
DN,2026,Sep,9,2026-09-01,7363627
DN,2026,Oct,10,2026-10-01,7157085
DN,2026,Nov,11,2026-11-01,6916976
DN,2026,Dec,12,2026-12-01,6893255
GA,2010,Jan,1,2010-01-01,451
GA,2010,Feb,2,2010-02-01,356
GA,2010,Mar,3,2010-03-01,315
GA,2010,Apr,4,2010-04-01,1785
GA,2010,May,5,2010-05-01,1041
GA,2010,Jun,6,2010-06-01,484
GA,2010,Jul,7,2010-07-01,446
GA,2010,Aug,8,2010-08-01,804
GA,2010,Sep,9,2010-09-01,1858
GA,2010,Oct,10,2010-10-01,3960
GA,2010,Nov,11,2010-11-01,4883
GA,2010,Dec,12,2010-12-01,4717
GA,2011,Jan,1,2011-01-01,4576
GA,2011,Feb,2,2011-02-01,3726
GA,2011,Mar,3,2011-03-01,4033
GA,2011,Apr,4,2011-04-01,5411
GA,2011,May,5,2011-05-01,5146
GA,2011,Jun,6,2011-06-01,2587
GA,2011,Jul,7,2011-07-01,2647
GA,2011,Aug,8,2011-08-01,4775
GA,2011,Sep,9,2011-09-01,5141
GA,2011,Oct,10,2011-10-01,6075
GA,2011,Nov,11,2011-11-01,6178
GA,2011,Dec,12,2011-12-01,4680
GA,2012,Jan,1,2012-01-01,4077
GA,2012,Feb,2,2012-02-01,3078
GA,2012,Mar,3,2012-03-01,2838
GA,2012,Apr,4,2012-04-01,6155
GA,2012,May,5,2012-05-01,7448
GA,2012,Jun,6,2012-06-01,2598
GA,2012,Jul,7,2012-07-01,3125
GA,2012,Aug,8,2012-08-01,3093
GA,2012,Sep,9,2012-09-01,3548
GA,2012,Oct,10,2012-10-01,3719
GA,2012,Nov,11,2012-11-01,3531
GA,2012,Dec,12,2012-12-01,2412
GA,2013,Jan,1,2013-01-01,2947
GA,2013,Feb,2,2013-02-01,2585
GA,2013,Mar,3,2013-03-01,2925
GA,2013,Apr,4,2013-04-01,5710
GA,2013,May,5,2013-05-01,5812
GA,2013,Jun,6,2013-06-01,2345
GA,2013,Jul,7,2013-07-01,2269
GA,2013,Aug,8,2013-08-01,3167
GA,2013,Sep,9,2013-09-01,3191
GA,2013,Oct,10,2013-10-01,5130
GA,2013,Nov,11,2013-11-01,4088
GA,2013,Dec,12,2013-12-01,3567
GA,2014,Jan,1,2014-01-01,4890
GA,2014,Feb,2,2014-02-01,3289
GA,2014,Mar,3,2014-03-01,2956
GA,2014,Apr,4,2014-04-01,18805
GA,2014,May,5,2014-05-01,14186
GA,2014,Jun,6,2014-06-01,5215
GA,2014,Jul,7,2014-07-01,6149
GA,2014,Aug,8,2014-08-01,5656
GA,2014,Sep,9,2014-09-01,5609
GA,2014,Oct,10,2014-10-01,6175
GA,2014,Nov,11,2014-11-01,5773
GA,2014,Dec,12,2014-12-01,5579
GA,2015,Jan,1,2015-01-01,5732
GA,2015,Feb,2,2015-02-01,4575
GA,2015,Mar,3,2015-03-01,5414
GA,2015,Apr,4,2015-04-01,19045
GA,2015,May,5,2015-05-01,12781
GA,2015,Jun,6,2015-06-01,5550
GA,2015,Jul,7,2015-07-01,5656
GA,2015,Aug,8,2015-08-01,5486
GA,2015,Sep,9,2015-09-01,5406
GA,2015,Oct,10,2015-10-01,6442
GA,2015,Nov,11,2015-11-01,5964
GA,2015,Dec,12,2015-12-01,6138
GA,2016,Jan,1,2016-01-01,6007
GA,2016,Feb,2,2016-02-01,5395
GA,2016,Mar,3,2016-03-01,6210
GA,2016,Apr,4,2016-04-01,18819
GA,2016,May,5,2016-05-01,16324
GA,2016,Jun,6,2016-06-01,7200
GA,2016,Jul,7,2016-07-01,5936
GA,2016,Aug,8,2016-08-01,7026
GA,2016,Sep,9,2016-09-01,6348
GA,2016,Oct,10,2016-10-01,9170
GA,2016,Nov,11,2016-11-01,8019
GA,2016,Dec,12,2016-12-01,7698
GA,2017,Jan,1,2017-01-01,8172
GA,2017,Feb,2,2017-02-01,7815
GA,2017,Mar,3,2017-03-01,11188
GA,2017,Apr,4,2017-04-01,25292
GA,2017,May,5,2017-05-01,21319
GA,2017,Jun,6,2017-06-01,9118
GA,2017,Jul,7,2017-07-01,8449
GA,2017,Aug,8,2017-08-01,9226
GA,2017,Sep,9,2017-09-01,9370
GA,2017,Oct,10,2017-10-01,12510
GA,2017,Nov,11,2017-11-01,13054
GA,2017,Dec,12,2017-12-01,13437
GA,2018,Jan,1,2018-01-01,17503
GA,2018,Feb,2,2018-02-01,12646
GA,2018,Mar,3,2018-03-01,13173
GA,2018,Apr,4,2018-04-01,25045
GA,2018,May,5,2018-05-01,22136
GA,2018,Jun,6,2018-06-01,10787
GA,2018,Jul,7,2018-07-01,11590
GA,2018,Aug,8,2018-08-01,12631
GA,2018,Sep,9,2018-09-01,11777
GA,2018,Oct,10,2018-10-01,18870
GA,2018,Nov,11,2018-11-01,18869
GA,2018,Dec,12,2018-12-01,17112
GA,2019,Jan,1,2019-01-01,22211
GA,2019,Feb,2,2019-02-01,16453
GA,2019,Mar,3,2019-03-01,17772
GA,2019,Apr,4,2019-04-01,29990
GA,2019,May,5,2019-05-01,27711
GA,2019,Jun,6,2019-06-01,13403
GA,2019,Jul,7,2019-07-01,15471
GA,2019,Aug,8,2019-08-01,16593
GA,2019,Sep,9,2019-09-01,15341
GA,2019,Oct,10,2019-10-01,18208
GA,2019,Nov,11,2019-11-01,19960
GA,2019,Dec,12,2019-12-01,18018
GA,2020,Jan,1,2020-01-01,17526
GA,2020,Feb,2,2020-02-01,14596
GA,2020,Mar,3,2020-03-01,12471
GA,2020,Apr,4,2020-04-01,1675
GA,2020,May,5,2020-05-01,21075
GA,2020,Jun,6,2020-06-01,9778
GA,2020,Jul,7,2020-07-01,7680
GA,2020,Aug,8,2020-08-01,8074
GA,2020,Sep,9,2020-09-01,11933
GA,2020,Oct,10,2020-10-01,14054
GA,2020,Nov,11,2020-11-01,13815
GA,2020,Dec,12,2020-12-01,14716
GA,2021,Jan,1,2021-01-01,12917
GA,2021,Feb,2,2021-02-01,12937
GA,2021,Mar,3,2021-03-01,17287
GA,2021,Apr,4,2021-04-01,18610
GA,2021,May,5,2021-05-01,4526
GA,2021,Jun,6,2021-06-01,11558
GA,2021,Jul,7,2021-07-01,11513
GA,2021,Aug,8,2021-08-01,14293
GA,2021,Sep,9,2021-09-01,18692
GA,2021,Oct,10,2021-10-01,21430
GA,2021,Nov,11,2021-11-01,23494
GA,2021,Dec,12,2021-12-01,23648
GA,2022,Jan,1,2022-01-01,17229
GA,2022,Feb,2,2022-02-01,14582
GA,2022,Mar,3,2022-03-01,20390
GA,2022,Apr,4,2022-04-01,33325
GA,2022,May,5,2022-05-01,21453
GA,2022,Jun,6,2022-06-01,14245
GA,2022,Jul,7,2022-07-01,14428
GA,2022,Aug,8,2022-08-01,18369
GA,2022,Sep,9,2022-09-01,20732
GA,2022,Oct,10,2022-10-01,23034
GA,2022,Nov,11,2022-11-01,25220
GA,2022,Dec,12,2022-12-01,26339
GA,2023,Jan,1,2023-01-01,21613
GA,2023,Feb,2,2023-02-01,21328
GA,2023,Mar,3,2023-03-01,27410
GA,2023,Apr,4,2023-04-01,43412
GA,2023,May,5,2023-05-01,29074
GA,2023,Jun,6,2023-06-01,17758
GA,2023,Jul,7,2023-07-01,17861
GA,2023,Aug,8,2023-08-01,20436
GA,2023,Sep,9,2023-09-01,22764
GA,2023,Oct,10,2023-10-01,26309
GA,2023,Nov,11,2023-11-01,27094
GA,2023,Dec,12,2023-12-01,23990
GA,2024,Jan,1,2024-01-01,24391
GA,2024,Feb,2,2024-02-01,20889
GA,2024,Mar,3,2024-03-01,22682
GA,2024,Apr,4,2024-04-01,48749
GA,2024,May,5,2024-05-01,28010
GA,2024,Jun,6,2024-06-01,15750
GA,2024,Jul,7,2024-07-01,17988
GA,2024,Aug,8,2024-08-01,19909
GA,2024,Sep,9,2024-09-01,20813
GA,2024,Oct,10,2024-10-01,26518
GA,2024,Nov,11,2024-11-01,24853
GA,2024,Dec,12,2024-12-01,23212
GA,2025,Jan,1,2025-01-01,26099
GA,2025,Feb,2,2025-02-01,20918
GA,2025,Mar,3,2025-03-01,23750
GA,2025,Apr,4,2025-04-01,48607
GA,2025,May,5,2025-05-01,28373
GA,2025,Jun,6,2025-06-01,18171
GA,2025,Jul,7,2025-07-01,18830
GA,2025,Aug,8,2025-08-01,16774
GA,2025,Sep,9,2025-09-01,22772
GA,2025,Oct,10,2025-10-01,25299
GA,2025,Nov,11,2025-11-01,23024
GA,2025,Dec,12,2025-12-01,23671
GA,2026,Jan,1,2026-01-01,23773
GA,2026,Feb,2,2026-02-01,21802
GA,2026,Mar,3,2026-03-01,23783
GA,2026,Apr,4,2026-04-01,45954
GA,2026,May,5,2026-05-01,26996
GA,2026,Jun,6,2026-06-01,18663
GA,2026,Jul,7,2026-07-01,19604
GA,2026,Aug,8,2026-08-01,4011
GA,2026,Sep,9,2026-09-01,36956
GA,2026,Oct,10,2026-10-01,33873
GA,2026,Nov,11,2026-11-01,34114
GA,2026,Dec,12,2026-12-01,31326
GJ,2010,Jan,1,2010-01-01,7584
GJ,2010,Feb,2,2010-02-01,10922
GJ,2010,Mar,3,2010-03-01,11710
GJ,2010,Apr,4,2010-04-01,11118
GJ,2010,May,5,2010-05-01,9057
GJ,2010,Jun,6,2010-06-01,10810
GJ,2010,Jul,7,2010-07-01,13313
GJ,2010,Aug,8,2010-08-01,12699
GJ,2010,Sep,9,2010-09-01,16023
GJ,2010,Oct,10,2010-10-01,25204
GJ,2010,Nov,11,2010-11-01,22270
GJ,2010,Dec,12,2010-12-01,21541
GJ,2011,Jan,1,2011-01-01,26180
GJ,2011,Feb,2,2011-02-01,28745
GJ,2011,Mar,3,2011-03-01,35661
GJ,2011,Apr,4,2011-04-01,32241
GJ,2011,May,5,2011-05-01,30399
GJ,2011,Jun,6,2011-06-01,35955
GJ,2011,Jul,7,2011-07-01,35901
GJ,2011,Aug,8,2011-08-01,33795
GJ,2011,Sep,9,2011-09-01,41875
GJ,2011,Oct,10,2011-10-01,52570
GJ,2011,Nov,11,2011-11-01,50127
GJ,2011,Dec,12,2011-12-01,44701
GJ,2012,Jan,1,2012-01-01,47919
GJ,2012,Feb,2,2012-02-01,50699
GJ,2012,Mar,3,2012-03-01,49445
GJ,2012,Apr,4,2012-04-01,42065
GJ,2012,May,5,2012-05-01,43290
GJ,2012,Jun,6,2012-06-01,49460
GJ,2012,Jul,7,2012-07-01,61133
GJ,2012,Aug,8,2012-08-01,55879
GJ,2012,Sep,9,2012-09-01,56756
GJ,2012,Oct,10,2012-10-01,67937
GJ,2012,Nov,11,2012-11-01,73294
GJ,2012,Dec,12,2012-12-01,68343
GJ,2013,Jan,1,2013-01-01,89135
GJ,2013,Feb,2,2013-02-01,93616
GJ,2013,Mar,3,2013-03-01,101466
GJ,2013,Apr,4,2013-04-01,113068
GJ,2013,May,5,2013-05-01,92402
GJ,2013,Jun,6,2013-06-01,84986
GJ,2013,Jul,7,2013-07-01,94496
GJ,2013,Aug,8,2013-08-01,77958
GJ,2013,Sep,9,2013-09-01,86798
GJ,2013,Oct,10,2013-10-01,114945
GJ,2013,Nov,11,2013-11-01,86016
GJ,2013,Dec,12,2013-12-01,92696
GJ,2014,Jan,1,2014-01-01,100331
GJ,2014,Feb,2,2014-02-01,87621
GJ,2014,Mar,3,2014-03-01,112174
GJ,2014,Apr,4,2014-04-01,109484
GJ,2014,May,5,2014-05-01,98809
GJ,2014,Jun,6,2014-06-01,104365
GJ,2014,Jul,7,2014-07-01,114372
GJ,2014,Aug,8,2014-08-01,96946
GJ,2014,Sep,9,2014-09-01,124345
GJ,2014,Oct,10,2014-10-01,115352
GJ,2014,Nov,11,2014-11-01,129191
GJ,2014,Dec,12,2014-12-01,132672
GJ,2015,Jan,1,2015-01-01,123276
GJ,2015,Feb,2,2015-02-01,132050
GJ,2015,Mar,3,2015-03-01,151193
GJ,2015,Apr,4,2015-04-01,134720
GJ,2015,May,5,2015-05-01,122696
GJ,2015,Jun,6,2015-06-01,135521
GJ,2015,Jul,7,2015-07-01,143596
GJ,2015,Aug,8,2015-08-01,138186
GJ,2015,Sep,9,2015-09-01,148258
GJ,2015,Oct,10,2015-10-01,162110
GJ,2015,Nov,11,2015-11-01,137955
GJ,2015,Dec,12,2015-12-01,159337
GJ,2016,Jan,1,2016-01-01,156524
GJ,2016,Feb,2,2016-02-01,180312
GJ,2016,Mar,3,2016-03-01,201388
GJ,2016,Apr,4,2016-04-01,294348
GJ,2016,May,5,2016-05-01,193997
GJ,2016,Jun,6,2016-06-01,188292
GJ,2016,Jul,7,2016-07-01,161148
GJ,2016,Aug,8,2016-08-01,156104
GJ,2016,Sep,9,2016-09-01,171053
GJ,2016,Oct,10,2016-10-01,227621
GJ,2016,Nov,11,2016-11-01,147272
GJ,2016,Dec,12,2016-12-01,135533
GJ,2017,Jan,1,2017-01-01,156012
GJ,2017,Feb,2,2017-02-01,156145
GJ,2017,Mar,3,2017-03-01,291872
GJ,2017,Apr,4,2017-04-01,334163
GJ,2017,May,5,2017-05-01,169536
GJ,2017,Jun,6,2017-06-01,167216
GJ,2017,Jul,7,2017-07-01,162323
GJ,2017,Aug,8,2017-08-01,174052
GJ,2017,Sep,9,2017-09-01,205627
GJ,2017,Oct,10,2017-10-01,248165
GJ,2017,Nov,11,2017-11-01,236180
GJ,2017,Dec,12,2017-12-01,187138
GJ,2018,Jan,1,2018-01-01,221544
GJ,2018,Feb,2,2018-02-01,199858
GJ,2018,Mar,3,2018-03-01,266213
GJ,2018,Apr,4,2018-04-01,333982
GJ,2018,May,5,2018-05-01,228620
GJ,2018,Jun,6,2018-06-01,207477
GJ,2018,Jul,7,2018-07-01,203192
GJ,2018,Aug,8,2018-08-01,211602
GJ,2018,Sep,9,2018-09-01,333753
GJ,2018,Oct,10,2018-10-01,362649
GJ,2018,Nov,11,2018-11-01,234541
GJ,2018,Dec,12,2018-12-01,253010
GJ,2019,Jan,1,2019-01-01,237351
GJ,2019,Feb,2,2019-02-01,217945
GJ,2019,Mar,3,2019-03-01,293393
GJ,2019,Apr,4,2019-04-01,296549
GJ,2019,May,5,2019-05-01,247335
GJ,2019,Jun,6,2019-06-01,211033
GJ,2019,Jul,7,2019-07-01,252658
GJ,2019,Aug,8,2019-08-01,200470
GJ,2019,Sep,9,2019-09-01,233443
GJ,2019,Oct,10,2019-10-01,294089
GJ,2019,Nov,11,2019-11-01,254942
GJ,2019,Dec,12,2019-12-01,229437
GJ,2020,Jan,1,2020-01-01,214241
GJ,2020,Feb,2,2020-02-01,201376
GJ,2020,Mar,3,2020-03-01,194898
GJ,2020,Apr,4,2020-04-01,7025
GJ,2020,May,5,2020-05-01,17012
GJ,2020,Jun,6,2020-06-01,110189
GJ,2020,Jul,7,2020-07-01,147143
GJ,2020,Aug,8,2020-08-01,114793
GJ,2020,Sep,9,2020-09-01,146123
GJ,2020,Oct,10,2020-10-01,180590
GJ,2020,Nov,11,2020-11-01,137435
GJ,2020,Dec,12,2020-12-01,182173
GJ,2021,Jan,1,2021-01-01,181283
GJ,2021,Feb,2,2021-02-01,192826
GJ,2021,Mar,3,2021-03-01,235765
GJ,2021,Apr,4,2021-04-01,180255
GJ,2021,May,5,2021-05-01,93552
GJ,2021,Jun,6,2021-06-01,140483
GJ,2021,Jul,7,2021-07-01,167845
GJ,2021,Aug,8,2021-08-01,171718
GJ,2021,Sep,9,2021-09-01,202818
GJ,2021,Oct,10,2021-10-01,232354
GJ,2021,Nov,11,2021-11-01,194471
GJ,2021,Dec,12,2021-12-01,227658
GJ,2022,Jan,1,2022-01-01,208693
GJ,2022,Feb,2,2022-02-01,206789
GJ,2022,Mar,3,2022-03-01,274170
GJ,2022,Apr,4,2022-04-01,244251
GJ,2022,May,5,2022-05-01,176676
GJ,2022,Jun,6,2022-06-01,193465
GJ,2022,Jul,7,2022-07-01,192839
GJ,2022,Aug,8,2022-08-01,187251
GJ,2022,Sep,9,2022-09-01,230507
GJ,2022,Oct,10,2022-10-01,234927
GJ,2022,Nov,11,2022-11-01,251710
GJ,2022,Dec,12,2022-12-01,241251
GJ,2023,Jan,1,2023-01-01,246580
GJ,2023,Feb,2,2023-02-01,243475
GJ,2023,Mar,3,2023-03-01,310057
GJ,2023,Apr,4,2023-04-01,273990
GJ,2023,May,5,2023-05-01,233593
GJ,2023,Jun,6,2023-06-01,220305
GJ,2023,Jul,7,2023-07-01,235470
GJ,2023,Aug,8,2023-08-01,250202
GJ,2023,Sep,9,2023-09-01,247305
GJ,2023,Oct,10,2023-10-01,284045
GJ,2023,Nov,11,2023-11-01,227094
GJ,2023,Dec,12,2023-12-01,240024
GJ,2024,Jan,1,2024-01-01,255860
GJ,2024,Feb,2,2024-02-01,245270
GJ,2024,Mar,3,2024-03-01,267545
GJ,2024,Apr,4,2024-04-01,271079
GJ,2024,May,5,2024-05-01,235216
GJ,2024,Jun,6,2024-06-01,210009
GJ,2024,Jul,7,2024-07-01,233660
GJ,2024,Aug,8,2024-08-01,199169
GJ,2024,Sep,9,2024-09-01,202823
GJ,2024,Oct,10,2024-10-01,280974
GJ,2024,Nov,11,2024-11-01,187626
GJ,2024,Dec,12,2024-12-01,212507
GJ,2025,Jan,1,2025-01-01,248822
GJ,2025,Feb,2,2025-02-01,218561
GJ,2025,Mar,3,2025-03-01,243210
GJ,2025,Apr,4,2025-04-01,245416
GJ,2025,May,5,2025-05-01,207325
GJ,2025,Jun,6,2025-06-01,200382
GJ,2025,Jul,7,2025-07-01,225629
GJ,2025,Aug,8,2025-08-01,206430
GJ,2025,Sep,9,2025-09-01,227051
GJ,2025,Oct,10,2025-10-01,258171
GJ,2025,Nov,11,2025-11-01,232549
GJ,2025,Dec,12,2025-12-01,234584
GJ,2026,Jan,1,2026-01-01,236063
GJ,2026,Feb,2,2026-02-01,231466
GJ,2026,Mar,3,2026-03-01,257414
GJ,2026,Apr,4,2026-04-01,247217
GJ,2026,May,5,2026-05-01,204578
GJ,2026,Jun,6,2026-06-01,217486
GJ,2026,Jul,7,2026-07-01,205115
GJ,2026,Aug,8,2026-08-01,46665
GJ,2026,Sep,9,2026-09-01,673936
GJ,2026,Oct,10,2026-10-01,664472
GJ,2026,Nov,11,2026-11-01,618526
GJ,2026,Dec,12,2026-12-01,644601
HP,2010,Jan,1,2010-01-01,24403
HP,2010,Feb,2,2010-02-01,23643
HP,2010,Mar,3,2010-03-01,34850
HP,2010,Apr,4,2010-04-01,63368
HP,2010,May,5,2010-05-01,33571
HP,2010,Jun,6,2010-06-01,34380
HP,2010,Jul,7,2010-07-01,44008
HP,2010,Aug,8,2010-08-01,32331
HP,2010,Sep,9,2010-09-01,28049
HP,2010,Oct,10,2010-10-01,31181
HP,2010,Nov,11,2010-11-01,25962
HP,2010,Dec,12,2010-12-01,20866
HP,2011,Jan,1,2011-01-01,28024
HP,2011,Feb,2,2011-02-01,25712
HP,2011,Mar,3,2011-03-01,40872
HP,2011,Apr,4,2011-04-01,65536
HP,2011,May,5,2011-05-01,32379
HP,2011,Jun,6,2011-06-01,29540
HP,2011,Jul,7,2011-07-01,37081
HP,2011,Aug,8,2011-08-01,26147
HP,2011,Sep,9,2011-09-01,28050
HP,2011,Oct,10,2011-10-01,28065
HP,2011,Nov,11,2011-11-01,26082
HP,2011,Dec,12,2011-12-01,24290
HP,2012,Jan,1,2012-01-01,26671
HP,2012,Feb,2,2012-02-01,24438
HP,2012,Mar,3,2012-03-01,38257
HP,2012,Apr,4,2012-04-01,75696
HP,2012,May,5,2012-05-01,38257
HP,2012,Jun,6,2012-06-01,33012
HP,2012,Jul,7,2012-07-01,39170
HP,2012,Aug,8,2012-08-01,29929
HP,2012,Sep,9,2012-09-01,27920
HP,2012,Oct,10,2012-10-01,30338
HP,2012,Nov,11,2012-11-01,23960
HP,2012,Dec,12,2012-12-01,24914
HP,2013,Jan,1,2013-01-01,30684
HP,2013,Feb,2,2013-02-01,24956
HP,2013,Mar,3,2013-03-01,40790
HP,2013,Apr,4,2013-04-01,74140
HP,2013,May,5,2013-05-01,37889
HP,2013,Jun,6,2013-06-01,33059
HP,2013,Jul,7,2013-07-01,44401
HP,2013,Aug,8,2013-08-01,31898
HP,2013,Sep,9,2013-09-01,30477
HP,2013,Oct,10,2013-10-01,34193
HP,2013,Nov,11,2013-11-01,26573
HP,2013,Dec,12,2013-12-01,26214
HP,2014,Jan,1,2014-01-01,32527
HP,2014,Feb,2,2014-02-01,24839
HP,2014,Mar,3,2014-03-01,44585
HP,2014,Apr,4,2014-04-01,75816
HP,2014,May,5,2014-05-01,36606
HP,2014,Jun,6,2014-06-01,34295
HP,2014,Jul,7,2014-07-01,41805
HP,2014,Aug,8,2014-08-01,32922
HP,2014,Sep,9,2014-09-01,29980
HP,2014,Oct,10,2014-10-01,30953
HP,2014,Nov,11,2014-11-01,31416
HP,2014,Dec,12,2014-12-01,27080
HP,2015,Jan,1,2015-01-01,32866
HP,2015,Feb,2,2015-02-01,29477
HP,2015,Mar,3,2015-03-01,46516
HP,2015,Apr,4,2015-04-01,78777
HP,2015,May,5,2015-05-01,41630
HP,2015,Jun,6,2015-06-01,40544
HP,2015,Jul,7,2015-07-01,49287
HP,2015,Aug,8,2015-08-01,37426
HP,2015,Sep,9,2015-09-01,33136
HP,2015,Oct,10,2015-10-01,36106
HP,2015,Nov,11,2015-11-01,29922
HP,2015,Dec,12,2015-12-01,29444
HP,2016,Jan,1,2016-01-01,29422
HP,2016,Feb,2,2016-02-01,32737
HP,2016,Mar,3,2016-03-01,47657
HP,2016,Apr,4,2016-04-01,82922
HP,2016,May,5,2016-05-01,46373
HP,2016,Jun,6,2016-06-01,39786
HP,2016,Jul,7,2016-07-01,45383
HP,2016,Aug,8,2016-08-01,37408
HP,2016,Sep,9,2016-09-01,32712
HP,2016,Oct,10,2016-10-01,34059
HP,2016,Nov,11,2016-11-01,29072
HP,2016,Dec,12,2016-12-01,29383
HP,2017,Jan,1,2017-01-01,28944
HP,2017,Feb,2,2017-02-01,32437
HP,2017,Mar,3,2017-03-01,61288
HP,2017,Apr,4,2017-04-01,79672
HP,2017,May,5,2017-05-01,54600
HP,2017,Jun,6,2017-06-01,45144
HP,2017,Jul,7,2017-07-01,57167
HP,2017,Aug,8,2017-08-01,46622
HP,2017,Sep,9,2017-09-01,38981
HP,2017,Oct,10,2017-10-01,38896
HP,2017,Nov,11,2017-11-01,37808
HP,2017,Dec,12,2017-12-01,36851
HP,2018,Jan,1,2018-01-01,39745
HP,2018,Feb,2,2018-02-01,41480
HP,2018,Mar,3,2018-03-01,64878
HP,2018,Apr,4,2018-04-01,94756
HP,2018,May,5,2018-05-01,60848
HP,2018,Jun,6,2018-06-01,48798
HP,2018,Jul,7,2018-07-01,66893
HP,2018,Aug,8,2018-08-01,50562
HP,2018,Sep,9,2018-09-01,45677
HP,2018,Oct,10,2018-10-01,51849
HP,2018,Nov,11,2018-11-01,45382
HP,2018,Dec,12,2018-12-01,49450
HP,2019,Jan,1,2019-01-01,54678
HP,2019,Feb,2,2019-02-01,46316
HP,2019,Mar,3,2019-03-01,71202
HP,2019,Apr,4,2019-04-01,106806
HP,2019,May,5,2019-05-01,63890
HP,2019,Jun,6,2019-06-01,51617
HP,2019,Jul,7,2019-07-01,69810
HP,2019,Aug,8,2019-08-01,54711
HP,2019,Sep,9,2019-09-01,50305
HP,2019,Oct,10,2019-10-01,50215
HP,2019,Nov,11,2019-11-01,48418
HP,2019,Dec,12,2019-12-01,45851
HP,2020,Jan,1,2020-01-01,52431
HP,2020,Feb,2,2020-02-01,50975
HP,2020,Mar,3,2020-03-01,49028
HP,2020,Apr,4,2020-04-01,4280
HP,2020,May,5,2020-05-01,3665
HP,2020,Jun,6,2020-06-01,17581
HP,2020,Jul,7,2020-07-01,69097
HP,2020,Aug,8,2020-08-01,51682
HP,2020,Sep,9,2020-09-01,48135
HP,2020,Oct,10,2020-10-01,41846
HP,2020,Nov,11,2020-11-01,34845
HP,2020,Dec,12,2020-12-01,41624
HP,2021,Jan,1,2021-01-01,33787
HP,2021,Feb,2,2021-02-01,38340
HP,2021,Mar,3,2021-03-01,55968
HP,2021,Apr,4,2021-04-01,69631
HP,2021,May,5,2021-05-01,8590
HP,2021,Jun,6,2021-06-01,39927
HP,2021,Jul,7,2021-07-01,70441
HP,2021,Aug,8,2021-08-01,59211
HP,2021,Sep,9,2021-09-01,57455
HP,2021,Oct,10,2021-10-01,47251
HP,2021,Nov,11,2021-11-01,53040
HP,2021,Dec,12,2021-12-01,49585
HP,2022,Jan,1,2022-01-01,32112
HP,2022,Feb,2,2022-02-01,63825
HP,2022,Mar,3,2022-03-01,84844
HP,2022,Apr,4,2022-04-01,114475
HP,2022,May,5,2022-05-01,67402
HP,2022,Jun,6,2022-06-01,64124
HP,2022,Jul,7,2022-07-01,83313
HP,2022,Aug,8,2022-08-01,61633
HP,2022,Sep,9,2022-09-01,57893
HP,2022,Oct,10,2022-10-01,56978
HP,2022,Nov,11,2022-11-01,52981
HP,2022,Dec,12,2022-12-01,52436
HP,2023,Jan,1,2023-01-01,54259
HP,2023,Feb,2,2023-02-01,51035
HP,2023,Mar,3,2023-03-01,87041
HP,2023,Apr,4,2023-04-01,151310
HP,2023,May,5,2023-05-01,64162
HP,2023,Jun,6,2023-06-01,62955
HP,2023,Jul,7,2023-07-01,85674
HP,2023,Aug,8,2023-08-01,75335
HP,2023,Sep,9,2023-09-01,71566
HP,2023,Oct,10,2023-10-01,74997
HP,2023,Nov,11,2023-11-01,57793
HP,2023,Dec,12,2023-12-01,65626
HP,2024,Jan,1,2024-01-01,74383
HP,2024,Feb,2,2024-02-01,66008
HP,2024,Mar,3,2024-03-01,98812
HP,2024,Apr,4,2024-04-01,177116
HP,2024,May,5,2024-05-01,77364
HP,2024,Jun,6,2024-06-01,60898
HP,2024,Jul,7,2024-07-01,99327
HP,2024,Aug,8,2024-08-01,75378
HP,2024,Sep,9,2024-09-01,71922
HP,2024,Oct,10,2024-10-01,78393
HP,2024,Nov,11,2024-11-01,67549
HP,2024,Dec,12,2024-12-01,53835
HP,2025,Jan,1,2025-01-01,79393
HP,2025,Feb,2,2025-02-01,57651
HP,2025,Mar,3,2025-03-01,112057
HP,2025,Apr,4,2025-04-01,189653
HP,2025,May,5,2025-05-01,81012
HP,2025,Jun,6,2025-06-01,80655
HP,2025,Jul,7,2025-07-01,107127
HP,2025,Aug,8,2025-08-01,72059
HP,2025,Sep,9,2025-09-01,71007
HP,2025,Oct,10,2025-10-01,88084
HP,2025,Nov,11,2025-11-01,73750
HP,2025,Dec,12,2025-12-01,74619
HP,2026,Jan,1,2026-01-01,91668
HP,2026,Feb,2,2026-02-01,77276
HP,2026,Mar,3,2026-03-01,140291
HP,2026,Apr,4,2026-04-01,189227
HP,2026,May,5,2026-05-01,70341
HP,2026,Jun,6,2026-06-01,77134
HP,2026,Jul,7,2026-07-01,112681
HP,2026,Aug,8,2026-08-01,20569
HP,2026,Sep,9,2026-09-01,61690
HP,2026,Oct,10,2026-10-01,61901
HP,2026,Nov,11,2026-11-01,64201
HP,2026,Dec,12,2026-12-01,59478
HR,2010,Jan,1,2010-01-01,869
HR,2010,Feb,2,2010-02-01,1156
HR,2010,Mar,3,2010-03-01,1878
HR,2010,Apr,4,2010-04-01,1606
HR,2010,May,5,2010-05-01,2758
HR,2010,Jun,6,2010-06-01,3277
HR,2010,Jul,7,2010-07-01,4846
HR,2010,Aug,8,2010-08-01,6036
HR,2010,Sep,9,2010-09-01,6118
HR,2010,Oct,10,2010-10-01,8648
HR,2010,Nov,11,2010-11-01,15990
HR,2010,Dec,12,2010-12-01,19055
HR,2011,Jan,1,2011-01-01,18819
HR,2011,Feb,2,2011-02-01,20978
HR,2011,Mar,3,2011-03-01,23792
HR,2011,Apr,4,2011-04-01,19219
HR,2011,May,5,2011-05-01,23462
HR,2011,Jun,6,2011-06-01,23474
HR,2011,Jul,7,2011-07-01,24278
HR,2011,Aug,8,2011-08-01,25554
HR,2011,Sep,9,2011-09-01,24936
HR,2011,Oct,10,2011-10-01,24953
HR,2011,Nov,11,2011-11-01,26726
HR,2011,Dec,12,2011-12-01,22857
HR,2012,Jan,1,2012-01-01,24913
HR,2012,Feb,2,2012-02-01,23590
HR,2012,Mar,3,2012-03-01,24272
HR,2012,Apr,4,2012-04-01,24871
HR,2012,May,5,2012-05-01,23357
HR,2012,Jun,6,2012-06-01,19504
HR,2012,Jul,7,2012-07-01,22609
HR,2012,Aug,8,2012-08-01,22563
HR,2012,Sep,9,2012-09-01,22700
HR,2012,Oct,10,2012-10-01,24208
HR,2012,Nov,11,2012-11-01,20762
HR,2012,Dec,12,2012-12-01,20790
HR,2013,Jan,1,2013-01-01,23909
HR,2013,Feb,2,2013-02-01,20768
HR,2013,Mar,3,2013-03-01,21867
HR,2013,Apr,4,2013-04-01,51379
HR,2013,May,5,2013-05-01,39405
HR,2013,Jun,6,2013-06-01,34440
HR,2013,Jul,7,2013-07-01,74086
HR,2013,Aug,8,2013-08-01,46175
HR,2013,Sep,9,2013-09-01,55037
HR,2013,Oct,10,2013-10-01,89478
HR,2013,Nov,11,2013-11-01,49274
HR,2013,Dec,12,2013-12-01,66770
HR,2014,Jan,1,2014-01-01,144895
HR,2014,Feb,2,2014-02-01,68326
HR,2014,Mar,3,2014-03-01,82688
HR,2014,Apr,4,2014-04-01,189460
HR,2014,May,5,2014-05-01,91693
HR,2014,Jun,6,2014-06-01,77155
HR,2014,Jul,7,2014-07-01,156894
HR,2014,Aug,8,2014-08-01,82323
HR,2014,Sep,9,2014-09-01,82583
HR,2014,Oct,10,2014-10-01,145510
HR,2014,Nov,11,2014-11-01,75655
HR,2014,Dec,12,2014-12-01,70376
HR,2015,Jan,1,2015-01-01,183777
HR,2015,Feb,2,2015-02-01,82757
HR,2015,Mar,3,2015-03-01,99686
HR,2015,Apr,4,2015-04-01,197269
HR,2015,May,5,2015-05-01,81290
HR,2015,Jun,6,2015-06-01,77472
HR,2015,Jul,7,2015-07-01,150124
HR,2015,Aug,8,2015-08-01,68623
HR,2015,Sep,9,2015-09-01,73251
HR,2015,Oct,10,2015-10-01,132295
HR,2015,Nov,11,2015-11-01,67932
HR,2015,Dec,12,2015-12-01,87061
HR,2016,Jan,1,2016-01-01,149024
HR,2016,Feb,2,2016-02-01,82522
HR,2016,Mar,3,2016-03-01,90369
HR,2016,Apr,4,2016-04-01,173441
HR,2016,May,5,2016-05-01,90576
HR,2016,Jun,6,2016-06-01,80364
HR,2016,Jul,7,2016-07-01,131238
HR,2016,Aug,8,2016-08-01,76613
HR,2016,Sep,9,2016-09-01,85155
HR,2016,Oct,10,2016-10-01,125804
HR,2016,Nov,11,2016-11-01,75691
HR,2016,Dec,12,2016-12-01,59885
HR,2017,Jan,1,2017-01-01,140312
HR,2017,Feb,2,2017-02-01,81811
HR,2017,Mar,3,2017-03-01,96462
HR,2017,Apr,4,2017-04-01,83116
HR,2017,May,5,2017-05-01,104023
HR,2017,Jun,6,2017-06-01,86252
HR,2017,Jul,7,2017-07-01,123279
HR,2017,Aug,8,2017-08-01,61900
HR,2017,Sep,9,2017-09-01,85291
HR,2017,Oct,10,2017-10-01,121181
HR,2017,Nov,11,2017-11-01,101956
HR,2017,Dec,12,2017-12-01,96854
HR,2018,Jan,1,2018-01-01,161821
HR,2018,Feb,2,2018-02-01,109614
HR,2018,Mar,3,2018-03-01,125298
HR,2018,Apr,4,2018-04-01,158328
HR,2018,May,5,2018-05-01,135526
HR,2018,Jun,6,2018-06-01,112687
HR,2018,Jul,7,2018-07-01,156102
HR,2018,Aug,8,2018-08-01,125154
HR,2018,Sep,9,2018-09-01,164654
HR,2018,Oct,10,2018-10-01,188184
HR,2018,Nov,11,2018-11-01,143694
HR,2018,Dec,12,2018-12-01,164486
HR,2019,Jan,1,2019-01-01,218171
HR,2019,Feb,2,2019-02-01,151698
HR,2019,Mar,3,2019-03-01,171999
HR,2019,Apr,4,2019-04-01,227878
HR,2019,May,5,2019-05-01,164083
HR,2019,Jun,6,2019-06-01,142234
HR,2019,Jul,7,2019-07-01,196076
HR,2019,Aug,8,2019-08-01,148768
HR,2019,Sep,9,2019-09-01,168563
HR,2019,Oct,10,2019-10-01,179919
HR,2019,Nov,11,2019-11-01,155969
HR,2019,Dec,12,2019-12-01,147459
HR,2020,Jan,1,2020-01-01,199710
HR,2020,Feb,2,2020-02-01,156192
HR,2020,Mar,3,2020-03-01,125441
HR,2020,Apr,4,2020-04-01,29167
HR,2020,May,5,2020-05-01,46734
HR,2020,Jun,6,2020-06-01,69700
HR,2020,Jul,7,2020-07-01,127787
HR,2020,Aug,8,2020-08-01,88549
HR,2020,Sep,9,2020-09-01,96230
HR,2020,Oct,10,2020-10-01,104929
HR,2020,Nov,11,2020-11-01,79530
HR,2020,Dec,12,2020-12-01,123503
HR,2021,Jan,1,2021-01-01,159867
HR,2021,Feb,2,2021-02-01,140420
HR,2021,Mar,3,2021-03-01,160213
HR,2021,Apr,4,2021-04-01,166447
HR,2021,May,5,2021-05-01,32182
HR,2021,Jun,6,2021-06-01,110464
HR,2021,Jul,7,2021-07-01,157115
HR,2021,Aug,8,2021-08-01,129781
HR,2021,Sep,9,2021-09-01,160001
HR,2021,Oct,10,2021-10-01,179855
HR,2021,Nov,11,2021-11-01,154431
HR,2021,Dec,12,2021-12-01,176945
HR,2022,Jan,1,2022-01-01,209578
HR,2022,Feb,2,2022-02-01,158974
HR,2022,Mar,3,2022-03-01,181691
HR,2022,Apr,4,2022-04-01,207820
HR,2022,May,5,2022-05-01,152810
HR,2022,Jun,6,2022-06-01,156789
HR,2022,Jul,7,2022-07-01,211244
HR,2022,Aug,8,2022-08-01,167683
HR,2022,Sep,9,2022-09-01,181854
HR,2022,Oct,10,2022-10-01,198852
HR,2022,Nov,11,2022-11-01,174091
HR,2022,Dec,12,2022-12-01,217766
HR,2023,Jan,1,2023-01-01,260568
HR,2023,Feb,2,2023-02-01,205291
HR,2023,Mar,3,2023-03-01,272065
HR,2023,Apr,4,2023-04-01,271171
HR,2023,May,5,2023-05-01,217882
HR,2023,Jun,6,2023-06-01,240686
HR,2023,Jul,7,2023-07-01,253300
HR,2023,Aug,8,2023-08-01,223942
HR,2023,Sep,9,2023-09-01,233188
HR,2023,Oct,10,2023-10-01,257098
HR,2023,Nov,11,2023-11-01,202944
HR,2023,Dec,12,2023-12-01,240256
HR,2024,Jan,1,2024-01-01,296992
HR,2024,Feb,2,2024-02-01,228255
HR,2024,Mar,3,2024-03-01,268270
HR,2024,Apr,4,2024-04-01,313352
HR,2024,May,5,2024-05-01,227260
HR,2024,Jun,6,2024-06-01,236122
HR,2024,Jul,7,2024-07-01,286645
HR,2024,Aug,8,2024-08-01,214598
HR,2024,Sep,9,2024-09-01,261238
HR,2024,Oct,10,2024-10-01,274674
HR,2024,Nov,11,2024-11-01,222366
HR,2024,Dec,12,2024-12-01,266553
HR,2025,Jan,1,2025-01-01,359854
HR,2025,Feb,2,2025-02-01,251144
HR,2025,Mar,3,2025-03-01,312815
HR,2025,Apr,4,2025-04-01,339280
HR,2025,May,5,2025-05-01,272291
HR,2025,Jun,6,2025-06-01,288782
HR,2025,Jul,7,2025-07-01,319923
HR,2025,Aug,8,2025-08-01,256711
HR,2025,Sep,9,2025-09-01,295724
HR,2025,Oct,10,2025-10-01,336560
HR,2025,Nov,11,2025-11-01,265561
HR,2025,Dec,12,2025-12-01,324478
HR,2026,Jan,1,2026-01-01,373782
HR,2026,Feb,2,2026-02-01,314504
HR,2026,Mar,3,2026-03-01,364660
HR,2026,Apr,4,2026-04-01,399020
HR,2026,May,5,2026-05-01,268358
HR,2026,Jun,6,2026-06-01,314524
HR,2026,Jul,7,2026-07-01,369624
HR,2026,Aug,8,2026-08-01,79046
HR,2026,Sep,9,2026-09-01,352529
HR,2026,Oct,10,2026-10-01,356317
HR,2026,Nov,11,2026-11-01,346686
HR,2026,Dec,12,2026-12-01,354738
JH,2010,Jan,1,2010-01-01,71931
JH,2010,Feb,2,2010-02-01,74788
JH,2010,Mar,3,2010-03-01,82884
JH,2010,Apr,4,2010-04-01,73628
JH,2010,May,5,2010-05-01,72936
JH,2010,Jun,6,2010-06-01,69754
JH,2010,Jul,7,2010-07-01,80966
JH,2010,Aug,8,2010-08-01,77625
JH,2010,Sep,9,2010-09-01,75217
JH,2010,Oct,10,2010-10-01,79521
JH,2010,Nov,11,2010-11-01,76326
JH,2010,Dec,12,2010-12-01,84962
JH,2011,Jan,1,2011-01-01,85315
JH,2011,Feb,2,2011-02-01,84366
JH,2011,Mar,3,2011-03-01,96727
JH,2011,Apr,4,2011-04-01,84615
JH,2011,May,5,2011-05-01,87187
JH,2011,Jun,6,2011-06-01,80919
JH,2011,Jul,7,2011-07-01,93458
JH,2011,Aug,8,2011-08-01,83356
JH,2011,Sep,9,2011-09-01,93615
JH,2011,Oct,10,2011-10-01,86041
JH,2011,Nov,11,2011-11-01,95032
JH,2011,Dec,12,2011-12-01,98331
JH,2012,Jan,1,2012-01-01,101862
JH,2012,Feb,2,2012-02-01,102959
JH,2012,Mar,3,2012-03-01,107843
JH,2012,Apr,4,2012-04-01,91115
JH,2012,May,5,2012-05-01,95640
JH,2012,Jun,6,2012-06-01,93915
JH,2012,Jul,7,2012-07-01,106944
JH,2012,Aug,8,2012-08-01,97538
JH,2012,Sep,9,2012-09-01,92303
JH,2012,Oct,10,2012-10-01,101584
JH,2012,Nov,11,2012-11-01,93678
JH,2012,Dec,12,2012-12-01,110273
JH,2013,Jan,1,2013-01-01,106479
JH,2013,Feb,2,2013-02-01,103773
JH,2013,Mar,3,2013-03-01,109531
JH,2013,Apr,4,2013-04-01,109991
JH,2013,May,5,2013-05-01,104156
JH,2013,Jun,6,2013-06-01,106159
JH,2013,Jul,7,2013-07-01,115486
JH,2013,Aug,8,2013-08-01,106063
JH,2013,Sep,9,2013-09-01,103417
JH,2013,Oct,10,2013-10-01,106538
JH,2013,Nov,11,2013-11-01,101392
JH,2013,Dec,12,2013-12-01,112762
JH,2014,Jan,1,2014-01-01,116564
JH,2014,Feb,2,2014-02-01,96616
JH,2014,Mar,3,2014-03-01,117902
JH,2014,Apr,4,2014-04-01,74332
JH,2014,May,5,2014-05-01,97798
JH,2014,Jun,6,2014-06-01,101277
JH,2014,Jul,7,2014-07-01,111363
JH,2014,Aug,8,2014-08-01,105205
JH,2014,Sep,9,2014-09-01,112016
JH,2014,Oct,10,2014-10-01,92610
JH,2014,Nov,11,2014-11-01,111665
JH,2014,Dec,12,2014-12-01,110204
JH,2015,Jan,1,2015-01-01,116255
JH,2015,Feb,2,2015-02-01,111153
JH,2015,Mar,3,2015-03-01,116369
JH,2015,Apr,4,2015-04-01,105581
JH,2015,May,5,2015-05-01,107393
JH,2015,Jun,6,2015-06-01,113135
JH,2015,Jul,7,2015-07-01,110615
JH,2015,Aug,8,2015-08-01,113984
JH,2015,Sep,9,2015-09-01,112780
JH,2015,Oct,10,2015-10-01,110149
JH,2015,Nov,11,2015-11-01,98331
JH,2015,Dec,12,2015-12-01,122216
JH,2016,Jan,1,2016-01-01,118590
JH,2016,Feb,2,2016-02-01,119381
JH,2016,Mar,3,2016-03-01,121633
JH,2016,Apr,4,2016-04-01,105485
JH,2016,May,5,2016-05-01,127725
JH,2016,Jun,6,2016-06-01,118354
JH,2016,Jul,7,2016-07-01,119933
JH,2016,Aug,8,2016-08-01,122826
JH,2016,Sep,9,2016-09-01,121823
JH,2016,Oct,10,2016-10-01,112958
JH,2016,Nov,11,2016-11-01,109280
JH,2016,Dec,12,2016-12-01,126395
JH,2017,Jan,1,2017-01-01,116667
JH,2017,Feb,2,2017-02-01,100526
JH,2017,Mar,3,2017-03-01,149595
JH,2017,Apr,4,2017-04-01,148106
JH,2017,May,5,2017-05-01,138015
JH,2017,Jun,6,2017-06-01,131281
JH,2017,Jul,7,2017-07-01,146718
JH,2017,Aug,8,2017-08-01,137774
JH,2017,Sep,9,2017-09-01,127962
JH,2017,Oct,10,2017-10-01,133210
JH,2017,Nov,11,2017-11-01,155195
JH,2017,Dec,12,2017-12-01,165151
JH,2018,Jan,1,2018-01-01,155283
JH,2018,Feb,2,2018-02-01,148752
JH,2018,Mar,3,2018-03-01,163564
JH,2018,Apr,4,2018-04-01,141507
JH,2018,May,5,2018-05-01,156471
JH,2018,Jun,6,2018-06-01,150547
JH,2018,Jul,7,2018-07-01,165816
JH,2018,Aug,8,2018-08-01,155531
JH,2018,Sep,9,2018-09-01,148968
JH,2018,Oct,10,2018-10-01,169544
JH,2018,Nov,11,2018-11-01,165060
JH,2018,Dec,12,2018-12-01,175729
JH,2019,Jan,1,2019-01-01,169650
JH,2019,Feb,2,2019-02-01,99210
JH,2019,Mar,3,2019-03-01,74155
JH,2019,Apr,4,2019-04-01,76800
JH,2019,May,5,2019-05-01,67508
JH,2019,Jun,6,2019-06-01,70466
JH,2019,Jul,7,2019-07-01,82293
JH,2019,Aug,8,2019-08-01,74899
JH,2019,Sep,9,2019-09-01,80125
JH,2019,Oct,10,2019-10-01,70750
JH,2019,Nov,11,2019-11-01,75348
JH,2019,Dec,12,2019-12-01,77298
JH,2020,Jan,1,2020-01-01,97601
JH,2020,Feb,2,2020-02-01,96994
JH,2020,Mar,3,2020-03-01,80207
JH,2020,Apr,4,2020-04-01,20029
JH,2020,May,5,2020-05-01,26388
JH,2020,Jun,6,2020-06-01,55006
JH,2020,Jul,7,2020-07-01,57164
JH,2020,Aug,8,2020-08-01,51602
JH,2020,Sep,9,2020-09-01,63769
JH,2020,Oct,10,2020-10-01,60995
JH,2020,Nov,11,2020-11-01,57698
JH,2020,Dec,12,2020-12-01,71732
JH,2021,Jan,1,2021-01-01,64794
JH,2021,Feb,2,2021-02-01,63884
JH,2021,Mar,3,2021-03-01,75627
JH,2021,Apr,4,2021-04-01,47364
JH,2021,May,5,2021-05-01,34354
JH,2021,Jun,6,2021-06-01,55812
JH,2021,Jul,7,2021-07-01,65971
JH,2021,Aug,8,2021-08-01,62620
JH,2021,Sep,9,2021-09-01,69708
JH,2021,Oct,10,2021-10-01,61922
JH,2021,Nov,11,2021-11-01,61343
JH,2021,Dec,12,2021-12-01,75190
JH,2022,Jan,1,2022-01-01,67594
JH,2022,Feb,2,2022-02-01,71241
JH,2022,Mar,3,2022-03-01,79466
JH,2022,Apr,4,2022-04-01,57277
JH,2022,May,5,2022-05-01,53810
JH,2022,Jun,6,2022-06-01,67511
JH,2022,Jul,7,2022-07-01,73722
JH,2022,Aug,8,2022-08-01,65249
JH,2022,Sep,9,2022-09-01,67399
JH,2022,Oct,10,2022-10-01,61704
JH,2022,Nov,11,2022-11-01,75932
JH,2022,Dec,12,2022-12-01,83504
JH,2023,Jan,1,2023-01-01,74794
JH,2023,Feb,2,2023-02-01,80475
JH,2023,Mar,3,2023-03-01,84098
JH,2023,Apr,4,2023-04-01,72828
JH,2023,May,5,2023-05-01,69671
JH,2023,Jun,6,2023-06-01,75100
JH,2023,Jul,7,2023-07-01,86790
JH,2023,Aug,8,2023-08-01,76732
JH,2023,Sep,9,2023-09-01,81929
JH,2023,Oct,10,2023-10-01,82822
JH,2023,Nov,11,2023-11-01,82519
JH,2023,Dec,12,2023-12-01,90007
JH,2024,Jan,1,2024-01-01,85107
JH,2024,Feb,2,2024-02-01,86644
JH,2024,Mar,3,2024-03-01,83668
JH,2024,Apr,4,2024-04-01,74548
JH,2024,May,5,2024-05-01,72985
JH,2024,Jun,6,2024-06-01,79871
JH,2024,Jul,7,2024-07-01,92431
JH,2024,Aug,8,2024-08-01,84737
JH,2024,Sep,9,2024-09-01,81909
JH,2024,Oct,10,2024-10-01,86392
JH,2024,Nov,11,2024-11-01,77467
JH,2024,Dec,12,2024-12-01,93722
JH,2025,Jan,1,2025-01-01,96113
JH,2025,Feb,2,2025-02-01,84643
JH,2025,Mar,3,2025-03-01,88617
JH,2025,Apr,4,2025-04-01,85428
JH,2025,May,5,2025-05-01,83727
JH,2025,Jun,6,2025-06-01,78924
JH,2025,Jul,7,2025-07-01,92290
JH,2025,Aug,8,2025-08-01,81160
JH,2025,Sep,9,2025-09-01,81695
JH,2025,Oct,10,2025-10-01,87385
JH,2025,Nov,11,2025-11-01,92856
JH,2025,Dec,12,2025-12-01,95900
JH,2026,Jan,1,2026-01-01,86163
JH,2026,Feb,2,2026-02-01,86161
JH,2026,Mar,3,2026-03-01,85072
JH,2026,Apr,4,2026-04-01,79388
JH,2026,May,5,2026-05-01,84436
JH,2026,Jun,6,2026-06-01,85240
JH,2026,Jul,7,2026-07-01,89393
JH,2026,Aug,8,2026-08-01,14682
JH,2026,Sep,9,2026-09-01,96555
JH,2026,Oct,10,2026-10-01,108115
JH,2026,Nov,11,2026-11-01,99244
JH,2026,Dec,12,2026-12-01,113644
JK,2010,Jan,1,2010-01-01,7201
JK,2010,Feb,2,2010-02-01,4683
JK,2010,Mar,3,2010-03-01,8090
JK,2010,Apr,4,2010-04-01,10673
JK,2010,May,5,2010-05-01,7616
JK,2010,Jun,6,2010-06-01,6837
JK,2010,Jul,7,2010-07-01,7108
JK,2010,Aug,8,2010-08-01,4735
JK,2010,Sep,9,2010-09-01,4877
JK,2010,Oct,10,2010-10-01,8584
JK,2010,Nov,11,2010-11-01,5550
JK,2010,Dec,12,2010-12-01,7358
JK,2011,Jan,1,2011-01-01,9545
JK,2011,Feb,2,2011-02-01,5775
JK,2011,Mar,3,2011-03-01,9668
JK,2011,Apr,4,2011-04-01,14017
JK,2011,May,5,2011-05-01,8775
JK,2011,Jun,6,2011-06-01,7504
JK,2011,Jul,7,2011-07-01,11658
JK,2011,Aug,8,2011-08-01,7069
JK,2011,Sep,9,2011-09-01,7498
JK,2011,Oct,10,2011-10-01,10646
JK,2011,Nov,11,2011-11-01,7024
JK,2011,Dec,12,2011-12-01,8390
JK,2012,Jan,1,2012-01-01,11452
JK,2012,Feb,2,2012-02-01,7673
JK,2012,Mar,3,2012-03-01,12091
JK,2012,Apr,4,2012-04-01,20024
JK,2012,May,5,2012-05-01,11234
JK,2012,Jun,6,2012-06-01,11131
JK,2012,Jul,7,2012-07-01,15681
JK,2012,Aug,8,2012-08-01,10442
JK,2012,Sep,9,2012-09-01,10432
JK,2012,Oct,10,2012-10-01,16531
JK,2012,Nov,11,2012-11-01,10092
JK,2012,Dec,12,2012-12-01,11832
JK,2013,Jan,1,2013-01-01,16983
JK,2013,Feb,2,2013-02-01,10586
JK,2013,Mar,3,2013-03-01,15833
JK,2013,Apr,4,2013-04-01,29317
JK,2013,May,5,2013-05-01,17241
JK,2013,Jun,6,2013-06-01,12925
JK,2013,Jul,7,2013-07-01,19349
JK,2013,Aug,8,2013-08-01,9777
JK,2013,Sep,9,2013-09-01,12975
JK,2013,Oct,10,2013-10-01,17486
JK,2013,Nov,11,2013-11-01,12078
JK,2013,Dec,12,2013-12-01,13760
JK,2014,Jan,1,2014-01-01,16959
JK,2014,Feb,2,2014-02-01,13516
JK,2014,Mar,3,2014-03-01,21993
JK,2014,Apr,4,2014-04-01,34796
JK,2014,May,5,2014-05-01,19365
JK,2014,Jun,6,2014-06-01,18850
JK,2014,Jul,7,2014-07-01,22915
JK,2014,Aug,8,2014-08-01,16953
JK,2014,Sep,9,2014-09-01,12885
JK,2014,Oct,10,2014-10-01,18830
JK,2014,Nov,11,2014-11-01,14581
JK,2014,Dec,12,2014-12-01,16295
JK,2015,Jan,1,2015-01-01,22864
JK,2015,Feb,2,2015-02-01,16285
JK,2015,Mar,3,2015-03-01,25668
JK,2015,Apr,4,2015-04-01,40336
JK,2015,May,5,2015-05-01,22336
JK,2015,Jun,6,2015-06-01,23018
JK,2015,Jul,7,2015-07-01,27378
JK,2015,Aug,8,2015-08-01,20115
JK,2015,Sep,9,2015-09-01,20433
JK,2015,Oct,10,2015-10-01,25100
JK,2015,Nov,11,2015-11-01,16569
JK,2015,Dec,12,2015-12-01,21709
JK,2016,Jan,1,2016-01-01,25018
JK,2016,Feb,2,2016-02-01,25242
JK,2016,Mar,3,2016-03-01,33962
JK,2016,Apr,4,2016-04-01,45206
JK,2016,May,5,2016-05-01,25717
JK,2016,Jun,6,2016-06-01,26174
JK,2016,Jul,7,2016-07-01,19002
JK,2016,Aug,8,2016-08-01,13152
JK,2016,Sep,9,2016-09-01,17151
JK,2016,Oct,10,2016-10-01,28525
JK,2016,Nov,11,2016-11-01,16342
JK,2016,Dec,12,2016-12-01,29438
JK,2017,Jan,1,2017-01-01,27064
JK,2017,Feb,2,2017-02-01,29320
JK,2017,Mar,3,2017-03-01,47036
JK,2017,Apr,4,2017-04-01,48734
JK,2017,May,5,2017-05-01,37767
JK,2017,Jun,6,2017-06-01,28849
JK,2017,Jul,7,2017-07-01,32642
JK,2017,Aug,8,2017-08-01,24536
JK,2017,Sep,9,2017-09-01,26790
JK,2017,Oct,10,2017-10-01,34388
JK,2017,Nov,11,2017-11-01,24770
JK,2017,Dec,12,2017-12-01,26557
JK,2018,Jan,1,2018-01-01,35066
JK,2018,Feb,2,2018-02-01,30764
JK,2018,Mar,3,2018-03-01,52601
JK,2018,Apr,4,2018-04-01,49523
JK,2018,May,5,2018-05-01,45716
JK,2018,Jun,6,2018-06-01,34177
JK,2018,Jul,7,2018-07-01,41132
JK,2018,Aug,8,2018-08-01,27458
JK,2018,Sep,9,2018-09-01,32204
JK,2018,Oct,10,2018-10-01,35519
JK,2018,Nov,11,2018-11-01,23282
JK,2018,Dec,12,2018-12-01,31863
JK,2019,Jan,1,2019-01-01,40746
JK,2019,Feb,2,2019-02-01,26908
JK,2019,Mar,3,2019-03-01,58403
JK,2019,Apr,4,2019-04-01,63972
JK,2019,May,5,2019-05-01,46016
JK,2019,Jun,6,2019-06-01,40200
JK,2019,Jul,7,2019-07-01,56520
JK,2019,Aug,8,2019-08-01,16367
JK,2019,Sep,9,2019-09-01,32126
JK,2019,Oct,10,2019-10-01,37163
JK,2019,Nov,11,2019-11-01,29184
JK,2019,Dec,12,2019-12-01,36417
JK,2020,Jan,1,2020-01-01,44903
JK,2020,Feb,2,2020-02-01,41888
JK,2020,Mar,3,2020-03-01,43740
JK,2020,Apr,4,2020-04-01,7265
JK,2020,May,5,2020-05-01,1193
JK,2020,Jun,6,2020-06-01,13875
JK,2020,Jul,7,2020-07-01,26125
JK,2020,Aug,8,2020-08-01,24154
JK,2020,Sep,9,2020-09-01,28783
JK,2020,Oct,10,2020-10-01,30318
JK,2020,Nov,11,2020-11-01,25617
JK,2020,Dec,12,2020-12-01,38023
JK,2021,Jan,1,2021-01-01,39268
JK,2021,Feb,2,2021-02-01,47658
JK,2021,Mar,3,2021-03-01,65349
JK,2021,Apr,4,2021-04-01,51988
JK,2021,May,5,2021-05-01,8000
JK,2021,Jun,6,2021-06-01,35437
JK,2021,Jul,7,2021-07-01,44059
JK,2021,Aug,8,2021-08-01,39550
JK,2021,Sep,9,2021-09-01,40559
JK,2021,Oct,10,2021-10-01,38429
JK,2021,Nov,11,2021-11-01,44031
JK,2021,Dec,12,2021-12-01,48511
JK,2022,Jan,1,2022-01-01,42727
JK,2022,Feb,2,2022-02-01,49621
JK,2022,Mar,3,2022-03-01,71338
JK,2022,Apr,4,2022-04-01,66518
JK,2022,May,5,2022-05-01,42588
JK,2022,Jun,6,2022-06-01,45685
JK,2022,Jul,7,2022-07-01,49055
JK,2022,Aug,8,2022-08-01,45839
JK,2022,Sep,9,2022-09-01,46689
JK,2022,Oct,10,2022-10-01,49969
JK,2022,Nov,11,2022-11-01,51913
JK,2022,Dec,12,2022-12-01,51654
JK,2023,Jan,1,2023-01-01,57843
JK,2023,Feb,2,2023-02-01,56967
JK,2023,Mar,3,2023-03-01,76170
JK,2023,Apr,4,2023-04-01,73418
JK,2023,May,5,2023-05-01,62414
JK,2023,Jun,6,2023-06-01,60091
JK,2023,Jul,7,2023-07-01,72731
JK,2023,Aug,8,2023-08-01,63446
JK,2023,Sep,9,2023-09-01,54118
JK,2023,Oct,10,2023-10-01,71826
JK,2023,Nov,11,2023-11-01,70581
JK,2023,Dec,12,2023-12-01,80018
JK,2024,Jan,1,2024-01-01,87749
JK,2024,Feb,2,2024-02-01,67787
JK,2024,Mar,3,2024-03-01,86461
JK,2024,Apr,4,2024-04-01,88385
JK,2024,May,5,2024-05-01,69078
JK,2024,Jun,6,2024-06-01,60458
JK,2024,Jul,7,2024-07-01,87793
JK,2024,Aug,8,2024-08-01,64525
JK,2024,Sep,9,2024-09-01,52727
JK,2024,Oct,10,2024-10-01,79345
JK,2024,Nov,11,2024-11-01,63448
JK,2024,Dec,12,2024-12-01,66402
JK,2025,Jan,1,2025-01-01,81343
JK,2025,Feb,2,2025-02-01,65656
JK,2025,Mar,3,2025-03-01,76029
JK,2025,Apr,4,2025-04-01,102143
JK,2025,May,5,2025-05-01,60488
JK,2025,Jun,6,2025-06-01,59818
JK,2025,Jul,7,2025-07-01,82076
JK,2025,Aug,8,2025-08-01,56590
JK,2025,Sep,9,2025-09-01,58620
JK,2025,Oct,10,2025-10-01,81770
JK,2025,Nov,11,2025-11-01,61170
JK,2025,Dec,12,2025-12-01,82683
JK,2026,Jan,1,2026-01-01,75794
JK,2026,Feb,2,2026-02-01,69329
JK,2026,Mar,3,2026-03-01,77039
JK,2026,Apr,4,2026-04-01,96034
JK,2026,May,5,2026-05-01,63769
JK,2026,Jun,6,2026-06-01,77386
JK,2026,Jul,7,2026-07-01,81717
JK,2026,Aug,8,2026-08-01,16670
JK,2026,Sep,9,2026-09-01,54354
JK,2026,Oct,10,2026-10-01,58574
JK,2026,Nov,11,2026-11-01,56351
JK,2026,Dec,12,2026-12-01,70467
KA,2010,Jan,1,2010-01-01,26754
KA,2010,Feb,2,2010-02-01,27448
KA,2010,Mar,3,2010-03-01,29521
KA,2010,Apr,4,2010-04-01,29771
KA,2010,May,5,2010-05-01,40214
KA,2010,Jun,6,2010-06-01,73605
KA,2010,Jul,7,2010-07-01,72684
KA,2010,Aug,8,2010-08-01,78913
KA,2010,Sep,9,2010-09-01,77825
KA,2010,Oct,10,2010-10-01,73206
KA,2010,Nov,11,2010-11-01,74949
KA,2010,Dec,12,2010-12-01,82521
KA,2011,Jan,1,2011-01-01,79469
KA,2011,Feb,2,2011-02-01,82498
KA,2011,Mar,3,2011-03-01,87693
KA,2011,Apr,4,2011-04-01,70475
KA,2011,May,5,2011-05-01,80282
KA,2011,Jun,6,2011-06-01,81344
KA,2011,Jul,7,2011-07-01,77838
KA,2011,Aug,8,2011-08-01,80312
KA,2011,Sep,9,2011-09-01,88443
KA,2011,Oct,10,2011-10-01,85447
KA,2011,Nov,11,2011-11-01,93589
KA,2011,Dec,12,2011-12-01,115095
KA,2012,Jan,1,2012-01-01,123988
KA,2012,Feb,2,2012-02-01,128960
KA,2012,Mar,3,2012-03-01,141453
KA,2012,Apr,4,2012-04-01,128905
KA,2012,May,5,2012-05-01,142659
KA,2012,Jun,6,2012-06-01,162578
KA,2012,Jul,7,2012-07-01,171422
KA,2012,Aug,8,2012-08-01,183950
KA,2012,Sep,9,2012-09-01,190091
KA,2012,Oct,10,2012-10-01,194097
KA,2012,Nov,11,2012-11-01,212278
KA,2012,Dec,12,2012-12-01,216853
KA,2013,Jan,1,2013-01-01,241325
KA,2013,Feb,2,2013-02-01,233454
KA,2013,Mar,3,2013-03-01,249811
KA,2013,Apr,4,2013-04-01,215778
KA,2013,May,5,2013-05-01,213266
KA,2013,Jun,6,2013-06-01,230508
KA,2013,Jul,7,2013-07-01,252949
KA,2013,Aug,8,2013-08-01,225562
KA,2013,Sep,9,2013-09-01,240400
KA,2013,Oct,10,2013-10-01,240027
KA,2013,Nov,11,2013-11-01,232800
KA,2013,Dec,12,2013-12-01,246988
KA,2014,Jan,1,2014-01-01,261681
KA,2014,Feb,2,2014-02-01,239200
KA,2014,Mar,3,2014-03-01,260851
KA,2014,Apr,4,2014-04-01,242751
KA,2014,May,5,2014-05-01,249899
KA,2014,Jun,6,2014-06-01,266750
KA,2014,Jul,7,2014-07-01,279534
KA,2014,Aug,8,2014-08-01,255931
KA,2014,Sep,9,2014-09-01,295827
KA,2014,Oct,10,2014-10-01,258051
KA,2014,Nov,11,2014-11-01,281188
KA,2014,Dec,12,2014-12-01,301548
KA,2015,Jan,1,2015-01-01,306956
KA,2015,Feb,2,2015-02-01,291264
KA,2015,Mar,3,2015-03-01,305457
KA,2015,Apr,4,2015-04-01,270388
KA,2015,May,5,2015-05-01,281800
KA,2015,Jun,6,2015-06-01,311057
KA,2015,Jul,7,2015-07-01,317523
KA,2015,Aug,8,2015-08-01,301687
KA,2015,Sep,9,2015-09-01,314610
KA,2015,Oct,10,2015-10-01,296360
KA,2015,Nov,11,2015-11-01,280269
KA,2015,Dec,12,2015-12-01,324428
KA,2016,Jan,1,2016-01-01,342708
KA,2016,Feb,2,2016-02-01,335094
KA,2016,Mar,3,2016-03-01,350139
KA,2016,Apr,4,2016-04-01,276593
KA,2016,May,5,2016-05-01,315099
KA,2016,Jun,6,2016-06-01,325570
KA,2016,Jul,7,2016-07-01,295156
KA,2016,Aug,8,2016-08-01,334488
KA,2016,Sep,9,2016-09-01,295073
KA,2016,Oct,10,2016-10-01,302701
KA,2016,Nov,11,2016-11-01,287582
KA,2016,Dec,12,2016-12-01,293332
KA,2017,Jan,1,2017-01-01,364124
KA,2017,Feb,2,2017-02-01,365861
KA,2017,Mar,3,2017-03-01,379356
KA,2017,Apr,4,2017-04-01,293004
KA,2017,May,5,2017-05-01,316000
KA,2017,Jun,6,2017-06-01,313296
KA,2017,Jul,7,2017-07-01,373304
KA,2017,Aug,8,2017-08-01,320999
KA,2017,Sep,9,2017-09-01,283822
KA,2017,Oct,10,2017-10-01,291754
KA,2017,Nov,11,2017-11-01,315914
KA,2017,Dec,12,2017-12-01,301359
KA,2018,Jan,1,2018-01-01,346839
KA,2018,Feb,2,2018-02-01,340061
KA,2018,Mar,3,2018-03-01,339461
KA,2018,Apr,4,2018-04-01,315705
KA,2018,May,5,2018-05-01,308749
KA,2018,Jun,6,2018-06-01,334321
KA,2018,Jul,7,2018-07-01,369162
KA,2018,Aug,8,2018-08-01,341674
KA,2018,Sep,9,2018-09-01,371238
KA,2018,Oct,10,2018-10-01,385304
KA,2018,Nov,11,2018-11-01,345811
KA,2018,Dec,12,2018-12-01,357012
KA,2019,Jan,1,2019-01-01,363553
KA,2019,Feb,2,2019-02-01,358299
KA,2019,Mar,3,2019-03-01,385897
KA,2019,Apr,4,2019-04-01,328425
KA,2019,May,5,2019-05-01,343843
KA,2019,Jun,6,2019-06-01,338277
KA,2019,Jul,7,2019-07-01,400663
KA,2019,Aug,8,2019-08-01,360807
KA,2019,Sep,9,2019-09-01,340327
KA,2019,Oct,10,2019-10-01,352101
KA,2019,Nov,11,2019-11-01,362005
KA,2019,Dec,12,2019-12-01,347817
KA,2020,Jan,1,2020-01-01,396021
KA,2020,Feb,2,2020-02-01,373451
KA,2020,Mar,3,2020-03-01,337726
KA,2020,Apr,4,2020-04-01,12798
KA,2020,May,5,2020-05-01,144217
KA,2020,Jun,6,2020-06-01,242815
KA,2020,Jul,7,2020-07-01,189575
KA,2020,Aug,8,2020-08-01,234643
KA,2020,Sep,9,2020-09-01,274152
KA,2020,Oct,10,2020-10-01,270889
KA,2020,Nov,11,2020-11-01,288563
KA,2020,Dec,12,2020-12-01,288846
KA,2021,Jan,1,2021-01-01,306807
KA,2021,Feb,2,2021-02-01,300327
KA,2021,Mar,3,2021-03-01,324954
KA,2021,Apr,4,2021-04-01,219885
KA,2021,May,5,2021-05-01,35514
KA,2021,Jun,6,2021-06-01,177654
KA,2021,Jul,7,2021-07-01,339125
KA,2021,Aug,8,2021-08-01,329017
KA,2021,Sep,9,2021-09-01,360535
KA,2021,Oct,10,2021-10-01,326089
KA,2021,Nov,11,2021-11-01,345214
KA,2021,Dec,12,2021-12-01,403073
KA,2022,Jan,1,2022-01-01,376774
KA,2022,Feb,2,2022-02-01,372243
KA,2022,Mar,3,2022-03-01,410702
KA,2022,Apr,4,2022-04-01,314039
KA,2022,May,5,2022-05-01,321140
KA,2022,Jun,6,2022-06-01,473739
KA,2022,Jul,7,2022-07-01,503154
KA,2022,Aug,8,2022-08-01,489336
KA,2022,Sep,9,2022-09-01,533188
KA,2022,Oct,10,2022-10-01,475656
KA,2022,Nov,11,2022-11-01,547203
KA,2022,Dec,12,2022-12-01,556752
KA,2023,Jan,1,2023-01-01,524038
KA,2023,Feb,2,2023-02-01,495572
KA,2023,Mar,3,2023-03-01,549475
KA,2023,Apr,4,2023-04-01,462054
KA,2023,May,5,2023-05-01,451389
KA,2023,Jun,6,2023-06-01,542903
KA,2023,Jul,7,2023-07-01,566121
KA,2023,Aug,8,2023-08-01,571262
KA,2023,Sep,9,2023-09-01,564417
KA,2023,Oct,10,2023-10-01,613197
KA,2023,Nov,11,2023-11-01,573985
KA,2023,Dec,12,2023-12-01,609022
KA,2024,Jan,1,2024-01-01,612510
KA,2024,Feb,2,2024-02-01,641446
KA,2024,Mar,3,2024-03-01,614611
KA,2024,Apr,4,2024-04-01,491464
KA,2024,May,5,2024-05-01,569603
KA,2024,Jun,6,2024-06-01,570875
KA,2024,Jul,7,2024-07-01,617183
KA,2024,Aug,8,2024-08-01,649270
KA,2024,Sep,9,2024-09-01,563994
KA,2024,Oct,10,2024-10-01,577055
KA,2024,Nov,11,2024-11-01,573872
KA,2024,Dec,12,2024-12-01,549577
KA,2025,Jan,1,2025-01-01,637058
KA,2025,Feb,2,2025-02-01,576104
KA,2025,Mar,3,2025-03-01,595889
KA,2025,Apr,4,2025-04-01,513099
KA,2025,May,5,2025-05-01,557637
KA,2025,Jun,6,2025-06-01,575798
KA,2025,Jul,7,2025-07-01,685660
KA,2025,Aug,8,2025-08-01,592291
KA,2025,Sep,9,2025-09-01,609337
KA,2025,Oct,10,2025-10-01,611768
KA,2025,Nov,11,2025-11-01,621209
KA,2025,Dec,12,2025-12-01,645455
KA,2026,Jan,1,2026-01-01,669952
KA,2026,Feb,2,2026-02-01,610174
KA,2026,Mar,3,2026-03-01,604299
KA,2026,Apr,4,2026-04-01,533242
KA,2026,May,5,2026-05-01,542537
KA,2026,Jun,6,2026-06-01,636489
KA,2026,Jul,7,2026-07-01,673236
KA,2026,Aug,8,2026-08-01,134184
KA,2026,Sep,9,2026-09-01,596130
KA,2026,Oct,10,2026-10-01,574497
KA,2026,Nov,11,2026-11-01,527628
KA,2026,Dec,12,2026-12-01,567183
KL,2010,Jan,1,2010-01-01,312961
KL,2010,Feb,2,2010-02-01,226181
KL,2010,Mar,3,2010-03-01,249547
KL,2010,Apr,4,2010-04-01,284262
KL,2010,May,5,2010-05-01,258379
KL,2010,Jun,6,2010-06-01,223246
KL,2010,Jul,7,2010-07-01,353787
KL,2010,Aug,8,2010-08-01,234388
KL,2010,Sep,9,2010-09-01,226880
KL,2010,Oct,10,2010-10-01,315210
KL,2010,Nov,11,2010-11-01,262699
KL,2010,Dec,12,2010-12-01,248547
KL,2011,Jan,1,2011-01-01,353973
KL,2011,Feb,2,2011-02-01,236864
KL,2011,Mar,3,2011-03-01,266177
KL,2011,Apr,4,2011-04-01,282608
KL,2011,May,5,2011-05-01,284144
KL,2011,Jun,6,2011-06-01,265382
KL,2011,Jul,7,2011-07-01,342157
KL,2011,Aug,8,2011-08-01,279381
KL,2011,Sep,9,2011-09-01,248883
KL,2011,Oct,10,2011-10-01,374551
KL,2011,Nov,11,2011-11-01,280353
KL,2011,Dec,12,2011-12-01,278738
KL,2012,Jan,1,2012-01-01,376888
KL,2012,Feb,2,2012-02-01,258123
KL,2012,Mar,3,2012-03-01,304847
KL,2012,Apr,4,2012-04-01,321178
KL,2012,May,5,2012-05-01,289418
KL,2012,Jun,6,2012-06-01,288848
KL,2012,Jul,7,2012-07-01,396062
KL,2012,Aug,8,2012-08-01,234561
KL,2012,Sep,9,2012-09-01,289979
KL,2012,Oct,10,2012-10-01,391614
KL,2012,Nov,11,2012-11-01,304099
KL,2012,Dec,12,2012-12-01,283903
KL,2013,Jan,1,2013-01-01,382843
KL,2013,Feb,2,2013-02-01,251998
KL,2013,Mar,3,2013-03-01,284545
KL,2013,Apr,4,2013-04-01,367857
KL,2013,May,5,2013-05-01,291460
KL,2013,Jun,6,2013-06-01,260127
KL,2013,Jul,7,2013-07-01,369469
KL,2013,Aug,8,2013-08-01,281426
KL,2013,Sep,9,2013-09-01,254025
KL,2013,Oct,10,2013-10-01,423725
KL,2013,Nov,11,2013-11-01,287507
KL,2013,Dec,12,2013-12-01,290789
KL,2014,Jan,1,2014-01-01,394782
KL,2014,Feb,2,2014-02-01,249761
KL,2014,Mar,3,2014-03-01,300303
KL,2014,Apr,4,2014-04-01,310346
KL,2014,May,5,2014-05-01,299868
KL,2014,Jun,6,2014-06-01,283983
KL,2014,Jul,7,2014-07-01,357441
KL,2014,Aug,8,2014-08-01,295652
KL,2014,Sep,9,2014-09-01,281816
KL,2014,Oct,10,2014-10-01,398480
KL,2014,Nov,11,2014-11-01,299153
KL,2014,Dec,12,2014-12-01,314826
KL,2015,Jan,1,2015-01-01,393090
KL,2015,Feb,2,2015-02-01,276479
KL,2015,Mar,3,2015-03-01,327958
KL,2015,Apr,4,2015-04-01,305223
KL,2015,May,5,2015-05-01,319513
KL,2015,Jun,6,2015-06-01,327875
KL,2015,Jul,7,2015-07-01,394040
KL,2015,Aug,8,2015-08-01,262868
KL,2015,Sep,9,2015-09-01,293804
KL,2015,Oct,10,2015-10-01,425294
KL,2015,Nov,11,2015-11-01,292886
KL,2015,Dec,12,2015-12-01,326006
KL,2016,Jan,1,2016-01-01,400475
KL,2016,Feb,2,2016-02-01,312652
KL,2016,Mar,3,2016-03-01,335706
KL,2016,Apr,4,2016-04-01,363393
KL,2016,May,5,2016-05-01,328774
KL,2016,Jun,6,2016-06-01,331706
KL,2016,Jul,7,2016-07-01,399048
KL,2016,Aug,8,2016-08-01,339238
KL,2016,Sep,9,2016-09-01,297397
KL,2016,Oct,10,2016-10-01,428289
KL,2016,Nov,11,2016-11-01,308842
KL,2016,Dec,12,2016-12-01,337481
KL,2017,Jan,1,2017-01-01,473025
KL,2017,Feb,2,2017-02-01,331119
KL,2017,Mar,3,2017-03-01,399570
KL,2017,Apr,4,2017-04-01,363444
KL,2017,May,5,2017-05-01,358768
KL,2017,Jun,6,2017-06-01,357458
KL,2017,Jul,7,2017-07-01,426424
KL,2017,Aug,8,2017-08-01,347266
KL,2017,Sep,9,2017-09-01,277962
KL,2017,Oct,10,2017-10-01,450694
KL,2017,Nov,11,2017-11-01,348881
KL,2017,Dec,12,2017-12-01,347691
KL,2018,Jan,1,2018-01-01,469325
KL,2018,Feb,2,2018-02-01,334151
KL,2018,Mar,3,2018-03-01,396475
KL,2018,Apr,4,2018-04-01,391798
KL,2018,May,5,2018-05-01,377399
KL,2018,Jun,6,2018-06-01,358872
KL,2018,Jul,7,2018-07-01,448027
KL,2018,Aug,8,2018-08-01,267872
KL,2018,Sep,9,2018-09-01,346279
KL,2018,Oct,10,2018-10-01,475962
KL,2018,Nov,11,2018-11-01,352499
KL,2018,Dec,12,2018-12-01,340796
KL,2019,Jan,1,2019-01-01,449445
KL,2019,Feb,2,2019-02-01,330275
KL,2019,Mar,3,2019-03-01,373811
KL,2019,Apr,4,2019-04-01,390769
KL,2019,May,5,2019-05-01,404229
KL,2019,Jun,6,2019-06-01,331194
KL,2019,Jul,7,2019-07-01,452747
KL,2019,Aug,8,2019-08-01,331055
KL,2019,Sep,9,2019-09-01,312227
KL,2019,Oct,10,2019-10-01,458241
KL,2019,Nov,11,2019-11-01,315735
KL,2019,Dec,12,2019-12-01,250644
KL,2020,Jan,1,2020-01-01,298778
KL,2020,Feb,2,2020-02-01,203184
KL,2020,Mar,3,2020-03-01,148130
KL,2020,Apr,4,2020-04-01,7050
KL,2020,May,5,2020-05-01,66893
KL,2020,Jun,6,2020-06-01,190354
KL,2020,Jul,7,2020-07-01,174020
KL,2020,Aug,8,2020-08-01,134764
KL,2020,Sep,9,2020-09-01,171480
KL,2020,Oct,10,2020-10-01,230221
KL,2020,Nov,11,2020-11-01,231714
KL,2020,Dec,12,2020-12-01,312554
KL,2021,Jan,1,2021-01-01,293908
KL,2021,Feb,2,2021-02-01,239754
KL,2021,Mar,3,2021-03-01,331355
KL,2021,Apr,4,2021-04-01,211662
KL,2021,May,5,2021-05-01,27124
KL,2021,Jun,6,2021-06-01,92099
KL,2021,Jul,7,2021-07-01,238296
KL,2021,Aug,8,2021-08-01,235784
KL,2021,Sep,9,2021-09-01,393273
KL,2021,Oct,10,2021-10-01,389211
KL,2021,Nov,11,2021-11-01,303243
KL,2021,Dec,12,2021-12-01,430193
KL,2022,Jan,1,2022-01-01,398279
KL,2022,Feb,2,2022-02-01,271558
KL,2022,Mar,3,2022-03-01,339040
KL,2022,Apr,4,2022-04-01,317220
KL,2022,May,5,2022-05-01,245463
KL,2022,Jun,6,2022-06-01,301998
KL,2022,Jul,7,2022-07-01,356041
KL,2022,Aug,8,2022-08-01,329390
KL,2022,Sep,9,2022-09-01,341504
KL,2022,Oct,10,2022-10-01,483026
KL,2022,Nov,11,2022-11-01,433629
KL,2022,Dec,12,2022-12-01,504175
KL,2023,Jan,1,2023-01-01,604634
KL,2023,Feb,2,2023-02-01,423636
KL,2023,Mar,3,2023-03-01,510074
KL,2023,Apr,4,2023-04-01,466263
KL,2023,May,5,2023-05-01,432379
KL,2023,Jun,6,2023-06-01,382059
KL,2023,Jul,7,2023-07-01,493084
KL,2023,Aug,8,2023-08-01,409527
KL,2023,Sep,9,2023-09-01,518731
KL,2023,Oct,10,2023-10-01,670295
KL,2023,Nov,11,2023-11-01,543144
KL,2023,Dec,12,2023-12-01,544943
KL,2024,Jan,1,2024-01-01,661585
KL,2024,Feb,2,2024-02-01,453641
KL,2024,Mar,3,2024-03-01,449136
KL,2024,Apr,4,2024-04-01,513138
KL,2024,May,5,2024-05-01,450608
KL,2024,Jun,6,2024-06-01,394600
KL,2024,Jul,7,2024-07-01,558171
KL,2024,Aug,8,2024-08-01,437392
KL,2024,Sep,9,2024-09-01,479280
KL,2024,Oct,10,2024-10-01,650638
KL,2024,Nov,11,2024-11-01,510969
KL,2024,Dec,12,2024-12-01,550373
KL,2025,Jan,1,2025-01-01,687365
KL,2025,Feb,2,2025-02-01,471289
KL,2025,Mar,3,2025-03-01,465458
KL,2025,Apr,4,2025-04-01,513053
KL,2025,May,5,2025-05-01,433026
KL,2025,Jun,6,2025-06-01,362131
KL,2025,Jul,7,2025-07-01,485593
KL,2025,Aug,8,2025-08-01,430092
KL,2025,Sep,9,2025-09-01,480021
KL,2025,Oct,10,2025-10-01,673283
KL,2025,Nov,11,2025-11-01,529289
KL,2025,Dec,12,2025-12-01,537994
KL,2026,Jan,1,2026-01-01,679309
KL,2026,Feb,2,2026-02-01,460103
KL,2026,Mar,3,2026-03-01,490769
KL,2026,Apr,4,2026-04-01,489078
KL,2026,May,5,2026-05-01,451706
KL,2026,Jun,6,2026-06-01,429996
KL,2026,Jul,7,2026-07-01,528722
KL,2026,Aug,8,2026-08-01,92939
KL,2026,Sep,9,2026-09-01,495469
KL,2026,Oct,10,2026-10-01,439663
KL,2026,Nov,11,2026-11-01,482214
KL,2026,Dec,12,2026-12-01,395217
LA,2010,Jan,1,2010-01-01,62
LA,2010,Feb,2,2010-02-01,41
LA,2010,Mar,3,2010-03-01,60
LA,2010,Apr,4,2010-04-01,639
LA,2010,May,5,2010-05-01,196
LA,2010,Jun,6,2010-06-01,436
LA,2010,Jul,7,2010-07-01,610
LA,2010,Aug,8,2010-08-01,484
LA,2010,Sep,9,2010-09-01,182
LA,2010,Oct,10,2010-10-01,251
LA,2010,Nov,11,2010-11-01,229
LA,2010,Dec,12,2010-12-01,169
LA,2011,Jan,1,2011-01-01,64
LA,2011,Feb,2,2011-02-01,117
LA,2011,Mar,3,2011-03-01,124
LA,2011,Apr,4,2011-04-01,896
LA,2011,May,5,2011-05-01,327
LA,2011,Jun,6,2011-06-01,302
LA,2011,Jul,7,2011-07-01,674
LA,2011,Aug,8,2011-08-01,468
LA,2011,Sep,9,2011-09-01,452
LA,2011,Oct,10,2011-10-01,406
LA,2011,Nov,11,2011-11-01,368
LA,2011,Dec,12,2011-12-01,249
LA,2012,Jan,1,2012-01-01,209
LA,2012,Feb,2,2012-02-01,121
LA,2012,Mar,3,2012-03-01,141
LA,2012,Apr,4,2012-04-01,1081
LA,2012,May,5,2012-05-01,633
LA,2012,Jun,6,2012-06-01,1488
LA,2012,Jul,7,2012-07-01,955
LA,2012,Aug,8,2012-08-01,624
LA,2012,Sep,9,2012-09-01,603
LA,2012,Oct,10,2012-10-01,404
LA,2012,Nov,11,2012-11-01,554
LA,2012,Dec,12,2012-12-01,325
LA,2013,Jan,1,2013-01-01,174
LA,2013,Feb,2,2013-02-01,150
LA,2013,Mar,3,2013-03-01,247
LA,2013,Apr,4,2013-04-01,1765
LA,2013,May,5,2013-05-01,838
LA,2013,Jun,6,2013-06-01,711
LA,2013,Jul,7,2013-07-01,1046
LA,2013,Aug,8,2013-08-01,419
LA,2013,Sep,9,2013-09-01,445
LA,2013,Oct,10,2013-10-01,567
LA,2013,Nov,11,2013-11-01,475
LA,2013,Dec,12,2013-12-01,323
LA,2014,Jan,1,2014-01-01,229
LA,2014,Feb,2,2014-02-01,255
LA,2014,Mar,3,2014-03-01,261
LA,2014,Apr,4,2014-04-01,2103
LA,2014,May,5,2014-05-01,653
LA,2014,Jun,6,2014-06-01,1122
LA,2014,Jul,7,2014-07-01,1169
LA,2014,Aug,8,2014-08-01,1128
LA,2014,Sep,9,2014-09-01,680
LA,2014,Oct,10,2014-10-01,854
LA,2014,Nov,11,2014-11-01,856
LA,2014,Dec,12,2014-12-01,621
LA,2015,Jan,1,2015-01-01,398
LA,2015,Feb,2,2015-02-01,245
LA,2015,Mar,3,2015-03-01,332
LA,2015,Apr,4,2015-04-01,2318
LA,2015,May,5,2015-05-01,1059
LA,2015,Jun,6,2015-06-01,1028
LA,2015,Jul,7,2015-07-01,1436
LA,2015,Aug,8,2015-08-01,893
LA,2015,Sep,9,2015-09-01,661
LA,2015,Oct,10,2015-10-01,835
LA,2015,Nov,11,2015-11-01,677
LA,2015,Dec,12,2015-12-01,514
LA,2016,Jan,1,2016-01-01,484
LA,2016,Feb,2,2016-02-01,407
LA,2016,Mar,3,2016-03-01,647
LA,2016,Apr,4,2016-04-01,2421
LA,2016,May,5,2016-05-01,1398
LA,2016,Jun,6,2016-06-01,982
LA,2016,Jul,7,2016-07-01,1522
LA,2016,Aug,8,2016-08-01,885
LA,2016,Sep,9,2016-09-01,740
LA,2016,Oct,10,2016-10-01,1114
LA,2016,Nov,11,2016-11-01,820
LA,2016,Dec,12,2016-12-01,636
LA,2017,Jan,1,2017-01-01,506
LA,2017,Feb,2,2017-02-01,492
LA,2017,Mar,3,2017-03-01,758
LA,2017,Apr,4,2017-04-01,3188
LA,2017,May,5,2017-05-01,1453
LA,2017,Jun,6,2017-06-01,1523
LA,2017,Jul,7,2017-07-01,1834
LA,2017,Aug,8,2017-08-01,1092
LA,2017,Sep,9,2017-09-01,683
LA,2017,Oct,10,2017-10-01,1297
LA,2017,Nov,11,2017-11-01,871
LA,2017,Dec,12,2017-12-01,608
LA,2018,Jan,1,2018-01-01,815
LA,2018,Feb,2,2018-02-01,595
LA,2018,Mar,3,2018-03-01,1417
LA,2018,Apr,4,2018-04-01,3525
LA,2018,May,5,2018-05-01,2323
LA,2018,Jun,6,2018-06-01,1805
LA,2018,Jul,7,2018-07-01,1888
LA,2018,Aug,8,2018-08-01,1512
LA,2018,Sep,9,2018-09-01,2294
LA,2018,Oct,10,2018-10-01,3278
LA,2018,Nov,11,2018-11-01,2532
LA,2018,Dec,12,2018-12-01,2013
LA,2019,Jan,1,2019-01-01,1847
LA,2019,Feb,2,2019-02-01,646
LA,2019,Mar,3,2019-03-01,2453
LA,2019,Apr,4,2019-04-01,4904
LA,2019,May,5,2019-05-01,3465
LA,2019,Jun,6,2019-06-01,2982
LA,2019,Jul,7,2019-07-01,3615
LA,2019,Aug,8,2019-08-01,1906
LA,2019,Sep,9,2019-09-01,2240
LA,2019,Oct,10,2019-10-01,2844
LA,2019,Nov,11,2019-11-01,2203
LA,2019,Dec,12,2019-12-01,1804
LA,2020,Jan,1,2020-01-01,1270
LA,2020,Feb,2,2020-02-01,312
LA,2020,Mar,3,2020-03-01,1361
LA,2020,Apr,4,2020-04-01,139
LA,2020,May,5,2020-05-01,67
LA,2020,Jun,6,2020-06-01,275
LA,2020,Jul,7,2020-07-01,196
LA,2020,Aug,8,2020-08-01,93
LA,2020,Sep,9,2020-09-01,310
LA,2020,Oct,10,2020-10-01,515
LA,2020,Nov,11,2020-11-01,704
LA,2020,Dec,12,2020-12-01,664
LA,2021,Jan,1,2021-01-01,2799
LA,2021,Feb,2,2021-02-01,2790
LA,2021,Mar,3,2021-03-01,5156
LA,2021,Apr,4,2021-04-01,4358
LA,2021,May,5,2021-05-01,765
LA,2021,Jun,6,2021-06-01,831
LA,2021,Jul,7,2021-07-01,1356
LA,2021,Aug,8,2021-08-01,754
LA,2021,Sep,9,2021-09-01,1551
LA,2021,Oct,10,2021-10-01,2210
LA,2021,Nov,11,2021-11-01,2695
LA,2021,Dec,12,2021-12-01,1481
LA,2022,Jan,1,2022-01-01,3157
LA,2022,Feb,2,2022-02-01,2681
LA,2022,Mar,3,2022-03-01,6661
LA,2022,Apr,4,2022-04-01,6250
LA,2022,May,5,2022-05-01,4579
LA,2022,Jun,6,2022-06-01,4646
LA,2022,Jul,7,2022-07-01,3527
LA,2022,Aug,8,2022-08-01,2255
LA,2022,Sep,9,2022-09-01,1294
LA,2022,Oct,10,2022-10-01,1825
LA,2022,Nov,11,2022-11-01,2241
LA,2022,Dec,12,2022-12-01,1955
LA,2023,Jan,1,2023-01-01,2190
LA,2023,Feb,2,2023-02-01,2017
LA,2023,Mar,3,2023-03-01,2585
LA,2023,Apr,4,2023-04-01,4432
LA,2023,May,5,2023-05-01,6262
LA,2023,Jun,6,2023-06-01,4017
LA,2023,Jul,7,2023-07-01,3344
LA,2023,Aug,8,2023-08-01,2750
LA,2023,Sep,9,2023-09-01,1989
LA,2023,Oct,10,2023-10-01,2076
LA,2023,Nov,11,2023-11-01,2292
LA,2023,Dec,12,2023-12-01,1768
LA,2024,Jan,1,2024-01-01,2207
LA,2024,Feb,2,2024-02-01,1746
LA,2024,Mar,3,2024-03-01,2797
LA,2024,Apr,4,2024-04-01,4912
LA,2024,May,5,2024-05-01,5523
LA,2024,Jun,6,2024-06-01,4346
LA,2024,Jul,7,2024-07-01,4261
LA,2024,Aug,8,2024-08-01,3528
LA,2024,Sep,9,2024-09-01,2259
LA,2024,Oct,10,2024-10-01,2358
LA,2024,Nov,11,2024-11-01,2476
LA,2024,Dec,12,2024-12-01,2043
LA,2025,Jan,1,2025-01-01,1921
LA,2025,Feb,2,2025-02-01,1849
LA,2025,Mar,3,2025-03-01,2908
LA,2025,Apr,4,2025-04-01,3700
LA,2025,May,5,2025-05-01,5220
LA,2025,Jun,6,2025-06-01,4154
LA,2025,Jul,7,2025-07-01,3815
LA,2025,Aug,8,2025-08-01,2350
LA,2025,Sep,9,2025-09-01,2178
LA,2025,Oct,10,2025-10-01,2956
LA,2025,Nov,11,2025-11-01,2139
LA,2025,Dec,12,2025-12-01,2077
LA,2026,Jan,1,2026-01-01,1843
LA,2026,Feb,2,2026-02-01,1854
LA,2026,Mar,3,2026-03-01,2636
LA,2026,Apr,4,2026-04-01,2640
LA,2026,May,5,2026-05-01,3163
LA,2026,Jun,6,2026-06-01,2610
LA,2026,Jul,7,2026-07-01,2795
LA,2026,Aug,8,2026-08-01,508
LA,2026,Sep,9,2026-09-01,1952
LA,2026,Oct,10,2026-10-01,1568
LA,2026,Nov,11,2026-11-01,1669
LA,2026,Dec,12,2026-12-01,1860
LD,2024,Jan,1,2024-01-01,2
LD,2024,Feb,2,2024-02-01,27
LD,2024,Mar,3,2024-03-01,64
LD,2024,Apr,4,2024-04-01,62
LD,2024,May,5,2024-05-01,59
LD,2024,Jun,6,2024-06-01,26
LD,2024,Jul,7,2024-07-01,32
LD,2024,Aug,8,2024-08-01,6
LD,2024,Sep,9,2024-09-01,57
LD,2024,Oct,10,2024-10-01,120
LD,2024,Nov,11,2024-11-01,101
LD,2024,Dec,12,2024-12-01,108
LD,2025,Jan,1,2025-01-01,28
LD,2025,Feb,2,2025-02-01,51
LD,2025,Mar,3,2025-03-01,109
LD,2025,Apr,4,2025-04-01,91
LD,2025,May,5,2025-05-01,64
LD,2025,Jun,6,2025-06-01,120
LD,2025,Jul,7,2025-07-01,106
LD,2025,Aug,8,2025-08-01,83
LD,2025,Sep,9,2025-09-01,61
LD,2025,Oct,10,2025-10-01,61
LD,2025,Nov,11,2025-11-01,66
LD,2025,Dec,12,2025-12-01,108
LD,2026,Jan,1,2026-01-01,86
LD,2026,Feb,2,2026-02-01,121
LD,2026,Mar,3,2026-03-01,152
LD,2026,Apr,4,2026-04-01,120
LD,2026,May,5,2026-05-01,90
LD,2026,Jun,6,2026-06-01,94
LD,2026,Jul,7,2026-07-01,137
LD,2026,Aug,8,2026-08-01,41
LD,2026,Sep,9,2026-09-01,485
LD,2026,Oct,10,2026-10-01,841
LD,2026,Nov,11,2026-11-01,802
LD,2026,Dec,12,2026-12-01,747
MH,2010,Jan,1,2010-01-01,2789
MH,2010,Feb,2,2010-02-01,2087
MH,2010,Mar,3,2010-03-01,2357
MH,2010,Apr,4,2010-04-01,1785
MH,2010,May,5,2010-05-01,2423
MH,2010,Jun,6,2010-06-01,4497
MH,2010,Jul,7,2010-07-01,5007
MH,2010,Aug,8,2010-08-01,5458
MH,2010,Sep,9,2010-09-01,5710
MH,2010,Oct,10,2010-10-01,9003
MH,2010,Nov,11,2010-11-01,8870
MH,2010,Dec,12,2010-12-01,10544
MH,2011,Jan,1,2011-01-01,14376
MH,2011,Feb,2,2011-02-01,12165
MH,2011,Mar,3,2011-03-01,13868
MH,2011,Apr,4,2011-04-01,10287
MH,2011,May,5,2011-05-01,8860
MH,2011,Jun,6,2011-06-01,9411
MH,2011,Jul,7,2011-07-01,9558
MH,2011,Aug,8,2011-08-01,9634
MH,2011,Sep,9,2011-09-01,9661
MH,2011,Oct,10,2011-10-01,11769
MH,2011,Nov,11,2011-11-01,11930
MH,2011,Dec,12,2011-12-01,9247
MH,2012,Jan,1,2012-01-01,13527
MH,2012,Feb,2,2012-02-01,11181
MH,2012,Mar,3,2012-03-01,13472
MH,2012,Apr,4,2012-04-01,9355
MH,2012,May,5,2012-05-01,11254
MH,2012,Jun,6,2012-06-01,11475
MH,2012,Jul,7,2012-07-01,11478
MH,2012,Aug,8,2012-08-01,11705
MH,2012,Sep,9,2012-09-01,23122
MH,2012,Oct,10,2012-10-01,42934
MH,2012,Nov,11,2012-11-01,41508
MH,2012,Dec,12,2012-12-01,39873
MH,2013,Jan,1,2013-01-01,48390
MH,2013,Feb,2,2013-02-01,39291
MH,2013,Mar,3,2013-03-01,50587
MH,2013,Apr,4,2013-04-01,47738
MH,2013,May,5,2013-05-01,44039
MH,2013,Jun,6,2013-06-01,41161
MH,2013,Jul,7,2013-07-01,50984
MH,2013,Aug,8,2013-08-01,47454
MH,2013,Sep,9,2013-09-01,50657
MH,2013,Oct,10,2013-10-01,68100
MH,2013,Nov,11,2013-11-01,54564
MH,2013,Dec,12,2013-12-01,81655
MH,2014,Jan,1,2014-01-01,112720
MH,2014,Feb,2,2014-02-01,91923
MH,2014,Mar,3,2014-03-01,105174
MH,2014,Apr,4,2014-04-01,95537
MH,2014,May,5,2014-05-01,106296
MH,2014,Jun,6,2014-06-01,107942
MH,2014,Jul,7,2014-07-01,114206
MH,2014,Aug,8,2014-08-01,104286
MH,2014,Sep,9,2014-09-01,119642
MH,2014,Oct,10,2014-10-01,114720
MH,2014,Nov,11,2014-11-01,113427
MH,2014,Dec,12,2014-12-01,122945
MH,2015,Jan,1,2015-01-01,115480
MH,2015,Feb,2,2015-02-01,104045
MH,2015,Mar,3,2015-03-01,128415
MH,2015,Apr,4,2015-04-01,107572
MH,2015,May,5,2015-05-01,98108
MH,2015,Jun,6,2015-06-01,106172
MH,2015,Jul,7,2015-07-01,117644
MH,2015,Aug,8,2015-08-01,114868
MH,2015,Sep,9,2015-09-01,118844
MH,2015,Oct,10,2015-10-01,152013
MH,2015,Nov,11,2015-11-01,136406
MH,2015,Dec,12,2015-12-01,144542
MH,2016,Jan,1,2016-01-01,158884
MH,2016,Feb,2,2016-02-01,150157
MH,2016,Mar,3,2016-03-01,163296
MH,2016,Apr,4,2016-04-01,140690
MH,2016,May,5,2016-05-01,148624
MH,2016,Jun,6,2016-06-01,150929
MH,2016,Jul,7,2016-07-01,144000
MH,2016,Aug,8,2016-08-01,137498
MH,2016,Sep,9,2016-09-01,147235
MH,2016,Oct,10,2016-10-01,159328
MH,2016,Nov,11,2016-11-01,144945
MH,2016,Dec,12,2016-12-01,157849
MH,2017,Jan,1,2017-01-01,157419
MH,2017,Feb,2,2017-02-01,142709
MH,2017,Mar,3,2017-03-01,219036
MH,2017,Apr,4,2017-04-01,182727
MH,2017,May,5,2017-05-01,170580
MH,2017,Jun,6,2017-06-01,174130
MH,2017,Jul,7,2017-07-01,200822
MH,2017,Aug,8,2017-08-01,197343
MH,2017,Sep,9,2017-09-01,251632
MH,2017,Oct,10,2017-10-01,305006
MH,2017,Nov,11,2017-11-01,341156
MH,2017,Dec,12,2017-12-01,340472
MH,2018,Jan,1,2018-01-01,430580
MH,2018,Feb,2,2018-02-01,374062
MH,2018,Mar,3,2018-03-01,429618
MH,2018,Apr,4,2018-04-01,419078
MH,2018,May,5,2018-05-01,388099
MH,2018,Jun,6,2018-06-01,364415
MH,2018,Jul,7,2018-07-01,361805
MH,2018,Aug,8,2018-08-01,380955
MH,2018,Sep,9,2018-09-01,492711
MH,2018,Oct,10,2018-10-01,471692
MH,2018,Nov,11,2018-11-01,402735
MH,2018,Dec,12,2018-12-01,444984
MH,2019,Jan,1,2019-01-01,472657
MH,2019,Feb,2,2019-02-01,384545
MH,2019,Mar,3,2019-03-01,447410
MH,2019,Apr,4,2019-04-01,405632
MH,2019,May,5,2019-05-01,433015
MH,2019,Jun,6,2019-06-01,388241
MH,2019,Jul,7,2019-07-01,425850
MH,2019,Aug,8,2019-08-01,406757
MH,2019,Sep,9,2019-09-01,394204
MH,2019,Oct,10,2019-10-01,427898
MH,2019,Nov,11,2019-11-01,497452
MH,2019,Dec,12,2019-12-01,475492
MH,2020,Jan,1,2020-01-01,516084
MH,2020,Feb,2,2020-02-01,438511
MH,2020,Mar,3,2020-03-01,372920
MH,2020,Apr,4,2020-04-01,22825
MH,2020,May,5,2020-05-01,27088
MH,2020,Jun,6,2020-06-01,96752
MH,2020,Jul,7,2020-07-01,148683
MH,2020,Aug,8,2020-08-01,187343
MH,2020,Sep,9,2020-09-01,247300
MH,2020,Oct,10,2020-10-01,311302
MH,2020,Nov,11,2020-11-01,323037
MH,2020,Dec,12,2020-12-01,400938
MH,2021,Jan,1,2021-01-01,384493
MH,2021,Feb,2,2021-02-01,391701
MH,2021,Mar,3,2021-03-01,423495
MH,2021,Apr,4,2021-04-01,174808
MH,2021,May,5,2021-05-01,73347
MH,2021,Jun,6,2021-06-01,230519
MH,2021,Jul,7,2021-07-01,337450
MH,2021,Aug,8,2021-08-01,339055
MH,2021,Sep,9,2021-09-01,402907
MH,2021,Oct,10,2021-10-01,427075
MH,2021,Nov,11,2021-11-01,440441
MH,2021,Dec,12,2021-12-01,486291
MH,2022,Jan,1,2022-01-01,480006
MH,2022,Feb,2,2022-02-01,433136
MH,2022,Mar,3,2022-03-01,508100
MH,2022,Apr,4,2022-04-01,431059
MH,2022,May,5,2022-05-01,383509
MH,2022,Jun,6,2022-06-01,399702
MH,2022,Jul,7,2022-07-01,400662
MH,2022,Aug,8,2022-08-01,404699
MH,2022,Sep,9,2022-09-01,453903
MH,2022,Oct,10,2022-10-01,472999
MH,2022,Nov,11,2022-11-01,548740
MH,2022,Dec,12,2022-12-01,535259
MH,2023,Jan,1,2023-01-01,591450
MH,2023,Feb,2,2023-02-01,549676
MH,2023,Mar,3,2023-03-01,550496
MH,2023,Apr,4,2023-04-01,509500
MH,2023,May,5,2023-05-01,479195
MH,2023,Jun,6,2023-06-01,459697
MH,2023,Jul,7,2023-07-01,516359
MH,2023,Aug,8,2023-08-01,539279
MH,2023,Sep,9,2023-09-01,488538
MH,2023,Oct,10,2023-10-01,601781
MH,2023,Nov,11,2023-11-01,555685
MH,2023,Dec,12,2023-12-01,581547
MH,2024,Jan,1,2024-01-01,650457
MH,2024,Feb,2,2024-02-01,595785
MH,2024,Mar,3,2024-03-01,573928
MH,2024,Apr,4,2024-04-01,541986
MH,2024,May,5,2024-05-01,500952
MH,2024,Jun,6,2024-06-01,466210
MH,2024,Jul,7,2024-07-01,557986
MH,2024,Aug,8,2024-08-01,532776
MH,2024,Sep,9,2024-09-01,484401
MH,2024,Oct,10,2024-10-01,639782
MH,2024,Nov,11,2024-11-01,559661
MH,2024,Dec,12,2024-12-01,610145
MH,2025,Jan,1,2025-01-01,703531
MH,2025,Feb,2,2025-02-01,554775
MH,2025,Mar,3,2025-03-01,610426
MH,2025,Apr,4,2025-04-01,561646
MH,2025,May,5,2025-05-01,499280
MH,2025,Jun,6,2025-06-01,537381
MH,2025,Jul,7,2025-07-01,573880
MH,2025,Aug,8,2025-08-01,508796
MH,2025,Sep,9,2025-09-01,538989
MH,2025,Oct,10,2025-10-01,651766
MH,2025,Nov,11,2025-11-01,645216
MH,2025,Dec,12,2025-12-01,658773
MH,2026,Jan,1,2026-01-01,700087
MH,2026,Feb,2,2026-02-01,657636
MH,2026,Mar,3,2026-03-01,608044
MH,2026,Apr,4,2026-04-01,563231
MH,2026,May,5,2026-05-01,496858
MH,2026,Jun,6,2026-06-01,532495
MH,2026,Jul,7,2026-07-01,547254
MH,2026,Aug,8,2026-08-01,132773
MH,2026,Sep,9,2026-09-01,840093
MH,2026,Oct,10,2026-10-01,800334
MH,2026,Nov,11,2026-11-01,809287
MH,2026,Dec,12,2026-12-01,750916
ML,2010,Jan,1,2010-01-01,2364
ML,2010,Feb,2,2010-02-01,2599
ML,2010,Mar,3,2010-03-01,3272
ML,2010,Apr,4,2010-04-01,3129
ML,2010,May,5,2010-05-01,2287
ML,2010,Jun,6,2010-06-01,3102
ML,2010,Jul,7,2010-07-01,3177
ML,2010,Aug,8,2010-08-01,2916
ML,2010,Sep,9,2010-09-01,3227
ML,2010,Oct,10,2010-10-01,2954
ML,2010,Nov,11,2010-11-01,2874
ML,2010,Dec,12,2010-12-01,2806
ML,2011,Jan,1,2011-01-01,3754
ML,2011,Feb,2,2011-02-01,3389
ML,2011,Mar,3,2011-03-01,4774
ML,2011,Apr,4,2011-04-01,3861
ML,2011,May,5,2011-05-01,3071
ML,2011,Jun,6,2011-06-01,4028
ML,2011,Jul,7,2011-07-01,2835
ML,2011,Aug,8,2011-08-01,2829
ML,2011,Sep,9,2011-09-01,4089
ML,2011,Oct,10,2011-10-01,3705
ML,2011,Nov,11,2011-11-01,3949
ML,2011,Dec,12,2011-12-01,4022
ML,2012,Jan,1,2012-01-01,5486
ML,2012,Feb,2,2012-02-01,4695
ML,2012,Mar,3,2012-03-01,5498
ML,2012,Apr,4,2012-04-01,4717
ML,2012,May,5,2012-05-01,3540
ML,2012,Jun,6,2012-06-01,4804
ML,2012,Jul,7,2012-07-01,4550
ML,2012,Aug,8,2012-08-01,4409
ML,2012,Sep,9,2012-09-01,4248
ML,2012,Oct,10,2012-10-01,5436
ML,2012,Nov,11,2012-11-01,5628
ML,2012,Dec,12,2012-12-01,3558
ML,2013,Jan,1,2013-01-01,6332
ML,2013,Feb,2,2013-02-01,3023
ML,2013,Mar,3,2013-03-01,5584
ML,2013,Apr,4,2013-04-01,6345
ML,2013,May,5,2013-05-01,4805
ML,2013,Jun,6,2013-06-01,4536
ML,2013,Jul,7,2013-07-01,5284
ML,2013,Aug,8,2013-08-01,3909
ML,2013,Sep,9,2013-09-01,3567
ML,2013,Oct,10,2013-10-01,5074
ML,2013,Nov,11,2013-11-01,5177
ML,2013,Dec,12,2013-12-01,3795
ML,2014,Jan,1,2014-01-01,6583
ML,2014,Feb,2,2014-02-01,4276
ML,2014,Mar,3,2014-03-01,5849
ML,2014,Apr,4,2014-04-01,5201
ML,2014,May,5,2014-05-01,4511
ML,2014,Jun,6,2014-06-01,4653
ML,2014,Jul,7,2014-07-01,4931
ML,2014,Aug,8,2014-08-01,3464
ML,2014,Sep,9,2014-09-01,4574
ML,2014,Oct,10,2014-10-01,4394
ML,2014,Nov,11,2014-11-01,4243
ML,2014,Dec,12,2014-12-01,4290
ML,2015,Jan,1,2015-01-01,5629
ML,2015,Feb,2,2015-02-01,4106
ML,2015,Mar,3,2015-03-01,5495
ML,2015,Apr,4,2015-04-01,6524
ML,2015,May,5,2015-05-01,4180
ML,2015,Jun,6,2015-06-01,4982
ML,2015,Jul,7,2015-07-01,5400
ML,2015,Aug,8,2015-08-01,3912
ML,2015,Sep,9,2015-09-01,4361
ML,2015,Oct,10,2015-10-01,4222
ML,2015,Nov,11,2015-11-01,4115
ML,2015,Dec,12,2015-12-01,4283
ML,2016,Jan,1,2016-01-01,6503
ML,2016,Feb,2,2016-02-01,5305
ML,2016,Mar,3,2016-03-01,6383
ML,2016,Apr,4,2016-04-01,5883
ML,2016,May,5,2016-05-01,4311
ML,2016,Jun,6,2016-06-01,6127
ML,2016,Jul,7,2016-07-01,5187
ML,2016,Aug,8,2016-08-01,5629
ML,2016,Sep,9,2016-09-01,6006
ML,2016,Oct,10,2016-10-01,5170
ML,2016,Nov,11,2016-11-01,4389
ML,2016,Dec,12,2016-12-01,3794
ML,2017,Jan,1,2017-01-01,6424
ML,2017,Feb,2,2017-02-01,4964
ML,2017,Mar,3,2017-03-01,6902
ML,2017,Apr,4,2017-04-01,5833
ML,2017,May,5,2017-05-01,5399
ML,2017,Jun,6,2017-06-01,5336
ML,2017,Jul,7,2017-07-01,5690
ML,2017,Aug,8,2017-08-01,4750
ML,2017,Sep,9,2017-09-01,5192
ML,2017,Oct,10,2017-10-01,5696
ML,2017,Nov,11,2017-11-01,5405
ML,2017,Dec,12,2017-12-01,5300
ML,2018,Jan,1,2018-01-01,6746
ML,2018,Feb,2,2018-02-01,3661
ML,2018,Mar,3,2018-03-01,6843
ML,2018,Apr,4,2018-04-01,7361
ML,2018,May,5,2018-05-01,6547
ML,2018,Jun,6,2018-06-01,5446
ML,2018,Jul,7,2018-07-01,6753
ML,2018,Aug,8,2018-08-01,6257
ML,2018,Sep,9,2018-09-01,6715
ML,2018,Oct,10,2018-10-01,6579
ML,2018,Nov,11,2018-11-01,5939
ML,2018,Dec,12,2018-12-01,5038
ML,2019,Jan,1,2019-01-01,8036
ML,2019,Feb,2,2019-02-01,5311
ML,2019,Mar,3,2019-03-01,8228
ML,2019,Apr,4,2019-04-01,6021
ML,2019,May,5,2019-05-01,6883
ML,2019,Jun,6,2019-06-01,6432
ML,2019,Jul,7,2019-07-01,7537
ML,2019,Aug,8,2019-08-01,6012
ML,2019,Sep,9,2019-09-01,8645
ML,2019,Oct,10,2019-10-01,9677
ML,2019,Nov,11,2019-11-01,7900
ML,2019,Dec,12,2019-12-01,5379
ML,2020,Jan,1,2020-01-01,10285
ML,2020,Feb,2,2020-02-01,7749
ML,2020,Mar,3,2020-03-01,6411
ML,2020,Apr,4,2020-04-01,207
ML,2020,May,5,2020-05-01,2085
ML,2020,Jun,6,2020-06-01,5176
ML,2020,Jul,7,2020-07-01,5828
ML,2020,Aug,8,2020-08-01,5171
ML,2020,Sep,9,2020-09-01,8220
ML,2020,Oct,10,2020-10-01,8103
ML,2020,Nov,11,2020-11-01,6366
ML,2020,Dec,12,2020-12-01,8111
ML,2021,Jan,1,2021-01-01,9474
ML,2021,Feb,2,2021-02-01,6765
ML,2021,Mar,3,2021-03-01,10806
ML,2021,Apr,4,2021-04-01,7895
ML,2021,May,5,2021-05-01,1027
ML,2021,Jun,6,2021-06-01,2132
ML,2021,Jul,7,2021-07-01,5495
ML,2021,Aug,8,2021-08-01,5849
ML,2021,Sep,9,2021-09-01,10582
ML,2021,Oct,10,2021-10-01,9795
ML,2021,Nov,11,2021-11-01,8171
ML,2021,Dec,12,2021-12-01,8367
ML,2022,Jan,1,2022-01-01,11197
ML,2022,Feb,2,2022-02-01,9708
ML,2022,Mar,3,2022-03-01,13710
ML,2022,Apr,4,2022-04-01,9501
ML,2022,May,5,2022-05-01,7556
ML,2022,Jun,6,2022-06-01,9549
ML,2022,Jul,7,2022-07-01,8616
ML,2022,Aug,8,2022-08-01,8156
ML,2022,Sep,9,2022-09-01,10873
ML,2022,Oct,10,2022-10-01,10131
ML,2022,Nov,11,2022-11-01,9431
ML,2022,Dec,12,2022-12-01,9202
ML,2023,Jan,1,2023-01-01,12016
ML,2023,Feb,2,2023-02-01,7657
ML,2023,Mar,3,2023-03-01,15036
ML,2023,Apr,4,2023-04-01,11009
ML,2023,May,5,2023-05-01,8549
ML,2023,Jun,6,2023-06-01,11761
ML,2023,Jul,7,2023-07-01,10406
ML,2023,Aug,8,2023-08-01,9863
ML,2023,Sep,9,2023-09-01,13206
ML,2023,Oct,10,2023-10-01,12896
ML,2023,Nov,11,2023-11-01,10725
ML,2023,Dec,12,2023-12-01,10532
ML,2024,Jan,1,2024-01-01,14830
ML,2024,Feb,2,2024-02-01,11238
ML,2024,Mar,3,2024-03-01,14758
ML,2024,Apr,4,2024-04-01,12889
ML,2024,May,5,2024-05-01,10162
ML,2024,Jun,6,2024-06-01,11635
ML,2024,Jul,7,2024-07-01,13168
ML,2024,Aug,8,2024-08-01,9178
ML,2024,Sep,9,2024-09-01,13785
ML,2024,Oct,10,2024-10-01,13803
ML,2024,Nov,11,2024-11-01,10437
ML,2024,Dec,12,2024-12-01,10323
ML,2025,Jan,1,2025-01-01,17263
ML,2025,Feb,2,2025-02-01,9091
ML,2025,Mar,3,2025-03-01,14655
ML,2025,Apr,4,2025-04-01,14056
ML,2025,May,5,2025-05-01,10111
ML,2025,Jun,6,2025-06-01,13141
ML,2025,Jul,7,2025-07-01,13254
ML,2025,Aug,8,2025-08-01,9542
ML,2025,Sep,9,2025-09-01,14825
ML,2025,Oct,10,2025-10-01,14034
ML,2025,Nov,11,2025-11-01,11133
ML,2025,Dec,12,2025-12-01,10713
ML,2026,Jan,1,2026-01-01,16997
ML,2026,Feb,2,2026-02-01,11058
ML,2026,Mar,3,2026-03-01,16776
ML,2026,Apr,4,2026-04-01,13683
ML,2026,May,5,2026-05-01,12376
ML,2026,Jun,6,2026-06-01,19789
ML,2026,Jul,7,2026-07-01,20899
ML,2026,Aug,8,2026-08-01,3891
ML,2026,Sep,9,2026-09-01,15991
ML,2026,Oct,10,2026-10-01,15677
ML,2026,Nov,11,2026-11-01,17488
ML,2026,Dec,12,2026-12-01,14724
MN,2010,Jan,1,2010-01-01,704
MN,2010,Feb,2,2010-02-01,722
MN,2010,Mar,3,2010-03-01,861
MN,2010,Apr,4,2010-04-01,425
MN,2010,May,5,2010-05-01,472
MN,2010,Jun,6,2010-06-01,640
MN,2010,Jul,7,2010-07-01,1162
MN,2010,Aug,8,2010-08-01,870
MN,2010,Sep,9,2010-09-01,1196
MN,2010,Oct,10,2010-10-01,949
MN,2010,Nov,11,2010-11-01,656
MN,2010,Dec,12,2010-12-01,946
MN,2011,Jan,1,2011-01-01,1066
MN,2011,Feb,2,2011-02-01,869
MN,2011,Mar,3,2011-03-01,1223
MN,2011,Apr,4,2011-04-01,1054
MN,2011,May,5,2011-05-01,995
MN,2011,Jun,6,2011-06-01,1585
MN,2011,Jul,7,2011-07-01,1576
MN,2011,Aug,8,2011-08-01,763
MN,2011,Sep,9,2011-09-01,1365
MN,2011,Oct,10,2011-10-01,1223
MN,2011,Nov,11,2011-11-01,1156
MN,2011,Dec,12,2011-12-01,1685
MN,2012,Jan,1,2012-01-01,1487
MN,2012,Feb,2,2012-02-01,2143
MN,2012,Mar,3,2012-03-01,2050
MN,2012,Apr,4,2012-04-01,2282
MN,2012,May,5,2012-05-01,1607
MN,2012,Jun,6,2012-06-01,1903
MN,2012,Jul,7,2012-07-01,1831
MN,2012,Aug,8,2012-08-01,1364
MN,2012,Sep,9,2012-09-01,1482
MN,2012,Oct,10,2012-10-01,2185
MN,2012,Nov,11,2012-11-01,1454
MN,2012,Dec,12,2012-12-01,1409
MN,2013,Jan,1,2013-01-01,1794
MN,2013,Feb,2,2013-02-01,1586
MN,2013,Mar,3,2013-03-01,2183
MN,2013,Apr,4,2013-04-01,1511
MN,2013,May,5,2013-05-01,2467
MN,2013,Jun,6,2013-06-01,2030
MN,2013,Jul,7,2013-07-01,2246
MN,2013,Aug,8,2013-08-01,1557
MN,2013,Sep,9,2013-09-01,1982
MN,2013,Oct,10,2013-10-01,2625
MN,2013,Nov,11,2013-11-01,1515
MN,2013,Dec,12,2013-12-01,2134
MN,2014,Jan,1,2014-01-01,2054
MN,2014,Feb,2,2014-02-01,1849
MN,2014,Mar,3,2014-03-01,1466
MN,2014,Apr,4,2014-04-01,1809
MN,2014,May,5,2014-05-01,2081
MN,2014,Jun,6,2014-06-01,2043
MN,2014,Jul,7,2014-07-01,2341
MN,2014,Aug,8,2014-08-01,1620
MN,2014,Sep,9,2014-09-01,1980
MN,2014,Oct,10,2014-10-01,1732
MN,2014,Nov,11,2014-11-01,1498
MN,2014,Dec,12,2014-12-01,1944
MN,2015,Jan,1,2015-01-01,2079
MN,2015,Feb,2,2015-02-01,2221
MN,2015,Mar,3,2015-03-01,1810
MN,2015,Apr,4,2015-04-01,2193
MN,2015,May,5,2015-05-01,1994
MN,2015,Jun,6,2015-06-01,2396
MN,2015,Jul,7,2015-07-01,1727
MN,2015,Aug,8,2015-08-01,1273
MN,2015,Sep,9,2015-09-01,2110
MN,2015,Oct,10,2015-10-01,1935
MN,2015,Nov,11,2015-11-01,1932
MN,2015,Dec,12,2015-12-01,1905
MN,2016,Jan,1,2016-01-01,975
MN,2016,Feb,2,2016-02-01,2699
MN,2016,Mar,3,2016-03-01,2142
MN,2016,Apr,4,2016-04-01,1282
MN,2016,May,5,2016-05-01,1329
MN,2016,Jun,6,2016-06-01,1359
MN,2016,Jul,7,2016-07-01,1929
MN,2016,Aug,8,2016-08-01,1475
MN,2016,Sep,9,2016-09-01,1473
MN,2016,Oct,10,2016-10-01,1489
MN,2016,Nov,11,2016-11-01,872
MN,2016,Dec,12,2016-12-01,963
MN,2017,Jan,1,2017-01-01,1202
MN,2017,Feb,2,2017-02-01,1254
MN,2017,Mar,3,2017-03-01,1310
MN,2017,Apr,4,2017-04-01,1668
MN,2017,May,5,2017-05-01,789
MN,2017,Jun,6,2017-06-01,992
MN,2017,Jul,7,2017-07-01,1026
MN,2017,Aug,8,2017-08-01,646
MN,2017,Sep,9,2017-09-01,669
MN,2017,Oct,10,2017-10-01,1798
MN,2017,Nov,11,2017-11-01,1182
MN,2017,Dec,12,2017-12-01,1758
MN,2018,Jan,1,2018-01-01,1458
MN,2018,Feb,2,2018-02-01,937
MN,2018,Mar,3,2018-03-01,1604
MN,2018,Apr,4,2018-04-01,1656
MN,2018,May,5,2018-05-01,1137
MN,2018,Jun,6,2018-06-01,1289
MN,2018,Jul,7,2018-07-01,1283
MN,2018,Aug,8,2018-08-01,1791
MN,2018,Sep,9,2018-09-01,1500
MN,2018,Oct,10,2018-10-01,1768
MN,2018,Nov,11,2018-11-01,1364
MN,2018,Dec,12,2018-12-01,1432
MN,2019,Jan,1,2019-01-01,1538
MN,2019,Feb,2,2019-02-01,1789
MN,2019,Mar,3,2019-03-01,1777
MN,2019,Apr,4,2019-04-01,1546
MN,2019,May,5,2019-05-01,2086
MN,2019,Jun,6,2019-06-01,2802
MN,2019,Jul,7,2019-07-01,2437
MN,2019,Aug,8,2019-08-01,2383
MN,2019,Sep,9,2019-09-01,2224
MN,2019,Oct,10,2019-10-01,2151
MN,2019,Nov,11,2019-11-01,2442
MN,2019,Dec,12,2019-12-01,1804
MN,2020,Jan,1,2020-01-01,2622
MN,2020,Feb,2,2020-02-01,3066
MN,2020,Mar,3,2020-03-01,2557
MN,2020,Apr,4,2020-04-01,247
MN,2020,May,5,2020-05-01,232
MN,2020,Jun,6,2020-06-01,30
MN,2020,Jul,7,2020-07-01,26
MN,2020,Aug,8,2020-08-01,9
MN,2020,Sep,9,2020-09-01,133
MN,2020,Oct,10,2020-10-01,332
MN,2020,Nov,11,2020-11-01,486
MN,2020,Dec,12,2020-12-01,1019
MN,2021,Jan,1,2021-01-01,1426
MN,2021,Feb,2,2021-02-01,1673
MN,2021,Mar,3,2021-03-01,1546
MN,2021,Apr,4,2021-04-01,2056
MN,2021,May,5,2021-05-01,196
MN,2021,Jun,6,2021-06-01,607
MN,2021,Jul,7,2021-07-01,432
MN,2021,Aug,8,2021-08-01,783
MN,2021,Sep,9,2021-09-01,1201
MN,2021,Oct,10,2021-10-01,1425
MN,2021,Nov,11,2021-11-01,1165
MN,2021,Dec,12,2021-12-01,1882
MN,2022,Jan,1,2022-01-01,1619
MN,2022,Feb,2,2022-02-01,1449
MN,2022,Mar,3,2022-03-01,1683
MN,2022,Apr,4,2022-04-01,1731
MN,2022,May,5,2022-05-01,1746
MN,2022,Jun,6,2022-06-01,1319
MN,2022,Jul,7,2022-07-01,1666
MN,2022,Aug,8,2022-08-01,1626
MN,2022,Sep,9,2022-09-01,2242
MN,2022,Oct,10,2022-10-01,1813
MN,2022,Nov,11,2022-11-01,1951
MN,2022,Dec,12,2022-12-01,2461
MN,2023,Jan,1,2023-01-01,2297
MN,2023,Feb,2,2023-02-01,2497
MN,2023,Mar,3,2023-03-01,2275
MN,2023,Apr,4,2023-04-01,2332
MN,2023,May,5,2023-05-01,318
MN,2023,Jun,6,2023-06-01,704
MN,2023,Jul,7,2023-07-01,1014
MN,2023,Aug,8,2023-08-01,681
MN,2023,Sep,9,2023-09-01,662
MN,2023,Oct,10,2023-10-01,1074
MN,2023,Nov,11,2023-11-01,1159
MN,2023,Dec,12,2023-12-01,1721
MN,2024,Jan,1,2024-01-01,1417
MN,2024,Feb,2,2024-02-01,1389
MN,2024,Mar,3,2024-03-01,1311
MN,2024,Apr,4,2024-04-01,1101
MN,2024,May,5,2024-05-01,1068
MN,2024,Jun,6,2024-06-01,892
MN,2024,Jul,7,2024-07-01,1389
MN,2024,Aug,8,2024-08-01,1021
MN,2024,Sep,9,2024-09-01,890
MN,2024,Oct,10,2024-10-01,1256
MN,2024,Nov,11,2024-11-01,1106
MN,2024,Dec,12,2024-12-01,1600
MN,2025,Jan,1,2025-01-01,1725
MN,2025,Feb,2,2025-02-01,1530
MN,2025,Mar,3,2025-03-01,1603
MN,2025,Apr,4,2025-04-01,1836
MN,2025,May,5,2025-05-01,1141
MN,2025,Jun,6,2025-06-01,1164
MN,2025,Jul,7,2025-07-01,1032
MN,2025,Aug,8,2025-08-01,1518
MN,2025,Sep,9,2025-09-01,1894
MN,2025,Oct,10,2025-10-01,1620
MN,2025,Nov,11,2025-11-01,1863
MN,2025,Dec,12,2025-12-01,2205
MN,2026,Jan,1,2026-01-01,1936
MN,2026,Feb,2,2026-02-01,2253
MN,2026,Mar,3,2026-03-01,2138
MN,2026,Apr,4,2026-04-01,1386
MN,2026,May,5,2026-05-01,1821
MN,2026,Jun,6,2026-06-01,1766
MN,2026,Jul,7,2026-07-01,928
MN,2026,Aug,8,2026-08-01,336
MN,2026,Sep,9,2026-09-01,7106
MN,2026,Oct,10,2026-10-01,7892
MN,2026,Nov,11,2026-11-01,7397
MN,2026,Dec,12,2026-12-01,5081
MP,2010,Jan,1,2010-01-01,129269
MP,2010,Feb,2,2010-02-01,47147
MP,2010,Mar,3,2010-03-01,55956
MP,2010,Apr,4,2010-04-01,127719
MP,2010,May,5,2010-05-01,54857
MP,2010,Jun,6,2010-06-01,54721
MP,2010,Jul,7,2010-07-01,128835
MP,2010,Aug,8,2010-08-01,35846
MP,2010,Sep,9,2010-09-01,38698
MP,2010,Oct,10,2010-10-01,130063
MP,2010,Nov,11,2010-11-01,49076
MP,2010,Dec,12,2010-12-01,50144
MP,2011,Jan,1,2011-01-01,139782
MP,2011,Feb,2,2011-02-01,52014
MP,2011,Mar,3,2011-03-01,65609
MP,2011,Apr,4,2011-04-01,143136
MP,2011,May,5,2011-05-01,66642
MP,2011,Jun,6,2011-06-01,54180
MP,2011,Jul,7,2011-07-01,142432
MP,2011,Aug,8,2011-08-01,40239
MP,2011,Sep,9,2011-09-01,45469
MP,2011,Oct,10,2011-10-01,136074
MP,2011,Nov,11,2011-11-01,53067
MP,2011,Dec,12,2011-12-01,53871
MP,2012,Jan,1,2012-01-01,148898
MP,2012,Feb,2,2012-02-01,51231
MP,2012,Mar,3,2012-03-01,66755
MP,2012,Apr,4,2012-04-01,157411
MP,2012,May,5,2012-05-01,49065
MP,2012,Jun,6,2012-06-01,57640
MP,2012,Jul,7,2012-07-01,145225
MP,2012,Aug,8,2012-08-01,41159
MP,2012,Sep,9,2012-09-01,43026
MP,2012,Oct,10,2012-10-01,143139
MP,2012,Nov,11,2012-11-01,49448
MP,2012,Dec,12,2012-12-01,54690
MP,2013,Jan,1,2013-01-01,153872
MP,2013,Feb,2,2013-02-01,53316
MP,2013,Mar,3,2013-03-01,58383
MP,2013,Apr,4,2013-04-01,154048
MP,2013,May,5,2013-05-01,74446
MP,2013,Jun,6,2013-06-01,48146
MP,2013,Jul,7,2013-07-01,142892
MP,2013,Aug,8,2013-08-01,41405
MP,2013,Sep,9,2013-09-01,50816
MP,2013,Oct,10,2013-10-01,136959
MP,2013,Nov,11,2013-11-01,44023
MP,2013,Dec,12,2013-12-01,56906
MP,2014,Jan,1,2014-01-01,148132
MP,2014,Feb,2,2014-02-01,57105
MP,2014,Mar,3,2014-03-01,77566
MP,2014,Apr,4,2014-04-01,143709
MP,2014,May,5,2014-05-01,64717
MP,2014,Jun,6,2014-06-01,59143
MP,2014,Jul,7,2014-07-01,141897
MP,2014,Aug,8,2014-08-01,40599
MP,2014,Sep,9,2014-09-01,47574
MP,2014,Oct,10,2014-10-01,138310
MP,2014,Nov,11,2014-11-01,53000
MP,2014,Dec,12,2014-12-01,62534
MP,2015,Jan,1,2015-01-01,141270
MP,2015,Feb,2,2015-02-01,67377
MP,2015,Mar,3,2015-03-01,81159
MP,2015,Apr,4,2015-04-01,132623
MP,2015,May,5,2015-05-01,58523
MP,2015,Jun,6,2015-06-01,51335
MP,2015,Jul,7,2015-07-01,114012
MP,2015,Aug,8,2015-08-01,37912
MP,2015,Sep,9,2015-09-01,42273
MP,2015,Oct,10,2015-10-01,111007
MP,2015,Nov,11,2015-11-01,42579
MP,2015,Dec,12,2015-12-01,52318
MP,2016,Jan,1,2016-01-01,114825
MP,2016,Feb,2,2016-02-01,56482
MP,2016,Mar,3,2016-03-01,62121
MP,2016,Apr,4,2016-04-01,121777
MP,2016,May,5,2016-05-01,43746
MP,2016,Jun,6,2016-06-01,41004
MP,2016,Jul,7,2016-07-01,106829
MP,2016,Aug,8,2016-08-01,36216
MP,2016,Sep,9,2016-09-01,40968
MP,2016,Oct,10,2016-10-01,98412
MP,2016,Nov,11,2016-11-01,41837
MP,2016,Dec,12,2016-12-01,42954
MP,2017,Jan,1,2017-01-01,105911
MP,2017,Feb,2,2017-02-01,52954
MP,2017,Mar,3,2017-03-01,70785
MP,2017,Apr,4,2017-04-01,111082
MP,2017,May,5,2017-05-01,59713
MP,2017,Jun,6,2017-06-01,48018
MP,2017,Jul,7,2017-07-01,92933
MP,2017,Aug,8,2017-08-01,40406
MP,2017,Sep,9,2017-09-01,42387
MP,2017,Oct,10,2017-10-01,87837
MP,2017,Nov,11,2017-11-01,51153
MP,2017,Dec,12,2017-12-01,48936
MP,2018,Jan,1,2018-01-01,94381
MP,2018,Feb,2,2018-02-01,53086
MP,2018,Mar,3,2018-03-01,53860
MP,2018,Apr,4,2018-04-01,101863
MP,2018,May,5,2018-05-01,53441
MP,2018,Jun,6,2018-06-01,49915
MP,2018,Jul,7,2018-07-01,85702
MP,2018,Aug,8,2018-08-01,45642
MP,2018,Sep,9,2018-09-01,52865
MP,2018,Oct,10,2018-10-01,89314
MP,2018,Nov,11,2018-11-01,43279
MP,2018,Dec,12,2018-12-01,52739
MP,2019,Jan,1,2019-01-01,95018
MP,2019,Feb,2,2019-02-01,56607
MP,2019,Mar,3,2019-03-01,67574
MP,2019,Apr,4,2019-04-01,90436
MP,2019,May,5,2019-05-01,59263
MP,2019,Jun,6,2019-06-01,52723
MP,2019,Jul,7,2019-07-01,83900
MP,2019,Aug,8,2019-08-01,44973
MP,2019,Sep,9,2019-09-01,46979
MP,2019,Oct,10,2019-10-01,77132
MP,2019,Nov,11,2019-11-01,51913
MP,2019,Dec,12,2019-12-01,51082
MP,2020,Jan,1,2020-01-01,84752
MP,2020,Feb,2,2020-02-01,60503
MP,2020,Mar,3,2020-03-01,43458
MP,2020,Apr,4,2020-04-01,3573
MP,2020,May,5,2020-05-01,5564
MP,2020,Jun,6,2020-06-01,19089
MP,2020,Jul,7,2020-07-01,28105
MP,2020,Aug,8,2020-08-01,15598
MP,2020,Sep,9,2020-09-01,30826
MP,2020,Oct,10,2020-10-01,45034
MP,2020,Nov,11,2020-11-01,37924
MP,2020,Dec,12,2020-12-01,55417
MP,2021,Jan,1,2021-01-01,56082
MP,2021,Feb,2,2021-02-01,45219
MP,2021,Mar,3,2021-03-01,49800
MP,2021,Apr,4,2021-04-01,33819
MP,2021,May,5,2021-05-01,3494
MP,2021,Jun,6,2021-06-01,28264
MP,2021,Jul,7,2021-07-01,43800
MP,2021,Aug,8,2021-08-01,32191
MP,2021,Sep,9,2021-09-01,41533
MP,2021,Oct,10,2021-10-01,47905
MP,2021,Nov,11,2021-11-01,49348
MP,2021,Dec,12,2021-12-01,53780
MP,2022,Jan,1,2022-01-01,56845
MP,2022,Feb,2,2022-02-01,49692
MP,2022,Mar,3,2022-03-01,49781
MP,2022,Apr,4,2022-04-01,64613
MP,2022,May,5,2022-05-01,47317
MP,2022,Jun,6,2022-06-01,44596
MP,2022,Jul,7,2022-07-01,54530
MP,2022,Aug,8,2022-08-01,37317
MP,2022,Sep,9,2022-09-01,42070
MP,2022,Oct,10,2022-10-01,50000
MP,2022,Nov,11,2022-11-01,49583
MP,2022,Dec,12,2022-12-01,54931
MP,2023,Jan,1,2023-01-01,63316
MP,2023,Feb,2,2023-02-01,86948
MP,2023,Mar,3,2023-03-01,176932
MP,2023,Apr,4,2023-04-01,350572
MP,2023,May,5,2023-05-01,391136
MP,2023,Jun,6,2023-06-01,373661
MP,2023,Jul,7,2023-07-01,417480
MP,2023,Aug,8,2023-08-01,349713
MP,2023,Sep,9,2023-09-01,366411
MP,2023,Oct,10,2023-10-01,466208
MP,2023,Nov,11,2023-11-01,398744
MP,2023,Dec,12,2023-12-01,479411
MP,2024,Jan,1,2024-01-01,511337
MP,2024,Feb,2,2024-02-01,454762
MP,2024,Mar,3,2024-03-01,422077
MP,2024,Apr,4,2024-04-01,455015
MP,2024,May,5,2024-05-01,374407
MP,2024,Jun,6,2024-06-01,374327
MP,2024,Jul,7,2024-07-01,471191
MP,2024,Aug,8,2024-08-01,348438
MP,2024,Sep,9,2024-09-01,361288
MP,2024,Oct,10,2024-10-01,415796
MP,2024,Nov,11,2024-11-01,399317
MP,2024,Dec,12,2024-12-01,380249
MP,2025,Jan,1,2025-01-01,488531
MP,2025,Feb,2,2025-02-01,422934
MP,2025,Mar,3,2025-03-01,397986
MP,2025,Apr,4,2025-04-01,422869
MP,2025,May,5,2025-05-01,387335
MP,2025,Jun,6,2025-06-01,356579
MP,2025,Jul,7,2025-07-01,394456
MP,2025,Aug,8,2025-08-01,299151
MP,2025,Sep,9,2025-09-01,311107
MP,2025,Oct,10,2025-10-01,388307
MP,2025,Nov,11,2025-11-01,389960
MP,2025,Dec,12,2025-12-01,412182
MP,2026,Jan,1,2026-01-01,401847
MP,2026,Feb,2,2026-02-01,380058
MP,2026,Mar,3,2026-03-01,363986
MP,2026,Apr,4,2026-04-01,414229
MP,2026,May,5,2026-05-01,330764
MP,2026,Jun,6,2026-06-01,349679
MP,2026,Jul,7,2026-07-01,356032
MP,2026,Aug,8,2026-08-01,79198
MP,2026,Sep,9,2026-09-01,341222
MP,2026,Oct,10,2026-10-01,298765
MP,2026,Nov,11,2026-11-01,276201
MP,2026,Dec,12,2026-12-01,334993
MZ,2010,Jan,1,2010-01-01,1709
MZ,2010,Feb,2,2010-02-01,1612
MZ,2010,Mar,3,2010-03-01,3983
MZ,2010,Apr,4,2010-04-01,3163
MZ,2010,May,5,2010-05-01,2188
MZ,2010,Jun,6,2010-06-01,2232
MZ,2010,Jul,7,2010-07-01,2382
MZ,2010,Aug,8,2010-08-01,2578
MZ,2010,Sep,9,2010-09-01,2418
MZ,2010,Oct,10,2010-10-01,2261
MZ,2010,Nov,11,2010-11-01,2800
MZ,2010,Dec,12,2010-12-01,2168
MZ,2011,Jan,1,2011-01-01,2135
MZ,2011,Feb,2,2011-02-01,2505
MZ,2011,Mar,3,2011-03-01,4566
MZ,2011,Apr,4,2011-04-01,3356
MZ,2011,May,5,2011-05-01,3117
MZ,2011,Jun,6,2011-06-01,3249
MZ,2011,Jul,7,2011-07-01,3574
MZ,2011,Aug,8,2011-08-01,3718
MZ,2011,Sep,9,2011-09-01,3267
MZ,2011,Oct,10,2011-10-01,3426
MZ,2011,Nov,11,2011-11-01,4415
MZ,2011,Dec,12,2011-12-01,3428
MZ,2012,Jan,1,2012-01-01,3277
MZ,2012,Feb,2,2012-02-01,3961
MZ,2012,Mar,3,2012-03-01,5284
MZ,2012,Apr,4,2012-04-01,4114
MZ,2012,May,5,2012-05-01,3830
MZ,2012,Jun,6,2012-06-01,3443
MZ,2012,Jul,7,2012-07-01,4125
MZ,2012,Aug,8,2012-08-01,3843
MZ,2012,Sep,9,2012-09-01,3776
MZ,2012,Oct,10,2012-10-01,4590
MZ,2012,Nov,11,2012-11-01,4783
MZ,2012,Dec,12,2012-12-01,3676
MZ,2013,Jan,1,2013-01-01,3907
MZ,2013,Feb,2,2013-02-01,4005
MZ,2013,Mar,3,2013-03-01,4977
MZ,2013,Apr,4,2013-04-01,6059
MZ,2013,May,5,2013-05-01,4523
MZ,2013,Jun,6,2013-06-01,4279
MZ,2013,Jul,7,2013-07-01,5502
MZ,2013,Aug,8,2013-08-01,4578
MZ,2013,Sep,9,2013-09-01,5169
MZ,2013,Oct,10,2013-10-01,6004
MZ,2013,Nov,11,2013-11-01,4747
MZ,2013,Dec,12,2013-12-01,4246
MZ,2014,Jan,1,2014-01-01,4822
MZ,2014,Feb,2,2014-02-01,4586
MZ,2014,Mar,3,2014-03-01,5622
MZ,2014,Apr,4,2014-04-01,4309
MZ,2014,May,5,2014-05-01,4341
MZ,2014,Jun,6,2014-06-01,4154
MZ,2014,Jul,7,2014-07-01,4418
MZ,2014,Aug,8,2014-08-01,3901
MZ,2014,Sep,9,2014-09-01,5143
MZ,2014,Oct,10,2014-10-01,4717
MZ,2014,Nov,11,2014-11-01,5022
MZ,2014,Dec,12,2014-12-01,4684
MZ,2015,Jan,1,2015-01-01,4032
MZ,2015,Feb,2,2015-02-01,4531
MZ,2015,Mar,3,2015-03-01,6088
MZ,2015,Apr,4,2015-04-01,4177
MZ,2015,May,5,2015-05-01,4696
MZ,2015,Jun,6,2015-06-01,4877
MZ,2015,Jul,7,2015-07-01,4533
MZ,2015,Aug,8,2015-08-01,4778
MZ,2015,Sep,9,2015-09-01,4901
MZ,2015,Oct,10,2015-10-01,5062
MZ,2015,Nov,11,2015-11-01,6681
MZ,2015,Dec,12,2015-12-01,5891
MZ,2016,Jan,1,2016-01-01,3765
MZ,2016,Feb,2,2016-02-01,4116
MZ,2016,Mar,3,2016-03-01,4534
MZ,2016,Apr,4,2016-04-01,3570
MZ,2016,May,5,2016-05-01,3087
MZ,2016,Jun,6,2016-06-01,3000
MZ,2016,Jul,7,2016-07-01,3784
MZ,2016,Aug,8,2016-08-01,5885
MZ,2016,Sep,9,2016-09-01,4034
MZ,2016,Oct,10,2016-10-01,4692
MZ,2016,Nov,11,2016-11-01,5537
MZ,2016,Dec,12,2016-12-01,4713
MZ,2017,Jan,1,2017-01-01,3986
MZ,2017,Feb,2,2017-02-01,5135
MZ,2017,Mar,3,2017-03-01,5633
MZ,2017,Apr,4,2017-04-01,3861
MZ,2017,May,5,2017-05-01,3574
MZ,2017,Jun,6,2017-06-01,3150
MZ,2017,Jul,7,2017-07-01,4291
MZ,2017,Aug,8,2017-08-01,4210
MZ,2017,Sep,9,2017-09-01,4389
MZ,2017,Oct,10,2017-10-01,4868
MZ,2017,Nov,11,2017-11-01,4511
MZ,2017,Dec,12,2017-12-01,4829
MZ,2018,Jan,1,2018-01-01,4281
MZ,2018,Feb,2,2018-02-01,5320
MZ,2018,Mar,3,2018-03-01,4072
MZ,2018,Apr,4,2018-04-01,3717
MZ,2018,May,5,2018-05-01,4008
MZ,2018,Jun,6,2018-06-01,3435
MZ,2018,Jul,7,2018-07-01,3887
MZ,2018,Aug,8,2018-08-01,4006
MZ,2018,Sep,9,2018-09-01,3923
MZ,2018,Oct,10,2018-10-01,5351
MZ,2018,Nov,11,2018-11-01,4324
MZ,2018,Dec,12,2018-12-01,3927
MZ,2019,Jan,1,2019-01-01,4196
MZ,2019,Feb,2,2019-02-01,5255
MZ,2019,Mar,3,2019-03-01,4478
MZ,2019,Apr,4,2019-04-01,3682
MZ,2019,May,5,2019-05-01,4577
MZ,2019,Jun,6,2019-06-01,3191
MZ,2019,Jul,7,2019-07-01,9019
MZ,2019,Aug,8,2019-08-01,13638
MZ,2019,Sep,9,2019-09-01,5595
MZ,2019,Oct,10,2019-10-01,5515
MZ,2019,Nov,11,2019-11-01,5527
MZ,2019,Dec,12,2019-12-01,4334
MZ,2020,Jan,1,2020-01-01,5221
MZ,2020,Feb,2,2020-02-01,6638
MZ,2020,Mar,3,2020-03-01,5012
MZ,2020,Apr,4,2020-04-01,336
MZ,2020,May,5,2020-05-01,2197
MZ,2020,Jun,6,2020-06-01,2587
MZ,2020,Jul,7,2020-07-01,6324
MZ,2020,Aug,8,2020-08-01,3602
MZ,2020,Sep,9,2020-09-01,4624
MZ,2020,Oct,10,2020-10-01,5885
MZ,2020,Nov,11,2020-11-01,5836
MZ,2020,Dec,12,2020-12-01,10578
MZ,2021,Jan,1,2021-01-01,7847
MZ,2021,Feb,2,2021-02-01,8850
MZ,2021,Mar,3,2021-03-01,9847
MZ,2021,Apr,4,2021-04-01,4396
MZ,2021,May,5,2021-05-01,94
MZ,2021,Jun,6,2021-06-01,1469
MZ,2021,Jul,7,2021-07-01,1638
MZ,2021,Aug,8,2021-08-01,3544
MZ,2021,Sep,9,2021-09-01,7532
MZ,2021,Oct,10,2021-10-01,6704
MZ,2021,Nov,11,2021-11-01,6225
MZ,2021,Dec,12,2021-12-01,5187
MZ,2022,Jan,1,2022-01-01,5352
MZ,2022,Feb,2,2022-02-01,6460
MZ,2022,Mar,3,2022-03-01,7547
MZ,2022,Apr,4,2022-04-01,4646
MZ,2022,May,5,2022-05-01,4983
MZ,2022,Jun,6,2022-06-01,3811
MZ,2022,Jul,7,2022-07-01,4039
MZ,2022,Aug,8,2022-08-01,5449
MZ,2022,Sep,9,2022-09-01,7333
MZ,2022,Oct,10,2022-10-01,6389
MZ,2022,Nov,11,2022-11-01,6746
MZ,2022,Dec,12,2022-12-01,7105
MZ,2023,Jan,1,2023-01-01,6029
MZ,2023,Feb,2,2023-02-01,7099
MZ,2023,Mar,3,2023-03-01,7399
MZ,2023,Apr,4,2023-04-01,4008
MZ,2023,May,5,2023-05-01,4836
MZ,2023,Jun,6,2023-06-01,4199
MZ,2023,Jul,7,2023-07-01,4818
MZ,2023,Aug,8,2023-08-01,5715
MZ,2023,Sep,9,2023-09-01,6203
MZ,2023,Oct,10,2023-10-01,9300
MZ,2023,Nov,11,2023-11-01,8945
MZ,2023,Dec,12,2023-12-01,12657
MZ,2024,Jan,1,2024-01-01,6917
MZ,2024,Feb,2,2024-02-01,9334
MZ,2024,Mar,3,2024-03-01,7636
MZ,2024,Apr,4,2024-04-01,5695
MZ,2024,May,5,2024-05-01,5021
MZ,2024,Jun,6,2024-06-01,4813
MZ,2024,Jul,7,2024-07-01,5330
MZ,2024,Aug,8,2024-08-01,5053
MZ,2024,Sep,9,2024-09-01,5068
MZ,2024,Oct,10,2024-10-01,6620
MZ,2024,Nov,11,2024-11-01,7685
MZ,2024,Dec,12,2024-12-01,8015
MZ,2025,Jan,1,2025-01-01,7428
MZ,2025,Feb,2,2025-02-01,7687
MZ,2025,Mar,3,2025-03-01,7385
MZ,2025,Apr,4,2025-04-01,6659
MZ,2025,May,5,2025-05-01,5794
MZ,2025,Jun,6,2025-06-01,5296
MZ,2025,Jul,7,2025-07-01,8541
MZ,2025,Aug,8,2025-08-01,7350
MZ,2025,Sep,9,2025-09-01,8521
MZ,2025,Oct,10,2025-10-01,8442
MZ,2025,Nov,11,2025-11-01,9599
MZ,2025,Dec,12,2025-12-01,9910
MZ,2026,Jan,1,2026-01-01,7933
MZ,2026,Feb,2,2026-02-01,8775
MZ,2026,Mar,3,2026-03-01,8936
MZ,2026,Apr,4,2026-04-01,7016
MZ,2026,May,5,2026-05-01,6263
MZ,2026,Jun,6,2026-06-01,7009
MZ,2026,Jul,7,2026-07-01,8578
MZ,2026,Aug,8,2026-08-01,1913
MZ,2026,Sep,9,2026-09-01,8241
MZ,2026,Oct,10,2026-10-01,8478
MZ,2026,Nov,11,2026-11-01,8561
MZ,2026,Dec,12,2026-12-01,7586
NL,2010,Jan,1,2010-01-01,8
NL,2010,Feb,2,2010-02-01,14
NL,2010,Mar,3,2010-03-01,22
NL,2010,Apr,4,2010-04-01,4
NL,2010,May,5,2010-05-01,5
NL,2010,Jun,6,2010-06-01,100
NL,2010,Jul,7,2010-07-01,49
NL,2010,Aug,8,2010-08-01,70
NL,2010,Sep,9,2010-09-01,77
NL,2010,Oct,10,2010-10-01,124
NL,2010,Nov,11,2010-11-01,113
NL,2010,Dec,12,2010-12-01,78
NL,2011,Jan,1,2011-01-01,85
NL,2011,Feb,2,2011-02-01,129
NL,2011,Mar,3,2011-03-01,381
NL,2011,Apr,4,2011-04-01,397
NL,2011,May,5,2011-05-01,1248
NL,2011,Jun,6,2011-06-01,6379
NL,2011,Jul,7,2011-07-01,9204
NL,2011,Aug,8,2011-08-01,9859
NL,2011,Sep,9,2011-09-01,11190
NL,2011,Oct,10,2011-10-01,9556
NL,2011,Nov,11,2011-11-01,10145
NL,2011,Dec,12,2011-12-01,7940
NL,2012,Jan,1,2012-01-01,14009
NL,2012,Feb,2,2012-02-01,15675
NL,2012,Mar,3,2012-03-01,19069
NL,2012,Apr,4,2012-04-01,14715
NL,2012,May,5,2012-05-01,18999
NL,2012,Jun,6,2012-06-01,17428
NL,2012,Jul,7,2012-07-01,18138
NL,2012,Aug,8,2012-08-01,13938
NL,2012,Sep,9,2012-09-01,15486
NL,2012,Oct,10,2012-10-01,14067
NL,2012,Nov,11,2012-11-01,12551
NL,2012,Dec,12,2012-12-01,10776
NL,2013,Jan,1,2013-01-01,15894
NL,2013,Feb,2,2013-02-01,10864
NL,2013,Mar,3,2013-03-01,16647
NL,2013,Apr,4,2013-04-01,19853
NL,2013,May,5,2013-05-01,14518
NL,2013,Jun,6,2013-06-01,14188
NL,2013,Jul,7,2013-07-01,16499
NL,2013,Aug,8,2013-08-01,13045
NL,2013,Sep,9,2013-09-01,14884
NL,2013,Oct,10,2013-10-01,14249
NL,2013,Nov,11,2013-11-01,11538
NL,2013,Dec,12,2013-12-01,12627
NL,2014,Jan,1,2014-01-01,16961
NL,2014,Feb,2,2014-02-01,14738
NL,2014,Mar,3,2014-03-01,20005
NL,2014,Apr,4,2014-04-01,17046
NL,2014,May,5,2014-05-01,17747
NL,2014,Jun,6,2014-06-01,15986
NL,2014,Jul,7,2014-07-01,18836
NL,2014,Aug,8,2014-08-01,15913
NL,2014,Sep,9,2014-09-01,18902
NL,2014,Oct,10,2014-10-01,12409
NL,2014,Nov,11,2014-11-01,13813
NL,2014,Dec,12,2014-12-01,13280
NL,2015,Jan,1,2015-01-01,19506
NL,2015,Feb,2,2015-02-01,19211
NL,2015,Mar,3,2015-03-01,22617
NL,2015,Apr,4,2015-04-01,19347
NL,2015,May,5,2015-05-01,20286
NL,2015,Jun,6,2015-06-01,21412
NL,2015,Jul,7,2015-07-01,23508
NL,2015,Aug,8,2015-08-01,19810
NL,2015,Sep,9,2015-09-01,22039
NL,2015,Oct,10,2015-10-01,21130
NL,2015,Nov,11,2015-11-01,18385
NL,2015,Dec,12,2015-12-01,18886
NL,2016,Jan,1,2016-01-01,26129
NL,2016,Feb,2,2016-02-01,26199
NL,2016,Mar,3,2016-03-01,35015
NL,2016,Apr,4,2016-04-01,29118
NL,2016,May,5,2016-05-01,26898
NL,2016,Jun,6,2016-06-01,29521
NL,2016,Jul,7,2016-07-01,25298
NL,2016,Aug,8,2016-08-01,23997
NL,2016,Sep,9,2016-09-01,25591
NL,2016,Oct,10,2016-10-01,22914
NL,2016,Nov,11,2016-11-01,20998
NL,2016,Dec,12,2016-12-01,15686
NL,2017,Jan,1,2017-01-01,24589
NL,2017,Feb,2,2017-02-01,9811
NL,2017,Mar,3,2017-03-01,46073
NL,2017,Apr,4,2017-04-01,31673
NL,2017,May,5,2017-05-01,24291
NL,2017,Jun,6,2017-06-01,22541
NL,2017,Jul,7,2017-07-01,24971
NL,2017,Aug,8,2017-08-01,24242
NL,2017,Sep,9,2017-09-01,27401
NL,2017,Oct,10,2017-10-01,25151
NL,2017,Nov,11,2017-11-01,21223
NL,2017,Dec,12,2017-12-01,22216
NL,2018,Jan,1,2018-01-01,32930
NL,2018,Feb,2,2018-02-01,29737
NL,2018,Mar,3,2018-03-01,42145
NL,2018,Apr,4,2018-04-01,34165
NL,2018,May,5,2018-05-01,28171
NL,2018,Jun,6,2018-06-01,30276
NL,2018,Jul,7,2018-07-01,32507
NL,2018,Aug,8,2018-08-01,50972
NL,2018,Sep,9,2018-09-01,53210
NL,2018,Oct,10,2018-10-01,38959
NL,2018,Nov,11,2018-11-01,25816
NL,2018,Dec,12,2018-12-01,21257
NL,2019,Jan,1,2019-01-01,30170
NL,2019,Feb,2,2019-02-01,29119
NL,2019,Mar,3,2019-03-01,33335
NL,2019,Apr,4,2019-04-01,29928
NL,2019,May,5,2019-05-01,29869
NL,2019,Jun,6,2019-06-01,27278
NL,2019,Jul,7,2019-07-01,30824
NL,2019,Aug,8,2019-08-01,25401
NL,2019,Sep,9,2019-09-01,30436
NL,2019,Oct,10,2019-10-01,33872
NL,2019,Nov,11,2019-11-01,31667
NL,2019,Dec,12,2019-12-01,26340
NL,2020,Jan,1,2020-01-01,40547
NL,2020,Feb,2,2020-02-01,40408
NL,2020,Mar,3,2020-03-01,38971
NL,2020,Apr,4,2020-04-01,2489
NL,2020,May,5,2020-05-01,7450
NL,2020,Jun,6,2020-06-01,22757
NL,2020,Jul,7,2020-07-01,19920
NL,2020,Aug,8,2020-08-01,21974
NL,2020,Sep,9,2020-09-01,28371
NL,2020,Oct,10,2020-10-01,21102
NL,2020,Nov,11,2020-11-01,31455
NL,2020,Dec,12,2020-12-01,49092
NL,2021,Jan,1,2021-01-01,28426
NL,2021,Feb,2,2021-02-01,35478
NL,2021,Mar,3,2021-03-01,45085
NL,2021,Apr,4,2021-04-01,31399
NL,2021,May,5,2021-05-01,4260
NL,2021,Jun,6,2021-06-01,15311
NL,2021,Jul,7,2021-07-01,30068
NL,2021,Aug,8,2021-08-01,25141
NL,2021,Sep,9,2021-09-01,59746
NL,2021,Oct,10,2021-10-01,81505
NL,2021,Nov,11,2021-11-01,100451
NL,2021,Dec,12,2021-12-01,48803
NL,2022,Jan,1,2022-01-01,76980
NL,2022,Feb,2,2022-02-01,75374
NL,2022,Mar,3,2022-03-01,77629
NL,2022,Apr,4,2022-04-01,56435
NL,2022,May,5,2022-05-01,50672
NL,2022,Jun,6,2022-06-01,50599
NL,2022,Jul,7,2022-07-01,50960
NL,2022,Aug,8,2022-08-01,54877
NL,2022,Sep,9,2022-09-01,85622
NL,2022,Oct,10,2022-10-01,98515
NL,2022,Nov,11,2022-11-01,104268
NL,2022,Dec,12,2022-12-01,58182
NL,2023,Jan,1,2023-01-01,101935
NL,2023,Feb,2,2023-02-01,75516
NL,2023,Mar,3,2023-03-01,105130
NL,2023,Apr,4,2023-04-01,70965
NL,2023,May,5,2023-05-01,62864
NL,2023,Jun,6,2023-06-01,63568
NL,2023,Jul,7,2023-07-01,62538
NL,2023,Aug,8,2023-08-01,61093
NL,2023,Sep,9,2023-09-01,78575
NL,2023,Oct,10,2023-10-01,88260
NL,2023,Nov,11,2023-11-01,74519
NL,2023,Dec,12,2023-12-01,61239
NL,2024,Jan,1,2024-01-01,80748
NL,2024,Feb,2,2024-02-01,79436
NL,2024,Mar,3,2024-03-01,83542
NL,2024,Apr,4,2024-04-01,79043
NL,2024,May,5,2024-05-01,77966
NL,2024,Jun,6,2024-06-01,56516
NL,2024,Jul,7,2024-07-01,65977
NL,2024,Aug,8,2024-08-01,53159
NL,2024,Sep,9,2024-09-01,74816
NL,2024,Oct,10,2024-10-01,86390
NL,2024,Nov,11,2024-11-01,70534
NL,2024,Dec,12,2024-12-01,66277
NL,2025,Jan,1,2025-01-01,78989
NL,2025,Feb,2,2025-02-01,69417
NL,2025,Mar,3,2025-03-01,92348
NL,2025,Apr,4,2025-04-01,86029
NL,2025,May,5,2025-05-01,62443
NL,2025,Jun,6,2025-06-01,60571
NL,2025,Jul,7,2025-07-01,74080
NL,2025,Aug,8,2025-08-01,56546
NL,2025,Sep,9,2025-09-01,94202
NL,2025,Oct,10,2025-10-01,68269
NL,2025,Nov,11,2025-11-01,87617
NL,2025,Dec,12,2025-12-01,78523
NL,2026,Jan,1,2026-01-01,85890
NL,2026,Feb,2,2026-02-01,79861
NL,2026,Mar,3,2026-03-01,112436
NL,2026,Apr,4,2026-04-01,93841
NL,2026,May,5,2026-05-01,53461
NL,2026,Jun,6,2026-06-01,65243
NL,2026,Jul,7,2026-07-01,86213
NL,2026,Aug,8,2026-08-01,19643
NL,2026,Sep,9,2026-09-01,32279
NL,2026,Oct,10,2026-10-01,35710
NL,2026,Nov,11,2026-11-01,36558
NL,2026,Dec,12,2026-12-01,30497
OD,2010,Jan,1,2010-01-01,1969975
OD,2010,Feb,2,2010-02-01,1622627
OD,2010,Mar,3,2010-03-01,1775358
OD,2010,Apr,4,2010-04-01,2438023
OD,2010,May,5,2010-05-01,1752469
OD,2010,Jun,6,2010-06-01,1522774
OD,2010,Jul,7,2010-07-01,2424960
OD,2010,Aug,8,2010-08-01,1868506
OD,2010,Sep,9,2010-09-01,1586009
OD,2010,Oct,10,2010-10-01,2393482
OD,2010,Nov,11,2010-11-01,1842260
OD,2010,Dec,12,2010-12-01,1776418
OD,2011,Jan,1,2011-01-01,2619618
OD,2011,Feb,2,2011-02-01,1985417
OD,2011,Mar,3,2011-03-01,2358180
OD,2011,Apr,4,2011-04-01,2935968
OD,2011,May,5,2011-05-01,2370476
OD,2011,Jun,6,2011-06-01,2039414
OD,2011,Jul,7,2011-07-01,2945380
OD,2011,Aug,8,2011-08-01,2340800
OD,2011,Sep,9,2011-09-01,2196479
OD,2011,Oct,10,2011-10-01,2832650
OD,2011,Nov,11,2011-11-01,2491428
OD,2011,Dec,12,2011-12-01,2312659
OD,2012,Jan,1,2012-01-01,3211738
OD,2012,Feb,2,2012-02-01,2483183
OD,2012,Mar,3,2012-03-01,2730791
OD,2012,Apr,4,2012-04-01,3535930
OD,2012,May,5,2012-05-01,2727420
OD,2012,Jun,6,2012-06-01,2374045
OD,2012,Jul,7,2012-07-01,3487262
OD,2012,Aug,8,2012-08-01,2607024
OD,2012,Sep,9,2012-09-01,2364231
OD,2012,Oct,10,2012-10-01,3543989
OD,2012,Nov,11,2012-11-01,2798445
OD,2012,Dec,12,2012-12-01,2719021
OD,2013,Jan,1,2013-01-01,3770000
OD,2013,Feb,2,2013-02-01,2891115
OD,2013,Mar,3,2013-03-01,3101347
OD,2013,Apr,4,2013-04-01,4195969
OD,2013,May,5,2013-05-01,3129817
OD,2013,Jun,6,2013-06-01,2582614
OD,2013,Jul,7,2013-07-01,3740043
OD,2013,Aug,8,2013-08-01,2806720
OD,2013,Sep,9,2013-09-01,2712262
OD,2013,Oct,10,2013-10-01,3771212
OD,2013,Nov,11,2013-11-01,2910232
OD,2013,Dec,12,2013-12-01,2999849
OD,2014,Jan,1,2014-01-01,3962752
OD,2014,Feb,2,2014-02-01,2950438
OD,2014,Mar,3,2014-03-01,3341406
OD,2014,Apr,4,2014-04-01,4180100
OD,2014,May,5,2014-05-01,3327474
OD,2014,Jun,6,2014-06-01,2963097
OD,2014,Jul,7,2014-07-01,4052009
OD,2014,Aug,8,2014-08-01,3152390
OD,2014,Sep,9,2014-09-01,3196080
OD,2014,Oct,10,2014-10-01,3800958
OD,2014,Nov,11,2014-11-01,3377779
OD,2014,Dec,12,2014-12-01,3401850
OD,2015,Jan,1,2015-01-01,4179551
OD,2015,Feb,2,2015-02-01,3431088
OD,2015,Mar,3,2015-03-01,3837650
OD,2015,Apr,4,2015-04-01,4490765
OD,2015,May,5,2015-05-01,3578587
OD,2015,Jun,6,2015-06-01,3378836
OD,2015,Jul,7,2015-07-01,4352990
OD,2015,Aug,8,2015-08-01,3480404
OD,2015,Sep,9,2015-09-01,3278022
OD,2015,Oct,10,2015-10-01,4258044
OD,2015,Nov,11,2015-11-01,3432437
OD,2015,Dec,12,2015-12-01,3632538
OD,2016,Jan,1,2016-01-01,4423218
OD,2016,Feb,2,2016-02-01,3975119
OD,2016,Mar,3,2016-03-01,4180668
OD,2016,Apr,4,2016-04-01,5338914
OD,2016,May,5,2016-05-01,4156345
OD,2016,Jun,6,2016-06-01,3666810
OD,2016,Jul,7,2016-07-01,4339940
OD,2016,Aug,8,2016-08-01,3825099
OD,2016,Sep,9,2016-09-01,3501512
OD,2016,Oct,10,2016-10-01,4441885
OD,2016,Nov,11,2016-11-01,3740319
OD,2016,Dec,12,2016-12-01,3453773
OD,2017,Jan,1,2017-01-01,4611729
OD,2017,Feb,2,2017-02-01,4023680
OD,2017,Mar,3,2017-03-01,4928686
OD,2017,Apr,4,2017-04-01,6150115
OD,2017,May,5,2017-05-01,4409384
OD,2017,Jun,6,2017-06-01,3670973
OD,2017,Jul,7,2017-07-01,4870761
OD,2017,Aug,8,2017-08-01,4004418
OD,2017,Sep,9,2017-09-01,3548520
OD,2017,Oct,10,2017-10-01,4807042
OD,2017,Nov,11,2017-11-01,4469748
OD,2017,Dec,12,2017-12-01,4058092
OD,2018,Jan,1,2018-01-01,5270561
OD,2018,Feb,2,2018-02-01,4530679
OD,2018,Mar,3,2018-03-01,4940918
OD,2018,Apr,4,2018-04-01,5887364
OD,2018,May,5,2018-05-01,5030486
OD,2018,Jun,6,2018-06-01,4104361
OD,2018,Jul,7,2018-07-01,5520225
OD,2018,Aug,8,2018-08-01,4533993
OD,2018,Sep,9,2018-09-01,4824206
OD,2018,Oct,10,2018-10-01,6158159
OD,2018,Nov,11,2018-11-01,4881320
OD,2018,Dec,12,2018-12-01,4842962
OD,2019,Jan,1,2019-01-01,5910688
OD,2019,Feb,2,2019-02-01,4880609
OD,2019,Mar,3,2019-03-01,5389586
OD,2019,Apr,4,2019-04-01,6192271
OD,2019,May,5,2019-05-01,5288967
OD,2019,Jun,6,2019-06-01,4294011
OD,2019,Jul,7,2019-07-01,5804783
OD,2019,Aug,8,2019-08-01,4653356
OD,2019,Sep,9,2019-09-01,4566397
OD,2019,Oct,10,2019-10-01,5310373
OD,2019,Nov,11,2019-11-01,5150736
OD,2019,Dec,12,2019-12-01,4598250
OD,2020,Jan,1,2020-01-01,5640959
OD,2020,Feb,2,2020-02-01,5186242
OD,2020,Mar,3,2020-03-01,4148199
OD,2020,Apr,4,2020-04-01,468943
OD,2020,May,5,2020-05-01,1363710
OD,2020,Jun,6,2020-06-01,3726111
OD,2020,Jul,7,2020-07-01,3500955
OD,2020,Aug,8,2020-08-01,3031602
OD,2020,Sep,9,2020-09-01,3648135
OD,2020,Oct,10,2020-10-01,4037286
OD,2020,Nov,11,2020-11-01,3697323
OD,2020,Dec,12,2020-12-01,4708473
OD,2021,Jan,1,2021-01-01,4619712
OD,2021,Feb,2,2021-02-01,4621676
OD,2021,Mar,3,2021-03-01,5286072
OD,2021,Apr,4,2021-04-01,3863292
OD,2021,May,5,2021-05-01,1337467
OD,2021,Jun,6,2021-06-01,2905463
OD,2021,Jul,7,2021-07-01,4290175
OD,2021,Aug,8,2021-08-01,4517138
OD,2021,Sep,9,2021-09-01,4708455
OD,2021,Oct,10,2021-10-01,4744605
OD,2021,Nov,11,2021-11-01,4800095
OD,2021,Dec,12,2021-12-01,5214777
OD,2022,Jan,1,2022-01-01,5149100
OD,2022,Feb,2,2022-02-01,5015891
OD,2022,Mar,3,2022-03-01,5774348
OD,2022,Apr,4,2022-04-01,5784207
OD,2022,May,5,2022-05-01,4720694
OD,2022,Jun,6,2022-06-01,4721124
OD,2022,Jul,7,2022-07-01,5368640
OD,2022,Aug,8,2022-08-01,4906473
OD,2022,Sep,9,2022-09-01,5101663
OD,2022,Oct,10,2022-10-01,5397402
OD,2022,Nov,11,2022-11-01,5905677
OD,2022,Dec,12,2022-12-01,5729877
OD,2023,Jan,1,2023-01-01,6460107
OD,2023,Feb,2,2023-02-01,5918372
OD,2023,Mar,3,2023-03-01,6897826
OD,2023,Apr,4,2023-04-01,6933766
OD,2023,May,5,2023-05-01,6138463
OD,2023,Jun,6,2023-06-01,5583441
OD,2023,Jul,7,2023-07-01,6589063
OD,2023,Aug,8,2023-08-01,6184569
OD,2023,Sep,9,2023-09-01,6056260
OD,2023,Oct,10,2023-10-01,7300243
OD,2023,Nov,11,2023-11-01,6478763
OD,2023,Dec,12,2023-12-01,6746975
OD,2024,Jan,1,2024-01-01,7980932
OD,2024,Feb,2,2024-02-01,7071417
OD,2024,Mar,3,2024-03-01,7248040
OD,2024,Apr,4,2024-04-01,8080675
OD,2024,May,5,2024-05-01,6683666
OD,2024,Jun,6,2024-06-01,5770451
OD,2024,Jul,7,2024-07-01,7449803
OD,2024,Aug,8,2024-08-01,6348539
OD,2024,Sep,9,2024-09-01,6253122
OD,2024,Oct,10,2024-10-01,7418714
OD,2024,Nov,11,2024-11-01,6783962
OD,2024,Dec,12,2024-12-01,6902743
OD,2025,Jan,1,2025-01-01,8396369
OD,2025,Feb,2,2025-02-01,6887598
OD,2025,Mar,3,2025-03-01,7576643
OD,2025,Apr,4,2025-04-01,8275416
OD,2025,May,5,2025-05-01,6878690
OD,2025,Jun,6,2025-06-01,6191446
OD,2025,Jul,7,2025-07-01,7738579
OD,2025,Aug,8,2025-08-01,6434516
OD,2025,Sep,9,2025-09-01,6556969
OD,2025,Oct,10,2025-10-01,7905556
OD,2025,Nov,11,2025-11-01,7484460
OD,2025,Dec,12,2025-12-01,7768437
OD,2026,Jan,1,2026-01-01,8675694
OD,2026,Feb,2,2026-02-01,7490252
OD,2026,Mar,3,2026-03-01,7870232
OD,2026,Apr,4,2026-04-01,8605497
OD,2026,May,5,2026-05-01,6747859
OD,2026,Jun,6,2026-06-01,6727340
OD,2026,Jul,7,2026-07-01,7856180
OD,2026,Aug,8,2026-08-01,1534268
OD,2026,Sep,9,2026-09-01,7363627
OD,2026,Oct,10,2026-10-01,7157085
OD,2026,Nov,11,2026-11-01,6916976
OD,2026,Dec,12,2026-12-01,6893255
PB,2010,Jan,1,2010-01-01,421
PB,2010,Feb,2,2010-02-01,732
PB,2010,Mar,3,2010-03-01,646
PB,2010,Apr,4,2010-04-01,865
PB,2010,May,5,2010-05-01,687
PB,2010,Jun,6,2010-06-01,1111
PB,2010,Jul,7,2010-07-01,1547
PB,2010,Aug,8,2010-08-01,2414
PB,2010,Sep,9,2010-09-01,6543
PB,2010,Oct,10,2010-10-01,4757
PB,2010,Nov,11,2010-11-01,3444
PB,2010,Dec,12,2010-12-01,3593
PB,2011,Jan,1,2011-01-01,3531
PB,2011,Feb,2,2011-02-01,4014
PB,2011,Mar,3,2011-03-01,5306
PB,2011,Apr,4,2011-04-01,4418
PB,2011,May,5,2011-05-01,5292
PB,2011,Jun,6,2011-06-01,8278
PB,2011,Jul,7,2011-07-01,9303
PB,2011,Aug,8,2011-08-01,8289
PB,2011,Sep,9,2011-09-01,10584
PB,2011,Oct,10,2011-10-01,10791
PB,2011,Nov,11,2011-11-01,13508
PB,2011,Dec,12,2011-12-01,14993
PB,2012,Jan,1,2012-01-01,26421
PB,2012,Feb,2,2012-02-01,17315
PB,2012,Mar,3,2012-03-01,24100
PB,2012,Apr,4,2012-04-01,44213
PB,2012,May,5,2012-05-01,24131
PB,2012,Jun,6,2012-06-01,26785
PB,2012,Jul,7,2012-07-01,80594
PB,2012,Aug,8,2012-08-01,23171
PB,2012,Sep,9,2012-09-01,23320
PB,2012,Oct,10,2012-10-01,82707
PB,2012,Nov,11,2012-11-01,22735
PB,2012,Dec,12,2012-12-01,28631
PB,2013,Jan,1,2013-01-01,87833
PB,2013,Feb,2,2013-02-01,24887
PB,2013,Mar,3,2013-03-01,39760
PB,2013,Apr,4,2013-04-01,103207
PB,2013,May,5,2013-05-01,33786
PB,2013,Jun,6,2013-06-01,34213
PB,2013,Jul,7,2013-07-01,93804
PB,2013,Aug,8,2013-08-01,28809
PB,2013,Sep,9,2013-09-01,34021
PB,2013,Oct,10,2013-10-01,89808
PB,2013,Nov,11,2013-11-01,25650
PB,2013,Dec,12,2013-12-01,31674
PB,2014,Jan,1,2014-01-01,96881
PB,2014,Feb,2,2014-02-01,25844
PB,2014,Mar,3,2014-03-01,38517
PB,2014,Apr,4,2014-04-01,110122
PB,2014,May,5,2014-05-01,31898
PB,2014,Jun,6,2014-06-01,33304
PB,2014,Jul,7,2014-07-01,99115
PB,2014,Aug,8,2014-08-01,28579
PB,2014,Sep,9,2014-09-01,38667
PB,2014,Oct,10,2014-10-01,92939
PB,2014,Nov,11,2014-11-01,28615
PB,2014,Dec,12,2014-12-01,35713
PB,2015,Jan,1,2015-01-01,108820
PB,2015,Feb,2,2015-02-01,31389
PB,2015,Mar,3,2015-03-01,45499
PB,2015,Apr,4,2015-04-01,125035
PB,2015,May,5,2015-05-01,38443
PB,2015,Jun,6,2015-06-01,42715
PB,2015,Jul,7,2015-07-01,112330
PB,2015,Aug,8,2015-08-01,37848
PB,2015,Sep,9,2015-09-01,40304
PB,2015,Oct,10,2015-10-01,107872
PB,2015,Nov,11,2015-11-01,27281
PB,2015,Dec,12,2015-12-01,42113
PB,2016,Jan,1,2016-01-01,113311
PB,2016,Feb,2,2016-02-01,37415
PB,2016,Mar,3,2016-03-01,49607
PB,2016,Apr,4,2016-04-01,130067
PB,2016,May,5,2016-05-01,41817
PB,2016,Jun,6,2016-06-01,43866
PB,2016,Jul,7,2016-07-01,118159
PB,2016,Aug,8,2016-08-01,38009
PB,2016,Sep,9,2016-09-01,40031
PB,2016,Oct,10,2016-10-01,113094
PB,2016,Nov,11,2016-11-01,27102
PB,2016,Dec,12,2016-12-01,37069
PB,2017,Jan,1,2017-01-01,120490
PB,2017,Feb,2,2017-02-01,30396
PB,2017,Mar,3,2017-03-01,54311
PB,2017,Apr,4,2017-04-01,143335
PB,2017,May,5,2017-05-01,42121
PB,2017,Jun,6,2017-06-01,46107
PB,2017,Jul,7,2017-07-01,128867
PB,2017,Aug,8,2017-08-01,31308
PB,2017,Sep,9,2017-09-01,35550
PB,2017,Oct,10,2017-10-01,129339
PB,2017,Nov,11,2017-11-01,37192
PB,2017,Dec,12,2017-12-01,36235
PB,2018,Jan,1,2018-01-01,102339
PB,2018,Feb,2,2018-02-01,39546
PB,2018,Mar,3,2018-03-01,54902
PB,2018,Apr,4,2018-04-01,144790
PB,2018,May,5,2018-05-01,80448
PB,2018,Jun,6,2018-06-01,88391
PB,2018,Jul,7,2018-07-01,183942
PB,2018,Aug,8,2018-08-01,112967
PB,2018,Sep,9,2018-09-01,142148
PB,2018,Oct,10,2018-10-01,255343
PB,2018,Nov,11,2018-11-01,122383
PB,2018,Dec,12,2018-12-01,131210
PB,2019,Jan,1,2019-01-01,271219
PB,2019,Feb,2,2019-02-01,130717
PB,2019,Mar,3,2019-03-01,164078
PB,2019,Apr,4,2019-04-01,323214
PB,2019,May,5,2019-05-01,164909
PB,2019,Jun,6,2019-06-01,129869
PB,2019,Jul,7,2019-07-01,255315
PB,2019,Aug,8,2019-08-01,129053
PB,2019,Sep,9,2019-09-01,150015
PB,2019,Oct,10,2019-10-01,255303
PB,2019,Nov,11,2019-11-01,122676
PB,2019,Dec,12,2019-12-01,132359
PB,2020,Jan,1,2020-01-01,252735
PB,2020,Feb,2,2020-02-01,146675
PB,2020,Mar,3,2020-03-01,132596
PB,2020,Apr,4,2020-04-01,20279
PB,2020,May,5,2020-05-01,20137
PB,2020,Jun,6,2020-06-01,181748
PB,2020,Jul,7,2020-07-01,173126
PB,2020,Aug,8,2020-08-01,87712
PB,2020,Sep,9,2020-09-01,106171
PB,2020,Oct,10,2020-10-01,155375
PB,2020,Nov,11,2020-11-01,75196
PB,2020,Dec,12,2020-12-01,130669
PB,2021,Jan,1,2021-01-01,161217
PB,2021,Feb,2,2021-02-01,91952
PB,2021,Mar,3,2021-03-01,137494
PB,2021,Apr,4,2021-04-01,155637
PB,2021,May,5,2021-05-01,60571
PB,2021,Jun,6,2021-06-01,75559
PB,2021,Jul,7,2021-07-01,140305
PB,2021,Aug,8,2021-08-01,82422
PB,2021,Sep,9,2021-09-01,100930
PB,2021,Oct,10,2021-10-01,160105
PB,2021,Nov,11,2021-11-01,111729
PB,2021,Dec,12,2021-12-01,125241
PB,2022,Jan,1,2022-01-01,186090
PB,2022,Feb,2,2022-02-01,114470
PB,2022,Mar,3,2022-03-01,147714
PB,2022,Apr,4,2022-04-01,200118
PB,2022,May,5,2022-05-01,126109
PB,2022,Jun,6,2022-06-01,130116
PB,2022,Jul,7,2022-07-01,195886
PB,2022,Aug,8,2022-08-01,105843
PB,2022,Sep,9,2022-09-01,99558
PB,2022,Oct,10,2022-10-01,183601
PB,2022,Nov,11,2022-11-01,114352
PB,2022,Dec,12,2022-12-01,124809
PB,2023,Jan,1,2023-01-01,187326
PB,2023,Feb,2,2023-02-01,115594
PB,2023,Mar,3,2023-03-01,153929
PB,2023,Apr,4,2023-04-01,212101
PB,2023,May,5,2023-05-01,136904
PB,2023,Jun,6,2023-06-01,137004
PB,2023,Jul,7,2023-07-01,201725
PB,2023,Aug,8,2023-08-01,114757
PB,2023,Sep,9,2023-09-01,131720
PB,2023,Oct,10,2023-10-01,214222
PB,2023,Nov,11,2023-11-01,110926
PB,2023,Dec,12,2023-12-01,135728
PB,2024,Jan,1,2024-01-01,217954
PB,2024,Feb,2,2024-02-01,142379
PB,2024,Mar,3,2024-03-01,171937
PB,2024,Apr,4,2024-04-01,250427
PB,2024,May,5,2024-05-01,150138
PB,2024,Jun,6,2024-06-01,113106
PB,2024,Jul,7,2024-07-01,265597
PB,2024,Aug,8,2024-08-01,128914
PB,2024,Sep,9,2024-09-01,193582
PB,2024,Oct,10,2024-10-01,164747
PB,2024,Nov,11,2024-11-01,122677
PB,2024,Dec,12,2024-12-01,144530
PB,2025,Jan,1,2025-01-01,195908
PB,2025,Feb,2,2025-02-01,118891
PB,2025,Mar,3,2025-03-01,165126
PB,2025,Apr,4,2025-04-01,186229
PB,2025,May,5,2025-05-01,113308
PB,2025,Jun,6,2025-06-01,128847
PB,2025,Jul,7,2025-07-01,164177
PB,2025,Aug,8,2025-08-01,114481
PB,2025,Sep,9,2025-09-01,120011
PB,2025,Oct,10,2025-10-01,127427
PB,2025,Nov,11,2025-11-01,99020
PB,2025,Dec,12,2025-12-01,134175
PB,2026,Jan,1,2026-01-01,145708
PB,2026,Feb,2,2026-02-01,111905
PB,2026,Mar,3,2026-03-01,172257
PB,2026,Apr,4,2026-04-01,192874
PB,2026,May,5,2026-05-01,112944
PB,2026,Jun,6,2026-06-01,127692
PB,2026,Jul,7,2026-07-01,133135
PB,2026,Aug,8,2026-08-01,22756
PB,2026,Sep,9,2026-09-01,218822
PB,2026,Oct,10,2026-10-01,192000
PB,2026,Nov,11,2026-11-01,214827
PB,2026,Dec,12,2026-12-01,213536
PY,2010,Jan,1,2010-01-01,2696
PY,2010,Feb,2,2010-02-01,2453
PY,2010,Mar,3,2010-03-01,1940
PY,2010,Apr,4,2010-04-01,8474
PY,2010,May,5,2010-05-01,2247
PY,2010,Jun,6,2010-06-01,2213
PY,2010,Jul,7,2010-07-01,4330
PY,2010,Aug,8,2010-08-01,2060
PY,2010,Sep,9,2010-09-01,2033
PY,2010,Oct,10,2010-10-01,2826
PY,2010,Nov,11,2010-11-01,3218
PY,2010,Dec,12,2010-12-01,2082
PY,2011,Jan,1,2011-01-01,2932
PY,2011,Feb,2,2011-02-01,3047
PY,2011,Mar,3,2011-03-01,2950
PY,2011,Apr,4,2011-04-01,9760
PY,2011,May,5,2011-05-01,2772
PY,2011,Jun,6,2011-06-01,2884
PY,2011,Jul,7,2011-07-01,4223
PY,2011,Aug,8,2011-08-01,2385
PY,2011,Sep,9,2011-09-01,2487
PY,2011,Oct,10,2011-10-01,3042
PY,2011,Nov,11,2011-11-01,3835
PY,2011,Dec,12,2011-12-01,2795
PY,2012,Jan,1,2012-01-01,6029
PY,2012,Feb,2,2012-02-01,5684
PY,2012,Mar,3,2012-03-01,5552
PY,2012,Apr,4,2012-04-01,11148
PY,2012,May,5,2012-05-01,3917
PY,2012,Jun,6,2012-06-01,4080
PY,2012,Jul,7,2012-07-01,5220
PY,2012,Aug,8,2012-08-01,3598
PY,2012,Sep,9,2012-09-01,3306
PY,2012,Oct,10,2012-10-01,5017
PY,2012,Nov,11,2012-11-01,3355
PY,2012,Dec,12,2012-12-01,3303
PY,2013,Jan,1,2013-01-01,4653
PY,2013,Feb,2,2013-02-01,3771
PY,2013,Mar,3,2013-03-01,3959
PY,2013,Apr,4,2013-04-01,10377
PY,2013,May,5,2013-05-01,3315
PY,2013,Jun,6,2013-06-01,3489
PY,2013,Jul,7,2013-07-01,10451
PY,2013,Aug,8,2013-08-01,22709
PY,2013,Sep,9,2013-09-01,21342
PY,2013,Oct,10,2013-10-01,19708
PY,2013,Nov,11,2013-11-01,18347
PY,2013,Dec,12,2013-12-01,30656
PY,2014,Jan,1,2014-01-01,34606
PY,2014,Feb,2,2014-02-01,34469
PY,2014,Mar,3,2014-03-01,37528
PY,2014,Apr,4,2014-04-01,39421
PY,2014,May,5,2014-05-01,38656
PY,2014,Jun,6,2014-06-01,35562
PY,2014,Jul,7,2014-07-01,36559
PY,2014,Aug,8,2014-08-01,39655
PY,2014,Sep,9,2014-09-01,36498
PY,2014,Oct,10,2014-10-01,33049
PY,2014,Nov,11,2014-11-01,35182
PY,2014,Dec,12,2014-12-01,41816
PY,2015,Jan,1,2015-01-01,43774
PY,2015,Feb,2,2015-02-01,35189
PY,2015,Mar,3,2015-03-01,40225
PY,2015,Apr,4,2015-04-01,42847
PY,2015,May,5,2015-05-01,44241
PY,2015,Jun,6,2015-06-01,39927
PY,2015,Jul,7,2015-07-01,41500
PY,2015,Aug,8,2015-08-01,44314
PY,2015,Sep,9,2015-09-01,39874
PY,2015,Oct,10,2015-10-01,38478
PY,2015,Nov,11,2015-11-01,33587
PY,2015,Dec,12,2015-12-01,37116
PY,2016,Jan,1,2016-01-01,43735
PY,2016,Feb,2,2016-02-01,42486
PY,2016,Mar,3,2016-03-01,42522
PY,2016,Apr,4,2016-04-01,42506
PY,2016,May,5,2016-05-01,41181
PY,2016,Jun,6,2016-06-01,39937
PY,2016,Jul,7,2016-07-01,43431
PY,2016,Aug,8,2016-08-01,41949
PY,2016,Sep,9,2016-09-01,43902
PY,2016,Oct,10,2016-10-01,39638
PY,2016,Nov,11,2016-11-01,42240
PY,2016,Dec,12,2016-12-01,53223
PY,2017,Jan,1,2017-01-01,54005
PY,2017,Feb,2,2017-02-01,51578
PY,2017,Mar,3,2017-03-01,53209
PY,2017,Apr,4,2017-04-01,51673
PY,2017,May,5,2017-05-01,49119
PY,2017,Jun,6,2017-06-01,53164
PY,2017,Jul,7,2017-07-01,51765
PY,2017,Aug,8,2017-08-01,58230
PY,2017,Sep,9,2017-09-01,59075
PY,2017,Oct,10,2017-10-01,44151
PY,2017,Nov,11,2017-11-01,46529
PY,2017,Dec,12,2017-12-01,65967
PY,2018,Jan,1,2018-01-01,67392
PY,2018,Feb,2,2018-02-01,54800
PY,2018,Mar,3,2018-03-01,57617
PY,2018,Apr,4,2018-04-01,52142
PY,2018,May,5,2018-05-01,41668
PY,2018,Jun,6,2018-06-01,5706
PY,2018,Jul,7,2018-07-01,14458
PY,2018,Aug,8,2018-08-01,14985
PY,2018,Sep,9,2018-09-01,13341
PY,2018,Oct,10,2018-10-01,14061
PY,2018,Nov,11,2018-11-01,12065
PY,2018,Dec,12,2018-12-01,16815
PY,2019,Jan,1,2019-01-01,16434
PY,2019,Feb,2,2019-02-01,15145
PY,2019,Mar,3,2019-03-01,16425
PY,2019,Apr,4,2019-04-01,26142
PY,2019,May,5,2019-05-01,17818
PY,2019,Jun,6,2019-06-01,15088
PY,2019,Jul,7,2019-07-01,18578
PY,2019,Aug,8,2019-08-01,15495
PY,2019,Sep,9,2019-09-01,14921
PY,2019,Oct,10,2019-10-01,13774
PY,2019,Nov,11,2019-11-01,13147
PY,2019,Dec,12,2019-12-01,17577
PY,2020,Jan,1,2020-01-01,16809
PY,2020,Feb,2,2020-02-01,14145
PY,2020,Mar,3,2020-03-01,9518
PY,2020,Apr,4,2020-04-01,240
PY,2020,May,5,2020-05-01,1889
PY,2020,Jun,6,2020-06-01,4488
PY,2020,Jul,7,2020-07-01,2611
PY,2020,Aug,8,2020-08-01,2073
PY,2020,Sep,9,2020-09-01,5187
PY,2020,Oct,10,2020-10-01,4875
PY,2020,Nov,11,2020-11-01,5245
PY,2020,Dec,12,2020-12-01,11933
PY,2021,Jan,1,2021-01-01,10630
PY,2021,Feb,2,2021-02-01,11234
PY,2021,Mar,3,2021-03-01,12689
PY,2021,Apr,4,2021-04-01,11033
PY,2021,May,5,2021-05-01,2439
PY,2021,Jun,6,2021-06-01,5087
PY,2021,Jul,7,2021-07-01,8861
PY,2021,Aug,8,2021-08-01,9028
PY,2021,Sep,9,2021-09-01,10111
PY,2021,Oct,10,2021-10-01,8487
PY,2021,Nov,11,2021-11-01,7471
PY,2021,Dec,12,2021-12-01,13305
PY,2022,Jan,1,2022-01-01,8986
PY,2022,Feb,2,2022-02-01,11013
PY,2022,Mar,3,2022-03-01,14394
PY,2022,Apr,4,2022-04-01,16402
PY,2022,May,5,2022-05-01,11790
PY,2022,Jun,6,2022-06-01,13102
PY,2022,Jul,7,2022-07-01,12834
PY,2022,Aug,8,2022-08-01,11119
PY,2022,Sep,9,2022-09-01,10575
PY,2022,Oct,10,2022-10-01,9805
PY,2022,Nov,11,2022-11-01,11764
PY,2022,Dec,12,2022-12-01,14299
PY,2023,Jan,1,2023-01-01,14180
PY,2023,Feb,2,2023-02-01,12555
PY,2023,Mar,3,2023-03-01,16958
PY,2023,Apr,4,2023-04-01,17141
PY,2023,May,5,2023-05-01,14399
PY,2023,Jun,6,2023-06-01,13225
PY,2023,Jul,7,2023-07-01,14524
PY,2023,Aug,8,2023-08-01,13503
PY,2023,Sep,9,2023-09-01,13001
PY,2023,Oct,10,2023-10-01,13852
PY,2023,Nov,11,2023-11-01,12342
PY,2023,Dec,12,2023-12-01,15570
PY,2024,Jan,1,2024-01-01,16068
PY,2024,Feb,2,2024-02-01,13892
PY,2024,Mar,3,2024-03-01,16798
PY,2024,Apr,4,2024-04-01,20249
PY,2024,May,5,2024-05-01,15373
PY,2024,Jun,6,2024-06-01,14134
PY,2024,Jul,7,2024-07-01,17522
PY,2024,Aug,8,2024-08-01,16443
PY,2024,Sep,9,2024-09-01,14780
PY,2024,Oct,10,2024-10-01,15149
PY,2024,Nov,11,2024-11-01,14194
PY,2024,Dec,12,2024-12-01,17227
PY,2025,Jan,1,2025-01-01,17253
PY,2025,Feb,2,2025-02-01,15767
PY,2025,Mar,3,2025-03-01,17473
PY,2025,Apr,4,2025-04-01,27887
PY,2025,May,5,2025-05-01,20104
PY,2025,Jun,6,2025-06-01,15604
PY,2025,Jul,7,2025-07-01,19244
PY,2025,Aug,8,2025-08-01,18071
PY,2025,Sep,9,2025-09-01,15710
PY,2025,Oct,10,2025-10-01,15739
PY,2025,Nov,11,2025-11-01,16803
PY,2025,Dec,12,2025-12-01,20345
PY,2026,Jan,1,2026-01-01,19533
PY,2026,Feb,2,2026-02-01,19169
PY,2026,Mar,3,2026-03-01,20763
PY,2026,Apr,4,2026-04-01,27735
PY,2026,May,5,2026-05-01,23296
PY,2026,Jun,6,2026-06-01,18393
PY,2026,Jul,7,2026-07-01,20009
PY,2026,Aug,8,2026-08-01,5150
PY,2026,Sep,9,2026-09-01,24670
PY,2026,Oct,10,2026-10-01,21648
PY,2026,Nov,11,2026-11-01,25800
PY,2026,Dec,12,2026-12-01,22214
RJ,2010,Jan,1,2010-01-01,10175
RJ,2010,Feb,2,2010-02-01,16524
RJ,2010,Mar,3,2010-03-01,20605
RJ,2010,Apr,4,2010-04-01,18724
RJ,2010,May,5,2010-05-01,16835
RJ,2010,Jun,6,2010-06-01,18556
RJ,2010,Jul,7,2010-07-01,21630
RJ,2010,Aug,8,2010-08-01,21232
RJ,2010,Sep,9,2010-09-01,21370
RJ,2010,Oct,10,2010-10-01,22945
RJ,2010,Nov,11,2010-11-01,23820
RJ,2010,Dec,12,2010-12-01,23532
RJ,2011,Jan,1,2011-01-01,25209
RJ,2011,Feb,2,2011-02-01,24096
RJ,2011,Mar,3,2011-03-01,35014
RJ,2011,Apr,4,2011-04-01,28221
RJ,2011,May,5,2011-05-01,27679
RJ,2011,Jun,6,2011-06-01,27762
RJ,2011,Jul,7,2011-07-01,29938
RJ,2011,Aug,8,2011-08-01,28454
RJ,2011,Sep,9,2011-09-01,32285
RJ,2011,Oct,10,2011-10-01,33511
RJ,2011,Nov,11,2011-11-01,39264
RJ,2011,Dec,12,2011-12-01,34565
RJ,2012,Jan,1,2012-01-01,44578
RJ,2012,Feb,2,2012-02-01,42159
RJ,2012,Mar,3,2012-03-01,49544
RJ,2012,Apr,4,2012-04-01,38072
RJ,2012,May,5,2012-05-01,34227
RJ,2012,Jun,6,2012-06-01,33608
RJ,2012,Jul,7,2012-07-01,38922
RJ,2012,Aug,8,2012-08-01,36614
RJ,2012,Sep,9,2012-09-01,36274
RJ,2012,Oct,10,2012-10-01,42275
RJ,2012,Nov,11,2012-11-01,39599
RJ,2012,Dec,12,2012-12-01,41743
RJ,2013,Jan,1,2013-01-01,48990
RJ,2013,Feb,2,2013-02-01,46142
RJ,2013,Mar,3,2013-03-01,57895
RJ,2013,Apr,4,2013-04-01,47032
RJ,2013,May,5,2013-05-01,43575
RJ,2013,Jun,6,2013-06-01,40303
RJ,2013,Jul,7,2013-07-01,41356
RJ,2013,Aug,8,2013-08-01,37598
RJ,2013,Sep,9,2013-09-01,47530
RJ,2013,Oct,10,2013-10-01,50548
RJ,2013,Nov,11,2013-11-01,38761
RJ,2013,Dec,12,2013-12-01,46925
RJ,2014,Jan,1,2014-01-01,56105
RJ,2014,Feb,2,2014-02-01,63488
RJ,2014,Mar,3,2014-03-01,98969
RJ,2014,Apr,4,2014-04-01,84675
RJ,2014,May,5,2014-05-01,101115
RJ,2014,Jun,6,2014-06-01,102209
RJ,2014,Jul,7,2014-07-01,117036
RJ,2014,Aug,8,2014-08-01,103362
RJ,2014,Sep,9,2014-09-01,129404
RJ,2014,Oct,10,2014-10-01,121349
RJ,2014,Nov,11,2014-11-01,119426
RJ,2014,Dec,12,2014-12-01,134723
RJ,2015,Jan,1,2015-01-01,123903
RJ,2015,Feb,2,2015-02-01,134180
RJ,2015,Mar,3,2015-03-01,173675
RJ,2015,Apr,4,2015-04-01,121240
RJ,2015,May,5,2015-05-01,117676
RJ,2015,Jun,6,2015-06-01,133249
RJ,2015,Jul,7,2015-07-01,135230
RJ,2015,Aug,8,2015-08-01,125424
RJ,2015,Sep,9,2015-09-01,134947
RJ,2015,Oct,10,2015-10-01,137523
RJ,2015,Nov,11,2015-11-01,124687
RJ,2015,Dec,12,2015-12-01,147831
RJ,2016,Jan,1,2016-01-01,143794
RJ,2016,Feb,2,2016-02-01,162321
RJ,2016,Mar,3,2016-03-01,192829
RJ,2016,Apr,4,2016-04-01,125113
RJ,2016,May,5,2016-05-01,140370
RJ,2016,Jun,6,2016-06-01,140360
RJ,2016,Jul,7,2016-07-01,116053
RJ,2016,Aug,8,2016-08-01,128258
RJ,2016,Sep,9,2016-09-01,142648
RJ,2016,Oct,10,2016-10-01,132102
RJ,2016,Nov,11,2016-11-01,142454
RJ,2016,Dec,12,2016-12-01,113637
RJ,2017,Jan,1,2017-01-01,133343
RJ,2017,Feb,2,2017-02-01,167228
RJ,2017,Mar,3,2017-03-01,234460
RJ,2017,Apr,4,2017-04-01,137089
RJ,2017,May,5,2017-05-01,128465
RJ,2017,Jun,6,2017-06-01,117997
RJ,2017,Jul,7,2017-07-01,128441
RJ,2017,Aug,8,2017-08-01,108040
RJ,2017,Sep,9,2017-09-01,144360
RJ,2017,Oct,10,2017-10-01,131342
RJ,2017,Nov,11,2017-11-01,143444
RJ,2017,Dec,12,2017-12-01,123494
RJ,2018,Jan,1,2018-01-01,175394
RJ,2018,Feb,2,2018-02-01,167039
RJ,2018,Mar,3,2018-03-01,301324
RJ,2018,Apr,4,2018-04-01,154316
RJ,2018,May,5,2018-05-01,155517
RJ,2018,Jun,6,2018-06-01,135384
RJ,2018,Jul,7,2018-07-01,149867
RJ,2018,Aug,8,2018-08-01,190520
RJ,2018,Sep,9,2018-09-01,183195
RJ,2018,Oct,10,2018-10-01,241639
RJ,2018,Nov,11,2018-11-01,187767
RJ,2018,Dec,12,2018-12-01,166675
RJ,2019,Jan,1,2019-01-01,208494
RJ,2019,Feb,2,2019-02-01,205034
RJ,2019,Mar,3,2019-03-01,377240
RJ,2019,Apr,4,2019-04-01,208331
RJ,2019,May,5,2019-05-01,195245
RJ,2019,Jun,6,2019-06-01,162104
RJ,2019,Jul,7,2019-07-01,192334
RJ,2019,Aug,8,2019-08-01,166213
RJ,2019,Sep,9,2019-09-01,187949
RJ,2019,Oct,10,2019-10-01,200333
RJ,2019,Nov,11,2019-11-01,203656
RJ,2019,Dec,12,2019-12-01,217683
RJ,2020,Jan,1,2020-01-01,245174
RJ,2020,Feb,2,2020-02-01,233308
RJ,2020,Mar,3,2020-03-01,296099
RJ,2020,Apr,4,2020-04-01,19694
RJ,2020,May,5,2020-05-01,17182
RJ,2020,Jun,6,2020-06-01,134255
RJ,2020,Jul,7,2020-07-01,174975
RJ,2020,Aug,8,2020-08-01,127444
RJ,2020,Sep,9,2020-09-01,154606
RJ,2020,Oct,10,2020-10-01,161984
RJ,2020,Nov,11,2020-11-01,149359
RJ,2020,Dec,12,2020-12-01,208229
RJ,2021,Jan,1,2021-01-01,184160
RJ,2021,Feb,2,2021-02-01,233861
RJ,2021,Mar,3,2021-03-01,442741
RJ,2021,Apr,4,2021-04-01,126866
RJ,2021,May,5,2021-05-01,25437
RJ,2021,Jun,6,2021-06-01,153373
RJ,2021,Jul,7,2021-07-01,174596
RJ,2021,Aug,8,2021-08-01,173319
RJ,2021,Sep,9,2021-09-01,225928
RJ,2021,Oct,10,2021-10-01,224057
RJ,2021,Nov,11,2021-11-01,245576
RJ,2021,Dec,12,2021-12-01,260519
RJ,2022,Jan,1,2022-01-01,240792
RJ,2022,Feb,2,2022-02-01,275624
RJ,2022,Mar,3,2022-03-01,465901
RJ,2022,Apr,4,2022-04-01,214688
RJ,2022,May,5,2022-05-01,192853
RJ,2022,Jun,6,2022-06-01,204134
RJ,2022,Jul,7,2022-07-01,214233
RJ,2022,Aug,8,2022-08-01,204145
RJ,2022,Sep,9,2022-09-01,233990
RJ,2022,Oct,10,2022-10-01,229927
RJ,2022,Nov,11,2022-11-01,278258
RJ,2022,Dec,12,2022-12-01,261061
RJ,2023,Jan,1,2023-01-01,275458
RJ,2023,Feb,2,2023-02-01,299043
RJ,2023,Mar,3,2023-03-01,523704
RJ,2023,Apr,4,2023-04-01,224488
RJ,2023,May,5,2023-05-01,257047
RJ,2023,Jun,6,2023-06-01,268368
RJ,2023,Jul,7,2023-07-01,279542
RJ,2023,Aug,8,2023-08-01,286984
RJ,2023,Sep,9,2023-09-01,298315
RJ,2023,Oct,10,2023-10-01,343198
RJ,2023,Nov,11,2023-11-01,272208
RJ,2023,Dec,12,2023-12-01,311840
RJ,2024,Jan,1,2024-01-01,326704
RJ,2024,Feb,2,2024-02-01,352154
RJ,2024,Mar,3,2024-03-01,547356
RJ,2024,Apr,4,2024-04-01,236166
RJ,2024,May,5,2024-05-01,273469
RJ,2024,Jun,6,2024-06-01,229780
RJ,2024,Jul,7,2024-07-01,287346
RJ,2024,Aug,8,2024-08-01,246785
RJ,2024,Sep,9,2024-09-01,270278
RJ,2024,Oct,10,2024-10-01,318213
RJ,2024,Nov,11,2024-11-01,297951
RJ,2024,Dec,12,2024-12-01,287675
RJ,2025,Jan,1,2025-01-01,323482
RJ,2025,Feb,2,2025-02-01,333581
RJ,2025,Mar,3,2025-03-01,553570
RJ,2025,Apr,4,2025-04-01,268515
RJ,2025,May,5,2025-05-01,262630
RJ,2025,Jun,6,2025-06-01,253611
RJ,2025,Jul,7,2025-07-01,286149
RJ,2025,Aug,8,2025-08-01,271682
RJ,2025,Sep,9,2025-09-01,280955
RJ,2025,Oct,10,2025-10-01,332720
RJ,2025,Nov,11,2025-11-01,336345
RJ,2025,Dec,12,2025-12-01,350158
RJ,2026,Jan,1,2026-01-01,341062
RJ,2026,Feb,2,2026-02-01,359570
RJ,2026,Mar,3,2026-03-01,565290
RJ,2026,Apr,4,2026-04-01,289274
RJ,2026,May,5,2026-05-01,241155
RJ,2026,Jun,6,2026-06-01,228135
RJ,2026,Jul,7,2026-07-01,207707
RJ,2026,Aug,8,2026-08-01,49416
RJ,2026,Sep,9,2026-09-01,495283
RJ,2026,Oct,10,2026-10-01,478723
RJ,2026,Nov,11,2026-11-01,494390
RJ,2026,Dec,12,2026-12-01,454033
SK,2010,Jan,1,2010-01-01,56
SK,2010,Feb,2,2010-02-01,67
SK,2010,Mar,3,2010-03-01,86
SK,2010,Apr,4,2010-04-01,60
SK,2010,May,5,2010-05-01,77
SK,2010,Jun,6,2010-06-01,72
SK,2010,Jul,7,2010-07-01,69
SK,2010,Aug,8,2010-08-01,78
SK,2010,Sep,9,2010-09-01,71
SK,2010,Oct,10,2010-10-01,105
SK,2010,Nov,11,2010-11-01,75
SK,2010,Dec,12,2010-12-01,108
SK,2011,Jan,1,2011-01-01,89
SK,2011,Feb,2,2011-02-01,138
SK,2011,Mar,3,2011-03-01,148
SK,2011,Apr,4,2011-04-01,141
SK,2011,May,5,2011-05-01,125
SK,2011,Jun,6,2011-06-01,145
SK,2011,Jul,7,2011-07-01,141
SK,2011,Aug,8,2011-08-01,90
SK,2011,Sep,9,2011-09-01,211
SK,2011,Oct,10,2011-10-01,139
SK,2011,Nov,11,2011-11-01,230
SK,2011,Dec,12,2011-12-01,188
SK,2012,Jan,1,2012-01-01,304
SK,2012,Feb,2,2012-02-01,442
SK,2012,Mar,3,2012-03-01,417
SK,2012,Apr,4,2012-04-01,259
SK,2012,May,5,2012-05-01,397
SK,2012,Jun,6,2012-06-01,259
SK,2012,Jul,7,2012-07-01,217
SK,2012,Aug,8,2012-08-01,187
SK,2012,Sep,9,2012-09-01,189
SK,2012,Oct,10,2012-10-01,148
SK,2012,Nov,11,2012-11-01,189
SK,2012,Dec,12,2012-12-01,100
SK,2013,Jan,1,2013-01-01,162
SK,2013,Feb,2,2013-02-01,134
SK,2013,Mar,3,2013-03-01,218
SK,2013,Apr,4,2013-04-01,216
SK,2013,May,5,2013-05-01,257
SK,2013,Jun,6,2013-06-01,325
SK,2013,Jul,7,2013-07-01,373
SK,2013,Aug,8,2013-08-01,311
SK,2013,Sep,9,2013-09-01,379
SK,2013,Oct,10,2013-10-01,402
SK,2013,Nov,11,2013-11-01,290
SK,2013,Dec,12,2013-12-01,290
SK,2014,Jan,1,2014-01-01,167
SK,2014,Feb,2,2014-02-01,209
SK,2014,Mar,3,2014-03-01,228
SK,2014,Apr,4,2014-04-01,143
SK,2014,May,5,2014-05-01,161
SK,2014,Jun,6,2014-06-01,222
SK,2014,Jul,7,2014-07-01,317
SK,2014,Aug,8,2014-08-01,190
SK,2014,Sep,9,2014-09-01,185
SK,2014,Oct,10,2014-10-01,198
SK,2014,Nov,11,2014-11-01,265
SK,2014,Dec,12,2014-12-01,96
SK,2015,Jan,1,2015-01-01,141
SK,2015,Feb,2,2015-02-01,204
SK,2015,Mar,3,2015-03-01,412
SK,2015,Apr,4,2015-04-01,351
SK,2015,May,5,2015-05-01,420
SK,2015,Jun,6,2015-06-01,505
SK,2015,Jul,7,2015-07-01,542
SK,2015,Aug,8,2015-08-01,550
SK,2015,Sep,9,2015-09-01,538
SK,2015,Oct,10,2015-10-01,362
SK,2015,Nov,11,2015-11-01,389
SK,2015,Dec,12,2015-12-01,285
SK,2016,Jan,1,2016-01-01,454
SK,2016,Feb,2,2016-02-01,506
SK,2016,Mar,3,2016-03-01,544
SK,2016,Apr,4,2016-04-01,514
SK,2016,May,5,2016-05-01,435
SK,2016,Jun,6,2016-06-01,626
SK,2016,Jul,7,2016-07-01,475
SK,2016,Aug,8,2016-08-01,441
SK,2016,Sep,9,2016-09-01,1327
SK,2016,Oct,10,2016-10-01,707
SK,2016,Nov,11,2016-11-01,1076
SK,2016,Dec,12,2016-12-01,942
SK,2017,Jan,1,2017-01-01,784
SK,2017,Feb,2,2017-02-01,823
SK,2017,Mar,3,2017-03-01,1272
SK,2017,Apr,4,2017-04-01,1633
SK,2017,May,5,2017-05-01,1358
SK,2017,Jun,6,2017-06-01,1243
SK,2017,Jul,7,2017-07-01,2100
SK,2017,Aug,8,2017-08-01,1201
SK,2017,Sep,9,2017-09-01,1294
SK,2017,Oct,10,2017-10-01,1580
SK,2017,Nov,11,2017-11-01,2108
SK,2017,Dec,12,2017-12-01,1480
SK,2018,Jan,1,2018-01-01,1916
SK,2018,Feb,2,2018-02-01,1777
SK,2018,Mar,3,2018-03-01,2458
SK,2018,Apr,4,2018-04-01,3481
SK,2018,May,5,2018-05-01,3047
SK,2018,Jun,6,2018-06-01,3427
SK,2018,Jul,7,2018-07-01,3159
SK,2018,Aug,8,2018-08-01,2988
SK,2018,Sep,9,2018-09-01,2975
SK,2018,Oct,10,2018-10-01,2917
SK,2018,Nov,11,2018-11-01,3103
SK,2018,Dec,12,2018-12-01,2080
SK,2019,Jan,1,2019-01-01,3033
SK,2019,Feb,2,2019-02-01,3161
SK,2019,Mar,3,2019-03-01,3878
SK,2019,Apr,4,2019-04-01,3540
SK,2019,May,5,2019-05-01,3620
SK,2019,Jun,6,2019-06-01,3766
SK,2019,Jul,7,2019-07-01,4279
SK,2019,Aug,8,2019-08-01,4071
SK,2019,Sep,9,2019-09-01,4759
SK,2019,Oct,10,2019-10-01,2679
SK,2019,Nov,11,2019-11-01,3836
SK,2019,Dec,12,2019-12-01,2707
SK,2020,Jan,1,2020-01-01,3909
SK,2020,Feb,2,2020-02-01,3422
SK,2020,Mar,3,2020-03-01,3282
SK,2020,Apr,4,2020-04-01,195
SK,2020,May,5,2020-05-01,798
SK,2020,Jun,6,2020-06-01,2270
SK,2020,Jul,7,2020-07-01,1743
SK,2020,Aug,8,2020-08-01,1268
SK,2020,Sep,9,2020-09-01,1392
SK,2020,Oct,10,2020-10-01,2599
SK,2020,Nov,11,2020-11-01,2874
SK,2020,Dec,12,2020-12-01,5547
SK,2021,Jan,1,2021-01-01,2871
SK,2021,Feb,2,2021-02-01,3590
SK,2021,Mar,3,2021-03-01,5106
SK,2021,Apr,4,2021-04-01,2686
SK,2021,May,5,2021-05-01,219
SK,2021,Jun,6,2021-06-01,1443
SK,2021,Jul,7,2021-07-01,2262
SK,2021,Aug,8,2021-08-01,3099
SK,2021,Sep,9,2021-09-01,7879
SK,2021,Oct,10,2021-10-01,5355
SK,2021,Nov,11,2021-11-01,4524
SK,2021,Dec,12,2021-12-01,4017
SK,2022,Jan,1,2022-01-01,2711
SK,2022,Feb,2,2022-02-01,3996
SK,2022,Mar,3,2022-03-01,5331
SK,2022,Apr,4,2022-04-01,3600
SK,2022,May,5,2022-05-01,3382
SK,2022,Jun,6,2022-06-01,3882
SK,2022,Jul,7,2022-07-01,3323
SK,2022,Aug,8,2022-08-01,3704
SK,2022,Sep,9,2022-09-01,5369
SK,2022,Oct,10,2022-10-01,3042
SK,2022,Nov,11,2022-11-01,3861
SK,2022,Dec,12,2022-12-01,3334
SK,2023,Jan,1,2023-01-01,4166
SK,2023,Feb,2,2023-02-01,4125
SK,2023,Mar,3,2023-03-01,5993
SK,2023,Apr,4,2023-04-01,4297
SK,2023,May,5,2023-05-01,4230
SK,2023,Jun,6,2023-06-01,4079
SK,2023,Jul,7,2023-07-01,3602
SK,2023,Aug,8,2023-08-01,4902
SK,2023,Sep,9,2023-09-01,6352
SK,2023,Oct,10,2023-10-01,4769
SK,2023,Nov,11,2023-11-01,4900
SK,2023,Dec,12,2023-12-01,3781
SK,2024,Jan,1,2024-01-01,6297
SK,2024,Feb,2,2024-02-01,7451
SK,2024,Mar,3,2024-03-01,6314
SK,2024,Apr,4,2024-04-01,4549
SK,2024,May,5,2024-05-01,7370
SK,2024,Jun,6,2024-06-01,5125
SK,2024,Jul,7,2024-07-01,5169
SK,2024,Aug,8,2024-08-01,5341
SK,2024,Sep,9,2024-09-01,13073
SK,2024,Oct,10,2024-10-01,4938
SK,2024,Nov,11,2024-11-01,4442
SK,2024,Dec,12,2024-12-01,5181
SK,2025,Jan,1,2025-01-01,7021
SK,2025,Feb,2,2025-02-01,6068
SK,2025,Mar,3,2025-03-01,7934
SK,2025,Apr,4,2025-04-01,5949
SK,2025,May,5,2025-05-01,5203
SK,2025,Jun,6,2025-06-01,4248
SK,2025,Jul,7,2025-07-01,4339
SK,2025,Aug,8,2025-08-01,4749
SK,2025,Sep,9,2025-09-01,6744
SK,2025,Oct,10,2025-10-01,5084
SK,2025,Nov,11,2025-11-01,6027
SK,2025,Dec,12,2025-12-01,4764
SK,2026,Jan,1,2026-01-01,7485
SK,2026,Feb,2,2026-02-01,6875
SK,2026,Mar,3,2026-03-01,7323
SK,2026,Apr,4,2026-04-01,5446
SK,2026,May,5,2026-05-01,5604
SK,2026,Jun,6,2026-06-01,5163
SK,2026,Jul,7,2026-07-01,5136
SK,2026,Aug,8,2026-08-01,1471
SK,2026,Sep,9,2026-09-01,7806
SK,2026,Oct,10,2026-10-01,6843
SK,2026,Nov,11,2026-11-01,6968
SK,2026,Dec,12,2026-12-01,5330
TN,2010,Jan,1,2010-01-01,388017
TN,2010,Feb,2,2010-02-01,617333
TN,2010,Mar,3,2010-03-01,523287
TN,2010,Apr,4,2010-04-01,686243
TN,2010,May,5,2010-05-01,722394
TN,2010,Jun,6,2010-06-01,453926
TN,2010,Jul,7,2010-07-01,572398
TN,2010,Aug,8,2010-08-01,775859
TN,2010,Sep,9,2010-09-01,482013
TN,2010,Oct,10,2010-10-01,529674
TN,2010,Nov,11,2010-11-01,642171
TN,2010,Dec,12,2010-12-01,469305
TN,2011,Jan,1,2011-01-01,456153
TN,2011,Feb,2,2011-02-01,647851
TN,2011,Mar,3,2011-03-01,561985
TN,2011,Apr,4,2011-04-01,651484
TN,2011,May,5,2011-05-01,816232
TN,2011,Jun,6,2011-06-01,465512
TN,2011,Jul,7,2011-07-01,564372
TN,2011,Aug,8,2011-08-01,774151
TN,2011,Sep,9,2011-09-01,460764
TN,2011,Oct,10,2011-10-01,434506
TN,2011,Nov,11,2011-11-01,722872
TN,2011,Dec,12,2011-12-01,480613
TN,2012,Jan,1,2012-01-01,498295
TN,2012,Feb,2,2012-02-01,703954
TN,2012,Mar,3,2012-03-01,564441
TN,2012,Apr,4,2012-04-01,714892
TN,2012,May,5,2012-05-01,862770
TN,2012,Jun,6,2012-06-01,493842
TN,2012,Jul,7,2012-07-01,631813
TN,2012,Aug,8,2012-08-01,790411
TN,2012,Sep,9,2012-09-01,485592
TN,2012,Oct,10,2012-10-01,578670
TN,2012,Nov,11,2012-11-01,721924
TN,2012,Dec,12,2012-12-01,513485
TN,2013,Jan,1,2013-01-01,529511
TN,2013,Feb,2,2013-02-01,720322
TN,2013,Mar,3,2013-03-01,566093
TN,2013,Apr,4,2013-04-01,774770
TN,2013,May,5,2013-05-01,855270
TN,2013,Jun,6,2013-06-01,465519
TN,2013,Jul,7,2013-07-01,624328
TN,2013,Aug,8,2013-08-01,753520
TN,2013,Sep,9,2013-09-01,530235
TN,2013,Oct,10,2013-10-01,593126
TN,2013,Nov,11,2013-11-01,696085
TN,2013,Dec,12,2013-12-01,519951
TN,2014,Jan,1,2014-01-01,506713
TN,2014,Feb,2,2014-02-01,676156
TN,2014,Mar,3,2014-03-01,534177
TN,2014,Apr,4,2014-04-01,742332
TN,2014,May,5,2014-05-01,856471
TN,2014,Jun,6,2014-06-01,488563
TN,2014,Jul,7,2014-07-01,609947
TN,2014,Aug,8,2014-08-01,750756
TN,2014,Sep,9,2014-09-01,542475
TN,2014,Oct,10,2014-10-01,505853
TN,2014,Nov,11,2014-11-01,749326
TN,2014,Dec,12,2014-12-01,581434
TN,2015,Jan,1,2015-01-01,528366
TN,2015,Feb,2,2015-02-01,761428
TN,2015,Mar,3,2015-03-01,658170
TN,2015,Apr,4,2015-04-01,769642
TN,2015,May,5,2015-05-01,911415
TN,2015,Jun,6,2015-06-01,576074
TN,2015,Jul,7,2015-07-01,683422
TN,2015,Aug,8,2015-08-01,863443
TN,2015,Sep,9,2015-09-01,572532
TN,2015,Oct,10,2015-10-01,639675
TN,2015,Nov,11,2015-11-01,774434
TN,2015,Dec,12,2015-12-01,573178
TN,2016,Jan,1,2016-01-01,571346
TN,2016,Feb,2,2016-02-01,862677
TN,2016,Mar,3,2016-03-01,695581
TN,2016,Apr,4,2016-04-01,826941
TN,2016,May,5,2016-05-01,994692
TN,2016,Jun,6,2016-06-01,587624
TN,2016,Jul,7,2016-07-01,651506
TN,2016,Aug,8,2016-08-01,898210
TN,2016,Sep,9,2016-09-01,562843
TN,2016,Oct,10,2016-10-01,605221
TN,2016,Nov,11,2016-11-01,837039
TN,2016,Dec,12,2016-12-01,522305
TN,2017,Jan,1,2017-01-01,598754
TN,2017,Feb,2,2017-02-01,923591
TN,2017,Mar,3,2017-03-01,786262
TN,2017,Apr,4,2017-04-01,875158
TN,2017,May,5,2017-05-01,1126233
TN,2017,Jun,6,2017-06-01,613232
TN,2017,Jul,7,2017-07-01,699947
TN,2017,Aug,8,2017-08-01,931367
TN,2017,Sep,9,2017-09-01,561717
TN,2017,Oct,10,2017-10-01,653082
TN,2017,Nov,11,2017-11-01,926125
TN,2017,Dec,12,2017-12-01,599841
TN,2018,Jan,1,2018-01-01,657758
TN,2018,Feb,2,2018-02-01,896583
TN,2018,Mar,3,2018-03-01,672615
TN,2018,Apr,4,2018-04-01,991577
TN,2018,May,5,2018-05-01,1147671
TN,2018,Jun,6,2018-06-01,551379
TN,2018,Jul,7,2018-07-01,635697
TN,2018,Aug,8,2018-08-01,743326
TN,2018,Sep,9,2018-09-01,623243
TN,2018,Oct,10,2018-10-01,755783
TN,2018,Nov,11,2018-11-01,827179
TN,2018,Dec,12,2018-12-01,609386
TN,2019,Jan,1,2019-01-01,596540
TN,2019,Feb,2,2019-02-01,855330
TN,2019,Mar,3,2019-03-01,683332
TN,2019,Apr,4,2019-04-01,909396
TN,2019,May,5,2019-05-01,1119994
TN,2019,Jun,6,2019-06-01,559874
TN,2019,Jul,7,2019-07-01,757750
TN,2019,Aug,8,2019-08-01,842283
TN,2019,Sep,9,2019-09-01,548121
TN,2019,Oct,10,2019-10-01,588458
TN,2019,Nov,11,2019-11-01,869802
TN,2019,Dec,12,2019-12-01,565357
TN,2020,Jan,1,2020-01-01,656957
TN,2020,Feb,2,2020-02-01,835600
TN,2020,Mar,3,2020-03-01,500660
TN,2020,Apr,4,2020-04-01,19669
TN,2020,May,5,2020-05-01,411472
TN,2020,Jun,6,2020-06-01,674136
TN,2020,Jul,7,2020-07-01,537744
TN,2020,Aug,8,2020-08-01,496750
TN,2020,Sep,9,2020-09-01,534947
TN,2020,Oct,10,2020-10-01,618068
TN,2020,Nov,11,2020-11-01,588514
TN,2020,Dec,12,2020-12-01,743558
TN,2021,Jan,1,2021-01-01,529312
TN,2021,Feb,2,2021-02-01,826078
TN,2021,Mar,3,2021-03-01,688248
TN,2021,Apr,4,2021-04-01,541623
TN,2021,May,5,2021-05-01,273260
TN,2021,Jun,6,2021-06-01,353511
TN,2021,Jul,7,2021-07-01,500639
TN,2021,Aug,8,2021-08-01,710299
TN,2021,Sep,9,2021-09-01,551638
TN,2021,Oct,10,2021-10-01,549921
TN,2021,Nov,11,2021-11-01,749548
TN,2021,Dec,12,2021-12-01,624283
TN,2022,Jan,1,2022-01-01,538724
TN,2022,Feb,2,2022-02-01,801161
TN,2022,Mar,3,2022-03-01,708338
TN,2022,Apr,4,2022-04-01,784206
TN,2022,May,5,2022-05-01,931426
TN,2022,Jun,6,2022-06-01,534185
TN,2022,Jul,7,2022-07-01,620569
TN,2022,Aug,8,2022-08-01,802640
TN,2022,Sep,9,2022-09-01,607523
TN,2022,Oct,10,2022-10-01,625826
TN,2022,Nov,11,2022-11-01,975722
TN,2022,Dec,12,2022-12-01,695695
TN,2023,Jan,1,2023-01-01,761013
TN,2023,Feb,2,2023-02-01,935264
TN,2023,Mar,3,2023-03-01,799134
TN,2023,Apr,4,2023-04-01,914722
TN,2023,May,5,2023-05-01,1091193
TN,2023,Jun,6,2023-06-01,581406
TN,2023,Jul,7,2023-07-01,709337
TN,2023,Aug,8,2023-08-01,954982
TN,2023,Sep,9,2023-09-01,599218
TN,2023,Oct,10,2023-10-01,788908
TN,2023,Nov,11,2023-11-01,1022705
TN,2023,Dec,12,2023-12-01,791639
TN,2024,Jan,1,2024-01-01,804954
TN,2024,Feb,2,2024-02-01,1041211
TN,2024,Mar,3,2024-03-01,851425
TN,2024,Apr,4,2024-04-01,1010699
TN,2024,May,5,2024-05-01,1259193
TN,2024,Jun,6,2024-06-01,690998
TN,2024,Jul,7,2024-07-01,903607
TN,2024,Aug,8,2024-08-01,1048489
TN,2024,Sep,9,2024-09-01,726951
TN,2024,Oct,10,2024-10-01,818521
TN,2024,Nov,11,2024-11-01,1093257
TN,2024,Dec,12,2024-12-01,817464
TN,2025,Jan,1,2025-01-01,912853
TN,2025,Feb,2,2025-02-01,1040796
TN,2025,Mar,3,2025-03-01,834237
TN,2025,Apr,4,2025-04-01,1066352
TN,2025,May,5,2025-05-01,1236583
TN,2025,Jun,6,2025-06-01,712231
TN,2025,Jul,7,2025-07-01,876321
TN,2025,Aug,8,2025-08-01,1032919
TN,2025,Sep,9,2025-09-01,768468
TN,2025,Oct,10,2025-10-01,803792
TN,2025,Nov,11,2025-11-01,1125485
TN,2025,Dec,12,2025-12-01,880248
TN,2026,Jan,1,2026-01-01,886757
TN,2026,Feb,2,2026-02-01,1124986
TN,2026,Mar,3,2026-03-01,936727
TN,2026,Apr,4,2026-04-01,1075049
TN,2026,May,5,2026-05-01,1220819
TN,2026,Jun,6,2026-06-01,745758
TN,2026,Jul,7,2026-07-01,934356
TN,2026,Aug,8,2026-08-01,220906
TN,2026,Sep,9,2026-09-01,676981
TN,2026,Oct,10,2026-10-01,692827
TN,2026,Nov,11,2026-11-01,701881
TN,2026,Dec,12,2026-12-01,636336
TR,2010,Jan,1,2010-01-01,2992
TR,2010,Feb,2,2010-02-01,3442
TR,2010,Mar,3,2010-03-01,4793
TR,2010,Apr,4,2010-04-01,3928
TR,2010,May,5,2010-05-01,3887
TR,2010,Jun,6,2010-06-01,4119
TR,2010,Jul,7,2010-07-01,4140
TR,2010,Aug,8,2010-08-01,3818
TR,2010,Sep,9,2010-09-01,4012
TR,2010,Oct,10,2010-10-01,3545
TR,2010,Nov,11,2010-11-01,4367
TR,2010,Dec,12,2010-12-01,4570
TR,2011,Jan,1,2011-01-01,3929
TR,2011,Feb,2,2011-02-01,3936
TR,2011,Mar,3,2011-03-01,5496
TR,2011,Apr,4,2011-04-01,3177
TR,2011,May,5,2011-05-01,4077
TR,2011,Jun,6,2011-06-01,5204
TR,2011,Jul,7,2011-07-01,5549
TR,2011,Aug,8,2011-08-01,5053
TR,2011,Sep,9,2011-09-01,6190
TR,2011,Oct,10,2011-10-01,4576
TR,2011,Nov,11,2011-11-01,6359
TR,2011,Dec,12,2011-12-01,6661
TR,2012,Jan,1,2012-01-01,5479
TR,2012,Feb,2,2012-02-01,6473
TR,2012,Mar,3,2012-03-01,8456
TR,2012,Apr,4,2012-04-01,5440
TR,2012,May,5,2012-05-01,6574
TR,2012,Jun,6,2012-06-01,7177
TR,2012,Jul,7,2012-07-01,7430
TR,2012,Aug,8,2012-08-01,7622
TR,2012,Sep,9,2012-09-01,6728
TR,2012,Oct,10,2012-10-01,5735
TR,2012,Nov,11,2012-11-01,7102
TR,2012,Dec,12,2012-12-01,7633
TR,2013,Jan,1,2013-01-01,7587
TR,2013,Feb,2,2013-02-01,4688
TR,2013,Mar,3,2013-03-01,7927
TR,2013,Apr,4,2013-04-01,8195
TR,2013,May,5,2013-05-01,7232
TR,2013,Jun,6,2013-06-01,6530
TR,2013,Jul,7,2013-07-01,7274
TR,2013,Aug,8,2013-08-01,7100
TR,2013,Sep,9,2013-09-01,6957
TR,2013,Oct,10,2013-10-01,5737
TR,2013,Nov,11,2013-11-01,7247
TR,2013,Dec,12,2013-12-01,5954
TR,2014,Jan,1,2014-01-01,6457
TR,2014,Feb,2,2014-02-01,6648
TR,2014,Mar,3,2014-03-01,9904
TR,2014,Apr,4,2014-04-01,6390
TR,2014,May,5,2014-05-01,6927
TR,2014,Jun,6,2014-06-01,7362
TR,2014,Jul,7,2014-07-01,8117
TR,2014,Aug,8,2014-08-01,7660
TR,2014,Sep,9,2014-09-01,6827
TR,2014,Oct,10,2014-10-01,5890
TR,2014,Nov,11,2014-11-01,11159
TR,2014,Dec,12,2014-12-01,9693
TR,2015,Jan,1,2015-01-01,7635
TR,2015,Feb,2,2015-02-01,8199
TR,2015,Mar,3,2015-03-01,11095
TR,2015,Apr,4,2015-04-01,7825
TR,2015,May,5,2015-05-01,8743
TR,2015,Jun,6,2015-06-01,9391
TR,2015,Jul,7,2015-07-01,9235
TR,2015,Aug,8,2015-08-01,8727
TR,2015,Sep,9,2015-09-01,7869
TR,2015,Oct,10,2015-10-01,7052
TR,2015,Nov,11,2015-11-01,9478
TR,2015,Dec,12,2015-12-01,9037
TR,2016,Jan,1,2016-01-01,8879
TR,2016,Feb,2,2016-02-01,9765
TR,2016,Mar,3,2016-03-01,10561
TR,2016,Apr,4,2016-04-01,8251
TR,2016,May,5,2016-05-01,9993
TR,2016,Jun,6,2016-06-01,9665
TR,2016,Jul,7,2016-07-01,7406
TR,2016,Aug,8,2016-08-01,8274
TR,2016,Sep,9,2016-09-01,8165
TR,2016,Oct,10,2016-10-01,7541
TR,2016,Nov,11,2016-11-01,7629
TR,2016,Dec,12,2016-12-01,8712
TR,2017,Jan,1,2017-01-01,7984
TR,2017,Feb,2,2017-02-01,8163
TR,2017,Mar,3,2017-03-01,7871
TR,2017,Apr,4,2017-04-01,7954
TR,2017,May,5,2017-05-01,9496
TR,2017,Jun,6,2017-06-01,9451
TR,2017,Jul,7,2017-07-01,9802
TR,2017,Aug,8,2017-08-01,11385
TR,2017,Sep,9,2017-09-01,9024
TR,2017,Oct,10,2017-10-01,10396
TR,2017,Nov,11,2017-11-01,12710
TR,2017,Dec,12,2017-12-01,11238
TR,2018,Jan,1,2018-01-01,11875
TR,2018,Feb,2,2018-02-01,10384
TR,2018,Mar,3,2018-03-01,10898
TR,2018,Apr,4,2018-04-01,10893
TR,2018,May,5,2018-05-01,11936
TR,2018,Jun,6,2018-06-01,10017
TR,2018,Jul,7,2018-07-01,9100
TR,2018,Aug,8,2018-08-01,10086
TR,2018,Sep,9,2018-09-01,8831
TR,2018,Oct,10,2018-10-01,7488
TR,2018,Nov,11,2018-11-01,9901
TR,2018,Dec,12,2018-12-01,8952
TR,2019,Jan,1,2019-01-01,11446
TR,2019,Feb,2,2019-02-01,12115
TR,2019,Mar,3,2019-03-01,14795
TR,2019,Apr,4,2019-04-01,10646
TR,2019,May,5,2019-05-01,13530
TR,2019,Jun,6,2019-06-01,12257
TR,2019,Jul,7,2019-07-01,15105
TR,2019,Aug,8,2019-08-01,15207
TR,2019,Sep,9,2019-09-01,14962
TR,2019,Oct,10,2019-10-01,14787
TR,2019,Nov,11,2019-11-01,18091
TR,2019,Dec,12,2019-12-01,13260
TR,2020,Jan,1,2020-01-01,17150
TR,2020,Feb,2,2020-02-01,17704
TR,2020,Mar,3,2020-03-01,17868
TR,2020,Apr,4,2020-04-01,868
TR,2020,May,5,2020-05-01,9390
TR,2020,Jun,6,2020-06-01,13339
TR,2020,Jul,7,2020-07-01,10263
TR,2020,Aug,8,2020-08-01,11853
TR,2020,Sep,9,2020-09-01,11631
TR,2020,Oct,10,2020-10-01,12884
TR,2020,Nov,11,2020-11-01,15256
TR,2020,Dec,12,2020-12-01,17065
TR,2021,Jan,1,2021-01-01,16057
TR,2021,Feb,2,2021-02-01,16916
TR,2021,Mar,3,2021-03-01,19108
TR,2021,Apr,4,2021-04-01,13967
TR,2021,May,5,2021-05-01,11632
TR,2021,Jun,6,2021-06-01,13640
TR,2021,Jul,7,2021-07-01,14976
TR,2021,Aug,8,2021-08-01,17892
TR,2021,Sep,9,2021-09-01,16375
TR,2021,Oct,10,2021-10-01,15728
TR,2021,Nov,11,2021-11-01,18578
TR,2021,Dec,12,2021-12-01,19092
TR,2022,Jan,1,2022-01-01,17173
TR,2022,Feb,2,2022-02-01,16448
TR,2022,Mar,3,2022-03-01,21228
TR,2022,Apr,4,2022-04-01,14339
TR,2022,May,5,2022-05-01,17388
TR,2022,Jun,6,2022-06-01,16905
TR,2022,Jul,7,2022-07-01,16391
TR,2022,Aug,8,2022-08-01,15994
TR,2022,Sep,9,2022-09-01,19456
TR,2022,Oct,10,2022-10-01,14306
TR,2022,Nov,11,2022-11-01,18627
TR,2022,Dec,12,2022-12-01,20781
TR,2023,Jan,1,2023-01-01,18853
TR,2023,Feb,2,2023-02-01,16702
TR,2023,Mar,3,2023-03-01,19811
TR,2023,Apr,4,2023-04-01,17670
TR,2023,May,5,2023-05-01,20487
TR,2023,Jun,6,2023-06-01,19561
TR,2023,Jul,7,2023-07-01,21220
TR,2023,Aug,8,2023-08-01,21234
TR,2023,Sep,9,2023-09-01,20086
TR,2023,Oct,10,2023-10-01,18226
TR,2023,Nov,11,2023-11-01,22197
TR,2023,Dec,12,2023-12-01,21510
TR,2024,Jan,1,2024-01-01,23457
TR,2024,Feb,2,2024-02-01,23444
TR,2024,Mar,3,2024-03-01,29784
TR,2024,Apr,4,2024-04-01,18654
TR,2024,May,5,2024-05-01,21631
TR,2024,Jun,6,2024-06-01,22459
TR,2024,Jul,7,2024-07-01,27204
TR,2024,Aug,8,2024-08-01,17924
TR,2024,Sep,9,2024-09-01,23300
TR,2024,Oct,10,2024-10-01,24540
TR,2024,Nov,11,2024-11-01,23881
TR,2024,Dec,12,2024-12-01,23203
TR,2025,Jan,1,2025-01-01,24810
TR,2025,Feb,2,2025-02-01,25526
TR,2025,Mar,3,2025-03-01,27206
TR,2025,Apr,4,2025-04-01,22440
TR,2025,May,5,2025-05-01,22872
TR,2025,Jun,6,2025-06-01,25723
TR,2025,Jul,7,2025-07-01,25449
TR,2025,Aug,8,2025-08-01,22325
TR,2025,Sep,9,2025-09-01,21454
TR,2025,Oct,10,2025-10-01,23592
TR,2025,Nov,11,2025-11-01,23728
TR,2025,Dec,12,2025-12-01,25207
TR,2026,Jan,1,2026-01-01,25639
TR,2026,Feb,2,2026-02-01,26867
TR,2026,Mar,3,2026-03-01,29826
TR,2026,Apr,4,2026-04-01,20820
TR,2026,May,5,2026-05-01,23060
TR,2026,Jun,6,2026-06-01,27760
TR,2026,Jul,7,2026-07-01,25541
TR,2026,Aug,8,2026-08-01,6052
TR,2026,Sep,9,2026-09-01,31001
TR,2026,Oct,10,2026-10-01,29573
TR,2026,Nov,11,2026-11-01,32579
TR,2026,Dec,12,2026-12-01,25647
TS,2010,Jan,1,2010-01-01,1969975
TS,2010,Feb,2,2010-02-01,1622627
TS,2010,Mar,3,2010-03-01,1775358
TS,2010,Apr,4,2010-04-01,2438023
TS,2010,May,5,2010-05-01,1752469
TS,2010,Jun,6,2010-06-01,1522774
TS,2010,Jul,7,2010-07-01,2424960
TS,2010,Aug,8,2010-08-01,1868506
TS,2010,Sep,9,2010-09-01,1586009
TS,2010,Oct,10,2010-10-01,2393482
TS,2010,Nov,11,2010-11-01,1842260
TS,2010,Dec,12,2010-12-01,1776418
TS,2011,Jan,1,2011-01-01,2619618
TS,2011,Feb,2,2011-02-01,1985417
TS,2011,Mar,3,2011-03-01,2358180
TS,2011,Apr,4,2011-04-01,2935968
TS,2011,May,5,2011-05-01,2370476
TS,2011,Jun,6,2011-06-01,2039414
TS,2011,Jul,7,2011-07-01,2945380
TS,2011,Aug,8,2011-08-01,2340800
TS,2011,Sep,9,2011-09-01,2196479
TS,2011,Oct,10,2011-10-01,2832650
TS,2011,Nov,11,2011-11-01,2491428
TS,2011,Dec,12,2011-12-01,2312659
TS,2012,Jan,1,2012-01-01,3211738
TS,2012,Feb,2,2012-02-01,2483183
TS,2012,Mar,3,2012-03-01,2730791
TS,2012,Apr,4,2012-04-01,3535930
TS,2012,May,5,2012-05-01,2727420
TS,2012,Jun,6,2012-06-01,2374045
TS,2012,Jul,7,2012-07-01,3487262
TS,2012,Aug,8,2012-08-01,2607024
TS,2012,Sep,9,2012-09-01,2364231
TS,2012,Oct,10,2012-10-01,3543989
TS,2012,Nov,11,2012-11-01,2798445
TS,2012,Dec,12,2012-12-01,2719021
TS,2013,Jan,1,2013-01-01,3770000
TS,2013,Feb,2,2013-02-01,2891115
TS,2013,Mar,3,2013-03-01,3101347
TS,2013,Apr,4,2013-04-01,4195969
TS,2013,May,5,2013-05-01,3129817
TS,2013,Jun,6,2013-06-01,2582614
TS,2013,Jul,7,2013-07-01,3740043
TS,2013,Aug,8,2013-08-01,2806720
TS,2013,Sep,9,2013-09-01,2712262
TS,2013,Oct,10,2013-10-01,3771212
TS,2013,Nov,11,2013-11-01,2910232
TS,2013,Dec,12,2013-12-01,2999849
TS,2014,Jan,1,2014-01-01,3962752
TS,2014,Feb,2,2014-02-01,2950438
TS,2014,Mar,3,2014-03-01,3341406
TS,2014,Apr,4,2014-04-01,4180100
TS,2014,May,5,2014-05-01,3327474
TS,2014,Jun,6,2014-06-01,2963097
TS,2014,Jul,7,2014-07-01,4052009
TS,2014,Aug,8,2014-08-01,3152390
TS,2014,Sep,9,2014-09-01,3196080
TS,2014,Oct,10,2014-10-01,3800958
TS,2014,Nov,11,2014-11-01,3377779
TS,2014,Dec,12,2014-12-01,3401850
TS,2015,Jan,1,2015-01-01,4179551
TS,2015,Feb,2,2015-02-01,3431088
TS,2015,Mar,3,2015-03-01,3837650
TS,2015,Apr,4,2015-04-01,4490765
TS,2015,May,5,2015-05-01,3578587
TS,2015,Jun,6,2015-06-01,3378836
TS,2015,Jul,7,2015-07-01,4352990
TS,2015,Aug,8,2015-08-01,3480404
TS,2015,Sep,9,2015-09-01,3278022
TS,2015,Oct,10,2015-10-01,4258044
TS,2015,Nov,11,2015-11-01,3432437
TS,2015,Dec,12,2015-12-01,3632538
TS,2016,Jan,1,2016-01-01,4423218
TS,2016,Feb,2,2016-02-01,3975119
TS,2016,Mar,3,2016-03-01,4180668
TS,2016,Apr,4,2016-04-01,5338914
TS,2016,May,5,2016-05-01,4156345
TS,2016,Jun,6,2016-06-01,3666810
TS,2016,Jul,7,2016-07-01,4339940
TS,2016,Aug,8,2016-08-01,3825099
TS,2016,Sep,9,2016-09-01,3501512
TS,2016,Oct,10,2016-10-01,4441885
TS,2016,Nov,11,2016-11-01,3740319
TS,2016,Dec,12,2016-12-01,3453773
TS,2017,Jan,1,2017-01-01,4611729
TS,2017,Feb,2,2017-02-01,4023680
TS,2017,Mar,3,2017-03-01,4928686
TS,2017,Apr,4,2017-04-01,6150115
TS,2017,May,5,2017-05-01,4409384
TS,2017,Jun,6,2017-06-01,3670973
TS,2017,Jul,7,2017-07-01,4870761
TS,2017,Aug,8,2017-08-01,4004418
TS,2017,Sep,9,2017-09-01,3548520
TS,2017,Oct,10,2017-10-01,4807042
TS,2017,Nov,11,2017-11-01,4469748
TS,2017,Dec,12,2017-12-01,4058092
TS,2018,Jan,1,2018-01-01,5270561
TS,2018,Feb,2,2018-02-01,4530679
TS,2018,Mar,3,2018-03-01,4940918
TS,2018,Apr,4,2018-04-01,5887364
TS,2018,May,5,2018-05-01,5030486
TS,2018,Jun,6,2018-06-01,4104361
TS,2018,Jul,7,2018-07-01,5520225
TS,2018,Aug,8,2018-08-01,4533993
TS,2018,Sep,9,2018-09-01,4824206
TS,2018,Oct,10,2018-10-01,6158159
TS,2018,Nov,11,2018-11-01,4881320
TS,2018,Dec,12,2018-12-01,4842962
TS,2019,Jan,1,2019-01-01,5910688
TS,2019,Feb,2,2019-02-01,4880609
TS,2019,Mar,3,2019-03-01,5389586
TS,2019,Apr,4,2019-04-01,6192271
TS,2019,May,5,2019-05-01,5288967
TS,2019,Jun,6,2019-06-01,4294011
TS,2019,Jul,7,2019-07-01,5804783
TS,2019,Aug,8,2019-08-01,4653356
TS,2019,Sep,9,2019-09-01,4566397
TS,2019,Oct,10,2019-10-01,5310373
TS,2019,Nov,11,2019-11-01,5150736
TS,2019,Dec,12,2019-12-01,4598250
TS,2020,Jan,1,2020-01-01,5640959
TS,2020,Feb,2,2020-02-01,5186242
TS,2020,Mar,3,2020-03-01,4148199
TS,2020,Apr,4,2020-04-01,468943
TS,2020,May,5,2020-05-01,1363710
TS,2020,Jun,6,2020-06-01,3726111
TS,2020,Jul,7,2020-07-01,3500955
TS,2020,Aug,8,2020-08-01,3031602
TS,2020,Sep,9,2020-09-01,3648135
TS,2020,Oct,10,2020-10-01,4037286
TS,2020,Nov,11,2020-11-01,3697323
TS,2020,Dec,12,2020-12-01,4708473
TS,2021,Jan,1,2021-01-01,4619712
TS,2021,Feb,2,2021-02-01,4621676
TS,2021,Mar,3,2021-03-01,5286072
TS,2021,Apr,4,2021-04-01,3863292
TS,2021,May,5,2021-05-01,1337467
TS,2021,Jun,6,2021-06-01,2905463
TS,2021,Jul,7,2021-07-01,4290175
TS,2021,Aug,8,2021-08-01,4517138
TS,2021,Sep,9,2021-09-01,4708455
TS,2021,Oct,10,2021-10-01,4744605
TS,2021,Nov,11,2021-11-01,4800095
TS,2021,Dec,12,2021-12-01,5214777
TS,2022,Jan,1,2022-01-01,5149100
TS,2022,Feb,2,2022-02-01,5015891
TS,2022,Mar,3,2022-03-01,5774348
TS,2022,Apr,4,2022-04-01,5784207
TS,2022,May,5,2022-05-01,4720694
TS,2022,Jun,6,2022-06-01,4721124
TS,2022,Jul,7,2022-07-01,5368640
TS,2022,Aug,8,2022-08-01,4906473
TS,2022,Sep,9,2022-09-01,5101663
TS,2022,Oct,10,2022-10-01,5397402
TS,2022,Nov,11,2022-11-01,5905677
TS,2022,Dec,12,2022-12-01,5729877
TS,2023,Jan,1,2023-01-01,6460107
TS,2023,Feb,2,2023-02-01,5918372
TS,2023,Mar,3,2023-03-01,6897826
TS,2023,Apr,4,2023-04-01,6933766
TS,2023,May,5,2023-05-01,6138463
TS,2023,Jun,6,2023-06-01,5583441
TS,2023,Jul,7,2023-07-01,6589063
TS,2023,Aug,8,2023-08-01,6184569
TS,2023,Sep,9,2023-09-01,6056260
TS,2023,Oct,10,2023-10-01,7300243
TS,2023,Nov,11,2023-11-01,6478763
TS,2023,Dec,12,2023-12-01,6746975
TS,2024,Jan,1,2024-01-01,7980932
TS,2024,Feb,2,2024-02-01,7071417
TS,2024,Mar,3,2024-03-01,7248040
TS,2024,Apr,4,2024-04-01,8080675
TS,2024,May,5,2024-05-01,6683666
TS,2024,Jun,6,2024-06-01,5770451
TS,2024,Jul,7,2024-07-01,7449803
TS,2024,Aug,8,2024-08-01,6348539
TS,2024,Sep,9,2024-09-01,6253122
TS,2024,Oct,10,2024-10-01,7418714
TS,2024,Nov,11,2024-11-01,6783962
TS,2024,Dec,12,2024-12-01,6902743
TS,2025,Jan,1,2025-01-01,8396369
TS,2025,Feb,2,2025-02-01,6887598
TS,2025,Mar,3,2025-03-01,7576643
TS,2025,Apr,4,2025-04-01,8275416
TS,2025,May,5,2025-05-01,6878690
TS,2025,Jun,6,2025-06-01,6191446
TS,2025,Jul,7,2025-07-01,7738579
TS,2025,Aug,8,2025-08-01,6434516
TS,2025,Sep,9,2025-09-01,6556969
TS,2025,Oct,10,2025-10-01,7905556
TS,2025,Nov,11,2025-11-01,7484460
TS,2025,Dec,12,2025-12-01,7768437
TS,2026,Jan,1,2026-01-01,8675694
TS,2026,Feb,2,2026-02-01,7490252
TS,2026,Mar,3,2026-03-01,7870232
TS,2026,Apr,4,2026-04-01,8605497
TS,2026,May,5,2026-05-01,6747859
TS,2026,Jun,6,2026-06-01,6727340
TS,2026,Jul,7,2026-07-01,7856180
TS,2026,Aug,8,2026-08-01,1534268
TS,2026,Sep,9,2026-09-01,7363627
TS,2026,Oct,10,2026-10-01,7157085
TS,2026,Nov,11,2026-11-01,6916976
TS,2026,Dec,12,2026-12-01,6893255
UK,2010,Jan,1,2010-01-01,39106
UK,2010,Feb,2,2010-02-01,58342
UK,2010,Mar,3,2010-03-01,40087
UK,2010,Apr,4,2010-04-01,81205
UK,2010,May,5,2010-05-01,28076
UK,2010,Jun,6,2010-06-01,39096
UK,2010,Jul,7,2010-07-01,75706
UK,2010,Aug,8,2010-08-01,26977
UK,2010,Sep,9,2010-09-01,29715
UK,2010,Oct,10,2010-10-01,81829
UK,2010,Nov,11,2010-11-01,33632
UK,2010,Dec,12,2010-12-01,37150
UK,2011,Jan,1,2011-01-01,92492
UK,2011,Feb,2,2011-02-01,32645
UK,2011,Mar,3,2011-03-01,44413
UK,2011,Apr,4,2011-04-01,93328
UK,2011,May,5,2011-05-01,54707
UK,2011,Jun,6,2011-06-01,69925
UK,2011,Jul,7,2011-07-01,132661
UK,2011,Aug,8,2011-08-01,42571
UK,2011,Sep,9,2011-09-01,66583
UK,2011,Oct,10,2011-10-01,153581
UK,2011,Nov,11,2011-11-01,56412
UK,2011,Dec,12,2011-12-01,72525
UK,2012,Jan,1,2012-01-01,159703
UK,2012,Feb,2,2012-02-01,65784
UK,2012,Mar,3,2012-03-01,81728
UK,2012,Apr,4,2012-04-01,167114
UK,2012,May,5,2012-05-01,62954
UK,2012,Jun,6,2012-06-01,70353
UK,2012,Jul,7,2012-07-01,143137
UK,2012,Aug,8,2012-08-01,48198
UK,2012,Sep,9,2012-09-01,58867
UK,2012,Oct,10,2012-10-01,151776
UK,2012,Nov,11,2012-11-01,58235
UK,2012,Dec,12,2012-12-01,50159
UK,2013,Jan,1,2013-01-01,140109
UK,2013,Feb,2,2013-02-01,94368
UK,2013,Mar,3,2013-03-01,75710
UK,2013,Apr,4,2013-04-01,112604
UK,2013,May,5,2013-05-01,67409
UK,2013,Jun,6,2013-06-01,56819
UK,2013,Jul,7,2013-07-01,87959
UK,2013,Aug,8,2013-08-01,39955
UK,2013,Sep,9,2013-09-01,50594
UK,2013,Oct,10,2013-10-01,95171
UK,2013,Nov,11,2013-11-01,69846
UK,2013,Dec,12,2013-12-01,73138
UK,2014,Jan,1,2014-01-01,127561
UK,2014,Feb,2,2014-02-01,65993
UK,2014,Mar,3,2014-03-01,66070
UK,2014,Apr,4,2014-04-01,116496
UK,2014,May,5,2014-05-01,61060
UK,2014,Jun,6,2014-06-01,52900
UK,2014,Jul,7,2014-07-01,83227
UK,2014,Aug,8,2014-08-01,44725
UK,2014,Sep,9,2014-09-01,58134
UK,2014,Oct,10,2014-10-01,86196
UK,2014,Nov,11,2014-11-01,86597
UK,2014,Dec,12,2014-12-01,76594
UK,2015,Jan,1,2015-01-01,118527
UK,2015,Feb,2,2015-02-01,71289
UK,2015,Mar,3,2015-03-01,75265
UK,2015,Apr,4,2015-04-01,103098
UK,2015,May,5,2015-05-01,74800
UK,2015,Jun,6,2015-06-01,66796
UK,2015,Jul,7,2015-07-01,92508
UK,2015,Aug,8,2015-08-01,52421
UK,2015,Sep,9,2015-09-01,60011
UK,2015,Oct,10,2015-10-01,99634
UK,2015,Nov,11,2015-11-01,70940
UK,2015,Dec,12,2015-12-01,89402
UK,2016,Jan,1,2016-01-01,121832
UK,2016,Feb,2,2016-02-01,75164
UK,2016,Mar,3,2016-03-01,76649
UK,2016,Apr,4,2016-04-01,109184
UK,2016,May,5,2016-05-01,87018
UK,2016,Jun,6,2016-06-01,77368
UK,2016,Jul,7,2016-07-01,94532
UK,2016,Aug,8,2016-08-01,63400
UK,2016,Sep,9,2016-09-01,77424
UK,2016,Oct,10,2016-10-01,101586
UK,2016,Nov,11,2016-11-01,93042
UK,2016,Dec,12,2016-12-01,87288
UK,2017,Jan,1,2017-01-01,131678
UK,2017,Feb,2,2017-02-01,82802
UK,2017,Mar,3,2017-03-01,108010
UK,2017,Apr,4,2017-04-01,132031
UK,2017,May,5,2017-05-01,115577
UK,2017,Jun,6,2017-06-01,83932
UK,2017,Jul,7,2017-07-01,115608
UK,2017,Aug,8,2017-08-01,79285
UK,2017,Sep,9,2017-09-01,86545
UK,2017,Oct,10,2017-10-01,138668
UK,2017,Nov,11,2017-11-01,123549
UK,2017,Dec,12,2017-12-01,113752
UK,2018,Jan,1,2018-01-01,158112
UK,2018,Feb,2,2018-02-01,116913
UK,2018,Mar,3,2018-03-01,122212
UK,2018,Apr,4,2018-04-01,155349
UK,2018,May,5,2018-05-01,134207
UK,2018,Jun,6,2018-06-01,105574
UK,2018,Jul,7,2018-07-01,135622
UK,2018,Aug,8,2018-08-01,94678
UK,2018,Sep,9,2018-09-01,109009
UK,2018,Oct,10,2018-10-01,156338
UK,2018,Nov,11,2018-11-01,135582
UK,2018,Dec,12,2018-12-01,123579
UK,2019,Jan,1,2019-01-01,162100
UK,2019,Feb,2,2019-02-01,128248
UK,2019,Mar,3,2019-03-01,128519
UK,2019,Apr,4,2019-04-01,162606
UK,2019,May,5,2019-05-01,140484
UK,2019,Jun,6,2019-06-01,106761
UK,2019,Jul,7,2019-07-01,139010
UK,2019,Aug,8,2019-08-01,106226
UK,2019,Sep,9,2019-09-01,115365
UK,2019,Oct,10,2019-10-01,137696
UK,2019,Nov,11,2019-11-01,147530
UK,2019,Dec,12,2019-12-01,119320
UK,2020,Jan,1,2020-01-01,158907
UK,2020,Feb,2,2020-02-01,133666
UK,2020,Mar,3,2020-03-01,67033
UK,2020,Apr,4,2020-04-01,7319
UK,2020,May,5,2020-05-01,10328
UK,2020,Jun,6,2020-06-01,38566
UK,2020,Jul,7,2020-07-01,82598
UK,2020,Aug,8,2020-08-01,66048
UK,2020,Sep,9,2020-09-01,74618
UK,2020,Oct,10,2020-10-01,111223
UK,2020,Nov,11,2020-11-01,95237
UK,2020,Dec,12,2020-12-01,126866
UK,2021,Jan,1,2021-01-01,134831
UK,2021,Feb,2,2021-02-01,120025
UK,2021,Mar,3,2021-03-01,127449
UK,2021,Apr,4,2021-04-01,99702
UK,2021,May,5,2021-05-01,29482
UK,2021,Jun,6,2021-06-01,50473
UK,2021,Jul,7,2021-07-01,115014
UK,2021,Aug,8,2021-08-01,102366
UK,2021,Sep,9,2021-09-01,112205
UK,2021,Oct,10,2021-10-01,146567
UK,2021,Nov,11,2021-11-01,104186
UK,2021,Dec,12,2021-12-01,136923
UK,2022,Jan,1,2022-01-01,124165
UK,2022,Feb,2,2022-02-01,97732
UK,2022,Mar,3,2022-03-01,130306
UK,2022,Apr,4,2022-04-01,145055
UK,2022,May,5,2022-05-01,136701
UK,2022,Jun,6,2022-06-01,109578
UK,2022,Jul,7,2022-07-01,133794
UK,2022,Aug,8,2022-08-01,114582
UK,2022,Sep,9,2022-09-01,120439
UK,2022,Oct,10,2022-10-01,134514
UK,2022,Nov,11,2022-11-01,130662
UK,2022,Dec,12,2022-12-01,136526
UK,2023,Jan,1,2023-01-01,176934
UK,2023,Feb,2,2023-02-01,153945
UK,2023,Mar,3,2023-03-01,206446
UK,2023,Apr,4,2023-04-01,182716
UK,2023,May,5,2023-05-01,147976
UK,2023,Jun,6,2023-06-01,141791
UK,2023,Jul,7,2023-07-01,152205
UK,2023,Aug,8,2023-08-01,132973
UK,2023,Sep,9,2023-09-01,152513
UK,2023,Oct,10,2023-10-01,169005
UK,2023,Nov,11,2023-11-01,137015
UK,2023,Dec,12,2023-12-01,161728
UK,2024,Jan,1,2024-01-01,205403
UK,2024,Feb,2,2024-02-01,158130
UK,2024,Mar,3,2024-03-01,154073
UK,2024,Apr,4,2024-04-01,168031
UK,2024,May,5,2024-05-01,192081
UK,2024,Jun,6,2024-06-01,133572
UK,2024,Jul,7,2024-07-01,160584
UK,2024,Aug,8,2024-08-01,142836
UK,2024,Sep,9,2024-09-01,158046
UK,2024,Oct,10,2024-10-01,175587
UK,2024,Nov,11,2024-11-01,163690
UK,2024,Dec,12,2024-12-01,173201
UK,2025,Jan,1,2025-01-01,211137
UK,2025,Feb,2,2025-02-01,164625
UK,2025,Mar,3,2025-03-01,164147
UK,2025,Apr,4,2025-04-01,200656
UK,2025,May,5,2025-05-01,174781
UK,2025,Jun,6,2025-06-01,158803
UK,2025,Jul,7,2025-07-01,158211
UK,2025,Aug,8,2025-08-01,140229
UK,2025,Sep,9,2025-09-01,154879
UK,2025,Oct,10,2025-10-01,174516
UK,2025,Nov,11,2025-11-01,161167
UK,2025,Dec,12,2025-12-01,201514
UK,2026,Jan,1,2026-01-01,208630
UK,2026,Feb,2,2026-02-01,179404
UK,2026,Mar,3,2026-03-01,178029
UK,2026,Apr,4,2026-04-01,214689
UK,2026,May,5,2026-05-01,189267
UK,2026,Jun,6,2026-06-01,170400
UK,2026,Jul,7,2026-07-01,183365
UK,2026,Aug,8,2026-08-01,53752
UK,2026,Sep,9,2026-09-01,83197
UK,2026,Oct,10,2026-10-01,76480
UK,2026,Nov,11,2026-11-01,67333
UK,2026,Dec,12,2026-12-01,76886
UP,2010,Jan,1,2010-01-01,62674
UP,2010,Feb,2,2010-02-01,35063
UP,2010,Mar,3,2010-03-01,42299
UP,2010,Apr,4,2010-04-01,57250
UP,2010,May,5,2010-05-01,40716
UP,2010,Jun,6,2010-06-01,49794
UP,2010,Jul,7,2010-07-01,88338
UP,2010,Aug,8,2010-08-01,65561
UP,2010,Sep,9,2010-09-01,71524
UP,2010,Oct,10,2010-10-01,110927
UP,2010,Nov,11,2010-11-01,83317
UP,2010,Dec,12,2010-12-01,122246
UP,2011,Jan,1,2011-01-01,187319
UP,2011,Feb,2,2011-02-01,107946
UP,2011,Mar,3,2011-03-01,125561
UP,2011,Apr,4,2011-04-01,179522
UP,2011,May,5,2011-05-01,107457
UP,2011,Jun,6,2011-06-01,126767
UP,2011,Jul,7,2011-07-01,200743
UP,2011,Aug,8,2011-08-01,120043
UP,2011,Sep,9,2011-09-01,154190
UP,2011,Oct,10,2011-10-01,210557
UP,2011,Nov,11,2011-11-01,155482
UP,2011,Dec,12,2011-12-01,192706
UP,2012,Jan,1,2012-01-01,269720
UP,2012,Feb,2,2012-02-01,144866
UP,2012,Mar,3,2012-03-01,180907
UP,2012,Apr,4,2012-04-01,230209
UP,2012,May,5,2012-05-01,168823
UP,2012,Jun,6,2012-06-01,163367
UP,2012,Jul,7,2012-07-01,231571
UP,2012,Aug,8,2012-08-01,156242
UP,2012,Sep,9,2012-09-01,180287
UP,2012,Oct,10,2012-10-01,268344
UP,2012,Nov,11,2012-11-01,187989
UP,2012,Dec,12,2012-12-01,240765
UP,2013,Jan,1,2013-01-01,336463
UP,2013,Feb,2,2013-02-01,197656
UP,2013,Mar,3,2013-03-01,210884
UP,2013,Apr,4,2013-04-01,281867
UP,2013,May,5,2013-05-01,180689
UP,2013,Jun,6,2013-06-01,190387
UP,2013,Jul,7,2013-07-01,268257
UP,2013,Aug,8,2013-08-01,168944
UP,2013,Sep,9,2013-09-01,203603
UP,2013,Oct,10,2013-10-01,266251
UP,2013,Nov,11,2013-11-01,157870
UP,2013,Dec,12,2013-12-01,250360
UP,2014,Jan,1,2014-01-01,311148
UP,2014,Feb,2,2014-02-01,189573
UP,2014,Mar,3,2014-03-01,212817
UP,2014,Apr,4,2014-04-01,254252
UP,2014,May,5,2014-05-01,189502
UP,2014,Jun,6,2014-06-01,201686
UP,2014,Jul,7,2014-07-01,262176
UP,2014,Aug,8,2014-08-01,191198
UP,2014,Sep,9,2014-09-01,220490
UP,2014,Oct,10,2014-10-01,258050
UP,2014,Nov,11,2014-11-01,208324
UP,2014,Dec,12,2014-12-01,251133
UP,2015,Jan,1,2015-01-01,307977
UP,2015,Feb,2,2015-02-01,218502
UP,2015,Mar,3,2015-03-01,234829
UP,2015,Apr,4,2015-04-01,279376
UP,2015,May,5,2015-05-01,201489
UP,2015,Jun,6,2015-06-01,224786
UP,2015,Jul,7,2015-07-01,284177
UP,2015,Aug,8,2015-08-01,204955
UP,2015,Sep,9,2015-09-01,217429
UP,2015,Oct,10,2015-10-01,256532
UP,2015,Nov,11,2015-11-01,202696
UP,2015,Dec,12,2015-12-01,258936
UP,2016,Jan,1,2016-01-01,332628
UP,2016,Feb,2,2016-02-01,257574
UP,2016,Mar,3,2016-03-01,273597
UP,2016,Apr,4,2016-04-01,295763
UP,2016,May,5,2016-05-01,253885
UP,2016,Jun,6,2016-06-01,257047
UP,2016,Jul,7,2016-07-01,276143
UP,2016,Aug,8,2016-08-01,221093
UP,2016,Sep,9,2016-09-01,250768
UP,2016,Oct,10,2016-10-01,288739
UP,2016,Nov,11,2016-11-01,240303
UP,2016,Dec,12,2016-12-01,222684
UP,2017,Jan,1,2017-01-01,310156
UP,2017,Feb,2,2017-02-01,260851
UP,2017,Mar,3,2017-03-01,326459
UP,2017,Apr,4,2017-04-01,302778
UP,2017,May,5,2017-05-01,268085
UP,2017,Jun,6,2017-06-01,264907
UP,2017,Jul,7,2017-07-01,321758
UP,2017,Aug,8,2017-08-01,266758
UP,2017,Sep,9,2017-09-01,253655
UP,2017,Oct,10,2017-10-01,336835
UP,2017,Nov,11,2017-11-01,268496
UP,2017,Dec,12,2017-12-01,281980
UP,2018,Jan,1,2018-01-01,365808
UP,2018,Feb,2,2018-02-01,291313
UP,2018,Mar,3,2018-03-01,299378
UP,2018,Apr,4,2018-04-01,350449
UP,2018,May,5,2018-05-01,325238
UP,2018,Jun,6,2018-06-01,298060
UP,2018,Jul,7,2018-07-01,358745
UP,2018,Aug,8,2018-08-01,356640
UP,2018,Sep,9,2018-09-01,430459
UP,2018,Oct,10,2018-10-01,437323
UP,2018,Nov,11,2018-11-01,330534
UP,2018,Dec,12,2018-12-01,355383
UP,2019,Jan,1,2019-01-01,396248
UP,2019,Feb,2,2019-02-01,317588
UP,2019,Mar,3,2019-03-01,345707
UP,2019,Apr,4,2019-04-01,369731
UP,2019,May,5,2019-05-01,340445
UP,2019,Jun,6,2019-06-01,312498
UP,2019,Jul,7,2019-07-01,356522
UP,2019,Aug,8,2019-08-01,302007
UP,2019,Sep,9,2019-09-01,318109
UP,2019,Oct,10,2019-10-01,351318
UP,2019,Nov,11,2019-11-01,338910
UP,2019,Dec,12,2019-12-01,307519
UP,2020,Jan,1,2020-01-01,359923
UP,2020,Feb,2,2020-02-01,316576
UP,2020,Mar,3,2020-03-01,227649
UP,2020,Apr,4,2020-04-01,33456
UP,2020,May,5,2020-05-01,54347
UP,2020,Jun,6,2020-06-01,199627
UP,2020,Jul,7,2020-07-01,195423
UP,2020,Aug,8,2020-08-01,182043
UP,2020,Sep,9,2020-09-01,227474
UP,2020,Oct,10,2020-10-01,258975
UP,2020,Nov,11,2020-11-01,231854
UP,2020,Dec,12,2020-12-01,287663
UP,2021,Jan,1,2021-01-01,305769
UP,2021,Feb,2,2021-02-01,278659
UP,2021,Mar,3,2021-03-01,313131
UP,2021,Apr,4,2021-04-01,212263
UP,2021,May,5,2021-05-01,91881
UP,2021,Jun,6,2021-06-01,229054
UP,2021,Jul,7,2021-07-01,248193
UP,2021,Aug,8,2021-08-01,226335
UP,2021,Sep,9,2021-09-01,296859
UP,2021,Oct,10,2021-10-01,310403
UP,2021,Nov,11,2021-11-01,320223
UP,2021,Dec,12,2021-12-01,337282
UP,2022,Jan,1,2022-01-01,336729
UP,2022,Feb,2,2022-02-01,281954
UP,2022,Mar,3,2022-03-01,337064
UP,2022,Apr,4,2022-04-01,333748
UP,2022,May,5,2022-05-01,295564
UP,2022,Jun,6,2022-06-01,312964
UP,2022,Jul,7,2022-07-01,358616
UP,2022,Aug,8,2022-08-01,346380
UP,2022,Sep,9,2022-09-01,357534
UP,2022,Oct,10,2022-10-01,329467
UP,2022,Nov,11,2022-11-01,372690
UP,2022,Dec,12,2022-12-01,355397
UP,2023,Jan,1,2023-01-01,395030
UP,2023,Feb,2,2023-02-01,378066
UP,2023,Mar,3,2023-03-01,408825
UP,2023,Apr,4,2023-04-01,378900
UP,2023,May,5,2023-05-01,359465
UP,2023,Jun,6,2023-06-01,359065
UP,2023,Jul,7,2023-07-01,375541
UP,2023,Aug,8,2023-08-01,368815
UP,2023,Sep,9,2023-09-01,397467
UP,2023,Oct,10,2023-10-01,423526
UP,2023,Nov,11,2023-11-01,396916
UP,2023,Dec,12,2023-12-01,430147
UP,2024,Jan,1,2024-01-01,428855
UP,2024,Feb,2,2024-02-01,408852
UP,2024,Mar,3,2024-03-01,412427
UP,2024,Apr,4,2024-04-01,400580
UP,2024,May,5,2024-05-01,390215
UP,2024,Jun,6,2024-06-01,371820
UP,2024,Jul,7,2024-07-01,415380
UP,2024,Aug,8,2024-08-01,390284
UP,2024,Sep,9,2024-09-01,399568
UP,2024,Oct,10,2024-10-01,442996
UP,2024,Nov,11,2024-11-01,444736
UP,2024,Dec,12,2024-12-01,449908
UP,2025,Jan,1,2025-01-01,492246
UP,2025,Feb,2,2025-02-01,422641
UP,2025,Mar,3,2025-03-01,416355
UP,2025,Apr,4,2025-04-01,461225
UP,2025,May,5,2025-05-01,406784
UP,2025,Jun,6,2025-06-01,358121
UP,2025,Jul,7,2025-07-01,399062
UP,2025,Aug,8,2025-08-01,359329
UP,2025,Sep,9,2025-09-01,384125
UP,2025,Oct,10,2025-10-01,424067
UP,2025,Nov,11,2025-11-01,442198
UP,2025,Dec,12,2025-12-01,414550
UP,2026,Jan,1,2026-01-01,408914
UP,2026,Feb,2,2026-02-01,369384
UP,2026,Mar,3,2026-03-01,361299
UP,2026,Apr,4,2026-04-01,381823
UP,2026,May,5,2026-05-01,343816
UP,2026,Jun,6,2026-06-01,338415
UP,2026,Jul,7,2026-07-01,353457
UP,2026,Aug,8,2026-08-01,62405
UP,2026,Sep,9,2026-09-01,767393
UP,2026,Oct,10,2026-10-01,713786
UP,2026,Nov,11,2026-11-01,580756
UP,2026,Dec,12,2026-12-01,707770
WB,2010,Jan,1,2010-01-01,306831
WB,2010,Feb,2,2010-02-01,321632
WB,2010,Mar,3,2010-03-01,362138
WB,2010,Apr,4,2010-04-01,300804
WB,2010,May,5,2010-05-01,313532
WB,2010,Jun,6,2010-06-01,323635
WB,2010,Jul,7,2010-07-01,333424
WB,2010,Aug,8,2010-08-01,335130
WB,2010,Sep,9,2010-09-01,331246
WB,2010,Oct,10,2010-10-01,300788
WB,2010,Nov,11,2010-11-01,340252
WB,2010,Dec,12,2010-12-01,382146
WB,2011,Jan,1,2011-01-01,431713
WB,2011,Feb,2,2011-02-01,417820
WB,2011,Mar,3,2011-03-01,583941
WB,2011,Apr,4,2011-04-01,462856
WB,2011,May,5,2011-05-01,528458
WB,2011,Jun,6,2011-06-01,533523
WB,2011,Jul,7,2011-07-01,521944
WB,2011,Aug,8,2011-08-01,551637
WB,2011,Sep,9,2011-09-01,627571
WB,2011,Oct,10,2011-10-01,428173
WB,2011,Nov,11,2011-11-01,593556
WB,2011,Dec,12,2011-12-01,606842
WB,2012,Jan,1,2012-01-01,575820
WB,2012,Feb,2,2012-02-01,589328
WB,2012,Mar,3,2012-03-01,634088
WB,2012,Apr,4,2012-04-01,575086
WB,2012,May,5,2012-05-01,571119
WB,2012,Jun,6,2012-06-01,565255
WB,2012,Jul,7,2012-07-01,581346
WB,2012,Aug,8,2012-08-01,574940
WB,2012,Sep,9,2012-09-01,523650
WB,2012,Oct,10,2012-10-01,535028
WB,2012,Nov,11,2012-11-01,590396
WB,2012,Dec,12,2012-12-01,619975
WB,2013,Jan,1,2013-01-01,634482
WB,2013,Feb,2,2013-02-01,581188
WB,2013,Mar,3,2013-03-01,603845
WB,2013,Apr,4,2013-04-01,653768
WB,2013,May,5,2013-05-01,584800
WB,2013,Jun,6,2013-06-01,540018
WB,2013,Jul,7,2013-07-01,580287
WB,2013,Aug,8,2013-08-01,540715
WB,2013,Sep,9,2013-09-01,587637
WB,2013,Oct,10,2013-10-01,542672
WB,2013,Nov,11,2013-11-01,561439
WB,2013,Dec,12,2013-12-01,619563
WB,2014,Jan,1,2014-01-01,609511
WB,2014,Feb,2,2014-02-01,570192
WB,2014,Mar,3,2014-03-01,599241
WB,2014,Apr,4,2014-04-01,525660
WB,2014,May,5,2014-05-01,540964
WB,2014,Jun,6,2014-06-01,568659
WB,2014,Jul,7,2014-07-01,574819
WB,2014,Aug,8,2014-08-01,561785
WB,2014,Sep,9,2014-09-01,601192
WB,2014,Oct,10,2014-10-01,500578
WB,2014,Nov,11,2014-11-01,580124
WB,2014,Dec,12,2014-12-01,658431
WB,2015,Jan,1,2015-01-01,590575
WB,2015,Feb,2,2015-02-01,622036
WB,2015,Mar,3,2015-03-01,665900
WB,2015,Apr,4,2015-04-01,549525
WB,2015,May,5,2015-05-01,590112
WB,2015,Jun,6,2015-06-01,630710
WB,2015,Jul,7,2015-07-01,618780
WB,2015,Aug,8,2015-08-01,606931
WB,2015,Sep,9,2015-09-01,597290
WB,2015,Oct,10,2015-10-01,538453
WB,2015,Nov,11,2015-11-01,623576
WB,2015,Dec,12,2015-12-01,710847
WB,2016,Jan,1,2016-01-01,629203
WB,2016,Feb,2,2016-02-01,710978
WB,2016,Mar,3,2016-03-01,708912
WB,2016,Apr,4,2016-04-01,563432
WB,2016,May,5,2016-05-01,694297
WB,2016,Jun,6,2016-06-01,673385
WB,2016,Jul,7,2016-07-01,597683
WB,2016,Aug,8,2016-08-01,690367
WB,2016,Sep,9,2016-09-01,661941
WB,2016,Oct,10,2016-10-01,552067
WB,2016,Nov,11,2016-11-01,676754
WB,2016,Dec,12,2016-12-01,676797
WB,2017,Jan,1,2017-01-01,646989
WB,2017,Feb,2,2017-02-01,634707
WB,2017,Mar,3,2017-03-01,765093
WB,2017,Apr,4,2017-04-01,578425
WB,2017,May,5,2017-05-01,649551
WB,2017,Jun,6,2017-06-01,609101
WB,2017,Jul,7,2017-07-01,615163
WB,2017,Aug,8,2017-08-01,655025
WB,2017,Sep,9,2017-09-01,564778
WB,2017,Oct,10,2017-10-01,543676
WB,2017,Nov,11,2017-11-01,690834
WB,2017,Dec,12,2017-12-01,667194
WB,2018,Jan,1,2018-01-01,673379
WB,2018,Feb,2,2018-02-01,714109
WB,2018,Mar,3,2018-03-01,722810
WB,2018,Apr,4,2018-04-01,670275
WB,2018,May,5,2018-05-01,699993
WB,2018,Jun,6,2018-06-01,639578
WB,2018,Jul,7,2018-07-01,722210
WB,2018,Aug,8,2018-08-01,741366
WB,2018,Sep,9,2018-09-01,632529
WB,2018,Oct,10,2018-10-01,633437
WB,2018,Nov,11,2018-11-01,722167
WB,2018,Dec,12,2018-12-01,767704
WB,2019,Jan,1,2019-01-01,912680
WB,2019,Feb,2,2019-02-01,793340
WB,2019,Mar,3,2019-03-01,804926
WB,2019,Apr,4,2019-04-01,725232
WB,2019,May,5,2019-05-01,717467
WB,2019,Jun,6,2019-06-01,691570
WB,2019,Jul,7,2019-07-01,814007
WB,2019,Aug,8,2019-08-01,734423
WB,2019,Sep,9,2019-09-01,782484
WB,2019,Oct,10,2019-10-01,531921
WB,2019,Nov,11,2019-11-01,796578
WB,2019,Dec,12,2019-12-01,768465
WB,2020,Jan,1,2020-01-01,740696
WB,2020,Feb,2,2020-02-01,965907
WB,2020,Mar,3,2020-03-01,703120
WB,2020,Apr,4,2020-04-01,47946
WB,2020,May,5,2020-05-01,195253
WB,2020,Jun,6,2020-06-01,841762
WB,2020,Jul,7,2020-07-01,604084
WB,2020,Aug,8,2020-08-01,652878
WB,2020,Sep,9,2020-09-01,772967
WB,2020,Oct,10,2020-10-01,527614
WB,2020,Nov,11,2020-11-01,663062
WB,2020,Dec,12,2020-12-01,842475
WB,2021,Jan,1,2021-01-01,728183
WB,2021,Feb,2,2021-02-01,776349
WB,2021,Mar,3,2021-03-01,833346
WB,2021,Apr,4,2021-04-01,480565
WB,2021,May,5,2021-05-01,289988
WB,2021,Jun,6,2021-06-01,512417
WB,2021,Jul,7,2021-07-01,769089
WB,2021,Aug,8,2021-08-01,1027278
WB,2021,Sep,9,2021-09-01,865738
WB,2021,Oct,10,2021-10-01,519212
WB,2021,Nov,11,2021-11-01,696169
WB,2021,Dec,12,2021-12-01,926750
WB,2022,Jan,1,2022-01-01,750767
WB,2022,Feb,2,2022-02-01,869661
WB,2022,Mar,3,2022-03-01,934332
WB,2022,Apr,4,2022-04-01,786303
WB,2022,May,5,2022-05-01,788289
WB,2022,Jun,6,2022-06-01,839041
WB,2022,Jul,7,2022-07-01,797667
WB,2022,Aug,8,2022-08-01,801971
WB,2022,Sep,9,2022-09-01,829966
WB,2022,Oct,10,2022-10-01,574589
WB,2022,Nov,11,2022-11-01,920310
WB,2022,Dec,12,2022-12-01,907149
WB,2023,Jan,1,2023-01-01,854268
WB,2023,Feb,2,2023-02-01,926649
WB,2023,Mar,3,2023-03-01,960771
WB,2023,Apr,4,2023-04-01,755235
WB,2023,May,5,2023-05-01,835696
WB,2023,Jun,6,2023-06-01,776276
WB,2023,Jul,7,2023-07-01,825836
WB,2023,Aug,8,2023-08-01,872047
WB,2023,Sep,9,2023-09-01,833669
WB,2023,Oct,10,2023-10-01,780372
WB,2023,Nov,11,2023-11-01,868929
WB,2023,Dec,12,2023-12-01,955082
WB,2024,Jan,1,2024-01-01,1343920
WB,2024,Feb,2,2024-02-01,1100913
WB,2024,Mar,3,2024-03-01,1011168
WB,2024,Apr,4,2024-04-01,825004
WB,2024,May,5,2024-05-01,830595
WB,2024,Jun,6,2024-06-01,820030
WB,2024,Jul,7,2024-07-01,945065
WB,2024,Aug,8,2024-08-01,866056
WB,2024,Sep,9,2024-09-01,881068
WB,2024,Oct,10,2024-10-01,762335
WB,2024,Nov,11,2024-11-01,866392
WB,2024,Dec,12,2024-12-01,978233
WB,2025,Jan,1,2025-01-01,984569
WB,2025,Feb,2,2025-02-01,903413
WB,2025,Mar,3,2025-03-01,956314
WB,2025,Apr,4,2025-04-01,887086
WB,2025,May,5,2025-05-01,898691
WB,2025,Jun,6,2025-06-01,847096
WB,2025,Jul,7,2025-07-01,935661
WB,2025,Aug,8,2025-08-01,891005
WB,2025,Sep,9,2025-09-01,894058
WB,2025,Oct,10,2025-10-01,806536
WB,2025,Nov,11,2025-11-01,1097464
WB,2025,Dec,12,2025-12-01,1308089
WB,2026,Jan,1,2026-01-01,1162839
WB,2026,Feb,2,2026-02-01,1109872
WB,2026,Mar,3,2026-03-01,1036538
WB,2026,Apr,4,2026-04-01,879153
WB,2026,May,5,2026-05-01,897264
WB,2026,Jun,6,2026-06-01,1033310
WB,2026,Jul,7,2026-07-01,1056299
WB,2026,Aug,8,2026-08-01,239854
WB,2026,Sep,9,2026-09-01,271467
WB,2026,Oct,10,2026-10-01,292169
WB,2026,Nov,11,2026-11-01,259530
WB,2026,Dec,12,2026-12-01,226969
